i,suite,case,SKIP_WARMUP,SIZE,DISK_SIZE,SIM_SIZE,DISK_GEOMETRY,NO_FRUNCATE,FILE_COUNT,SIM_TIME,FS,FILE_SIZE,SEED,CHUNK,probe,n,bench_reads,bench_progs,bench_erases,bench_readed,bench_progged,bench_erased,bench_simtime,bench_runtime
12,bench_p26_wt,bench_p26_wt_linear,0,1024,134217728,0,1,0,16,3600000000000,2,64,42,64,write,1440204352,3121163,2812902,1406450,1469404772,1440205824,184346214400,3600001961324,69.658936
12,bench_p26_wt,bench_p26_wt_linear,0,1024,134217728,0,1,0,16,3600000000000,2,64,42,64,stack,1440204352,0,0,0,0,0,0,1856,69.659205
12,bench_p26_wt,bench_p26_wt_linear,0,1024,134217728,0,1,0,16,3600000000000,2,64,42,64,ctx,1440204352,0,0,0,0,0,0,400,69.659264
12,bench_p26_wt,bench_p26_wt_linear,0,1024,134217728,0,1,0,16,3600000000000,2,64,42,64,heap,1440204352,0,0,0,0,0,0,1552,69.659315
12,bench_p26_wt,bench_p26_wt_linear,0,1024,134217728,0,1,0,16,3600000000000,2,64,42,64,usage,1440204352,0,0,0,0,0,0,393216,69.659367
13,bench_p26_wt,bench_p26_wt_linear,0,2048,134217728,0,1,0,32,3600000000000,2,64,42,64,write,2342494784,4825881,4575188,1143797,2366242692,2342496256,149919760384,3600001470156,73.392949
13,bench_p26_wt,bench_p26_wt_linear,0,2048,134217728,0,1,0,32,3600000000000,2,64,42,64,stack,2342494784,0,0,0,0,0,0,1856,73.393083
13,bench_p26_wt,bench_p26_wt_linear,0,2048,134217728,0,1,0,32,3600000000000,2,64,42,64,ctx,2342494784,0,0,0,0,0,0,400,73.393143
13,bench_p26_wt,bench_p26_wt_linear,0,2048,134217728,0,1,0,32,3600000000000,2,64,42,64,heap,2342494784,0,0,0,0,0,0,1552,73.393195
13,bench_p26_wt,bench_p26_wt_linear,0,2048,134217728,0,1,0,32,3600000000000,2,64,42,64,usage,2342494784,0,0,0,0,0,0,393216,73.393245
14,bench_p26_wt,bench_p26_wt_linear,0,4096,134217728,0,1,0,64,3600000000000,2,64,42,64,write,3410991616,6844608,6662095,832762,3428281456,3410992640,109151780864,3600000415312,77.408130
14,bench_p26_wt,bench_p26_wt_linear,0,4096,134217728,0,1,0,64,3600000000000,2,64,42,64,stack,3410991616,0,0,0,0,0,0,1856,77.408271
14,bench_p26_wt,bench_p26_wt_linear,0,4096,134217728,0,1,0,64,3600000000000,2,64,42,64,ctx,3410991616,0,0,0,0,0,0,400,77.408328
14,bench_p26_wt,bench_p26_wt_linear,0,4096,134217728,0,1,0,64,3600000000000,2,64,42,64,heap,3410991616,0,0,0,0,0,0,1552,77.408378
14,bench_p26_wt,bench_p26_wt_linear,0,4096,134217728,0,1,0,64,3600000000000,2,64,42,64,usage,3410991616,0,0,0,0,0,0,393216,77.408438
15,bench_p26_wt,bench_p26_wt_linear,0,8192,134217728,0,1,0,128,3600000000000,2,64,42,64,write,4418773568,8748645,8630420,539402,4429974864,4418775040,70700498944,3600002651376,85.013232
15,bench_p26_wt,bench_p26_wt_linear,0,8192,134217728,0,1,0,128,3600000000000,2,64,42,64,stack,4418773568,0,0,0,0,0,0,1856,85.013365
15,bench_p26_wt,bench_p26_wt_linear,0,8192,134217728,0,1,0,128,3600000000000,2,64,42,64,ctx,4418773568,0,0,0,0,0,0,400,85.013430
15,bench_p26_wt,bench_p26_wt_linear,0,8192,134217728,0,1,0,128,3600000000000,2,64,42,64,heap,4418773568,0,0,0,0,0,0,1552,85.013480
15,bench_p26_wt,bench_p26_wt_linear,0,8192,134217728,0,1,0,128,3600000000000,2,64,42,64,usage,4418773568,0,0,0,0,0,0,393216,85.013527
16,bench_p26_wt,bench_p26_wt_linear,0,16384,134217728,0,1,0,256,3600000000000,2,64,42,64,write,5184683520,10195702,10126337,316448,5191256628,5184684544,41477472256,3600000595932,88.200305
16,bench_p26_wt,bench_p26_wt_linear,0,16384,134217728,0,1,0,256,3600000000000,2,64,42,64,stack,5184683520,0,0,0,0,0,0,1856,88.200421
16,bench_p26_wt,bench_p26_wt_linear,0,16384,134217728,0,1,0,256,3600000000000,2,64,42,64,ctx,5184683520,0,0,0,0,0,0,400,88.200478
16,bench_p26_wt,bench_p26_wt_linear,0,16384,134217728,0,1,0,256,3600000000000,2,64,42,64,heap,5184683520,0,0,0,0,0,0,1552,88.200540
16,bench_p26_wt,bench_p26_wt_linear,0,16384,134217728,0,1,0,256,3600000000000,2,64,42,64,usage,5184683520,0,0,0,0,0,0,393216,88.200589
17,bench_p26_wt,bench_p26_wt_linear,0,32768,134217728,0,1,0,512,3600000000000,2,64,42,64,write,5676652032,11125190,11087213,173238,5680252248,5676653056,22706651136,3600000328584,88.919239
17,bench_p26_wt,bench_p26_wt_linear,0,32768,134217728,0,1,0,512,3600000000000,2,64,42,64,stack,5676652032,0,0,0,0,0,0,1856,88.919346
17,bench_p26_wt,bench_p26_wt_linear,0,32768,134217728,0,1,0,512,3600000000000,2,64,42,64,ctx,5676652032,0,0,0,0,0,0,400,88.919416
17,bench_p26_wt,bench_p26_wt_linear,0,32768,134217728,0,1,0,512,3600000000000,2,64,42,64,heap,5676652032,0,0,0,0,0,0,1552,88.919466
17,bench_p26_wt,bench_p26_wt_linear,0,32768,134217728,0,1,0,512,3600000000000,2,64,42,64,usage,5676652032,0,0,0,0,0,0,393216,88.919512
21,bench_p26_wt,bench_p26_wt_linear,0,524288,134217728,0,1,0,8192,3600000000000,2,64,42,64,write,6065626112,11906233,11858498,57847,6072893764,6071550976,7582121984,3600000738316,89.297644
21,bench_p26_wt,bench_p26_wt_linear,0,524288,134217728,0,1,0,8192,3600000000000,2,64,42,64,stack,6065626112,0,0,0,0,0,0,1856,89.297736
21,bench_p26_wt,bench_p26_wt_linear,0,524288,134217728,0,1,0,8192,3600000000000,2,64,42,64,ctx,6065626112,0,0,0,0,0,0,400,89.297801
21,bench_p26_wt,bench_p26_wt_linear,0,524288,134217728,0,1,0,8192,3600000000000,2,64,42,64,heap,6065626112,0,0,0,0,0,0,1552,89.297854
21,bench_p26_wt,bench_p26_wt_linear,0,524288,134217728,0,1,0,8192,3600000000000,2,64,42,64,usage,6065626112,0,0,0,0,0,0,524288,89.297906
22,bench_p26_wt,bench_p26_wt_linear,0,1048576,134217728,0,1,0,16384,3600000000000,2,64,42,64,write,6087533568,11948346,11895522,52250,6091762632,6090507264,6848512000,3600000904152,89.285608
22,bench_p26_wt,bench_p26_wt_linear,0,1048576,134217728,0,1,0,16384,3600000000000,2,64,42,64,stack,6087533568,0,0,0,0,0,0,1856,89.285686
22,bench_p26_wt,bench_p26_wt_linear,0,1048576,134217728,0,1,0,16384,3600000000000,2,64,42,64,ctx,6087533568,0,0,0,0,0,0,400,89.285733
22,bench_p26_wt,bench_p26_wt_linear,0,1048576,134217728,0,1,0,16384,3600000000000,2,64,42,64,heap,6087533568,0,0,0,0,0,0,1552,89.285766
22,bench_p26_wt,bench_p26_wt_linear,0,1048576,134217728,0,1,0,16384,3600000000000,2,64,42,64,usage,6087533568,0,0,0,0,0,0,917504,89.285796
18,bench_p26_wt,bench_p26_wt_linear,0,65536,134217728,0,1,0,1024,3600000000000,2,64,42,64,write,5959391744,11659356,11639439,90934,5961281420,5959392768,11918901248,3600000332132,89.586710
18,bench_p26_wt,bench_p26_wt_linear,0,65536,134217728,0,1,0,1024,3600000000000,2,64,42,64,stack,5959391744,0,0,0,0,0,0,1856,89.586797
18,bench_p26_wt,bench_p26_wt_linear,0,65536,134217728,0,1,0,1024,3600000000000,2,64,42,64,ctx,5959391744,0,0,0,0,0,0,400,89.586849
18,bench_p26_wt,bench_p26_wt_linear,0,65536,134217728,0,1,0,1024,3600000000000,2,64,42,64,heap,5959391744,0,0,0,0,0,0,1552,89.586893
18,bench_p26_wt,bench_p26_wt_linear,0,65536,134217728,0,1,0,1024,3600000000000,2,64,42,64,usage,5959391744,0,0,0,0,0,0,393216,89.586938
19,bench_p26_wt,bench_p26_wt_linear,0,131072,134217728,0,1,0,2048,3600000000000,2,64,42,64,write,6111595008,11946940,11936711,46628,6112567092,6111596032,6111625216,3600000338652,90.457562
19,bench_p26_wt,bench_p26_wt_linear,0,131072,134217728,0,1,0,2048,3600000000000,2,64,42,64,stack,6111595008,0,0,0,0,0,0,1856,90.457658
19,bench_p26_wt,bench_p26_wt_linear,0,131072,134217728,0,1,0,2048,3600000000000,2,64,42,64,ctx,6111595008,0,0,0,0,0,0,400,90.457708
19,bench_p26_wt,bench_p26_wt_linear,0,131072,134217728,0,1,0,2048,3600000000000,2,64,42,64,heap,6111595008,0,0,0,0,0,0,1552,90.457754
19,bench_p26_wt,bench_p26_wt_linear,0,131072,134217728,0,1,0,2048,3600000000000,2,64,42,64,usage,6111595008,0,0,0,0,0,0,393216,90.457797
23,bench_p26_wt,bench_p26_wt_linear,0,2097152,134217728,0,1,0,32768,3600000000000,2,64,42,64,write,6098520064,11970011,11914082,49437,6101224852,6100009984,6479806464,3600000421372,90.575778
23,bench_p26_wt,bench_p26_wt_linear,0,2097152,134217728,0,1,0,32768,3600000000000,2,64,42,64,stack,6098520064,0,0,0,0,0,0,1856,90.575861
23,bench_p26_wt,bench_p26_wt_linear,0,2097152,134217728,0,1,0,32768,3600000000000,2,64,42,64,ctx,6098520064,0,0,0,0,0,0,400,90.575911
23,bench_p26_wt,bench_p26_wt_linear,0,2097152,134217728,0,1,0,32768,3600000000000,2,64,42,64,heap,6098520064,0,0,0,0,0,0,1552,90.575956
23,bench_p26_wt,bench_p26_wt_linear,0,2097152,134217728,0,1,0,32768,3600000000000,2,64,42,64,usage,6098520064,0,0,0,0,0,0,393216,90.575999
20,bench_p26_wt,bench_p26_wt_linear,0,262144,134217728,0,1,0,4096,3600000000000,2,64,42,64,write,6022259712,11823454,11785201,68920,6035548028,6034022912,9033482240,3600000468020,93.290515
20,bench_p26_wt,bench_p26_wt_linear,0,262144,134217728,0,1,0,4096,3600000000000,2,64,42,64,stack,6022259712,0,0,0,0,0,0,1856,93.290611
20,bench_p26_wt,bench_p26_wt_linear,0,262144,134217728,0,1,0,4096,3600000000000,2,64,42,64,ctx,6022259712,0,0,0,0,0,0,400,93.298987
20,bench_p26_wt,bench_p26_wt_linear,0,262144,134217728,0,1,0,4096,3600000000000,2,64,42,64,heap,6022259712,0,0,0,0,0,0,1552,93.299048
20,bench_p26_wt,bench_p26_wt_linear,0,262144,134217728,0,1,0,4096,3600000000000,2,64,42,64,usage,6022259712,0,0,0,0,0,0,393216,93.299092
25,bench_p26_wt,bench_p26_wt_linear,0,8388608,134217728,0,1,0,131072,3600000000000,2,64,42,64,write,6106635840,11989802,11927754,47317,6108223692,6107010048,6201933824,3600000725796,50.100517
25,bench_p26_wt,bench_p26_wt_linear,0,8388608,134217728,0,1,0,131072,3600000000000,2,64,42,64,stack,6106635840,0,0,0,0,0,0,1856,50.100605
25,bench_p26_wt,bench_p26_wt_linear,0,8388608,134217728,0,1,0,131072,3600000000000,2,64,42,64,ctx,6106635840,0,0,0,0,0,0,400,50.100646
25,bench_p26_wt,bench_p26_wt_linear,0,8388608,134217728,0,1,0,131072,3600000000000,2,64,42,64,heap,6106635840,0,0,0,0,0,0,1552,50.100679
25,bench_p26_wt,bench_p26_wt_linear,0,8388608,134217728,0,1,0,131072,3600000000000,2,64,42,64,usage,6106635840,0,0,0,0,0,0,8388608,50.100709
24,bench_p26_wt,bench_p26_wt_linear,0,4194304,134217728,0,1,0,65536,3600000000000,2,64,42,64,write,6103988672,11981866,11923310,48025,6105935504,6104734720,6294732800,3600000608432,55.326404
24,bench_p26_wt,bench_p26_wt_linear,0,4194304,134217728,0,1,0,65536,3600000000000,2,64,42,64,stack,6103988672,0,0,0,0,0,0,1856,55.326508
24,bench_p26_wt,bench_p26_wt_linear,0,4194304,134217728,0,1,0,65536,3600000000000,2,64,42,64,ctx,6103988672,0,0,0,0,0,0,400,55.326548
24,bench_p26_wt,bench_p26_wt_linear,0,4194304,134217728,0,1,0,65536,3600000000000,2,64,42,64,heap,6103988672,0,0,0,0,0,0,1552,55.326580
24,bench_p26_wt,bench_p26_wt_linear,0,4194304,134217728,0,1,0,65536,3600000000000,2,64,42,64,usage,6103988672,0,0,0,0,0,0,1572864,55.326609
26,bench_p26_wt,bench_p26_wt_linear,0,16777216,134217728,0,1,0,262144,3600000000000,2,64,42,64,write,6107561984,11998348,11929563,46962,6109194968,6107936256,6155403264,3600000835592,47.903500
26,bench_p26_wt,bench_p26_wt_linear,0,16777216,134217728,0,1,0,262144,3600000000000,2,64,42,64,stack,6107561984,0,0,0,0,0,0,1856,47.903576
26,bench_p26_wt,bench_p26_wt_linear,0,16777216,134217728,0,1,0,262144,3600000000000,2,64,42,64,ctx,6107561984,0,0,0,0,0,0,400,47.903610
26,bench_p26_wt,bench_p26_wt_linear,0,16777216,134217728,0,1,0,262144,3600000000000,2,64,42,64,heap,6107561984,0,0,0,0,0,0,1552,47.903638
26,bench_p26_wt,bench_p26_wt_linear,0,16777216,134217728,0,1,0,262144,3600000000000,2,64,42,64,usage,6107561984,0,0,0,0,0,0,1048576,47.903664
27,bench_p26_wt,bench_p26_wt_linear,0,33554432,134217728,0,1,0,524288,3600000000000,2,64,42,64,write,6107676160,12010393,11929786,46780,6109400564,6108050432,6131548160,3600000820508,44.483573
27,bench_p26_wt,bench_p26_wt_linear,0,33554432,134217728,0,1,0,524288,3600000000000,2,64,42,64,stack,6107676160,0,0,0,0,0,0,1856,44.483656
27,bench_p26_wt,bench_p26_wt_linear,0,33554432,134217728,0,1,0,524288,3600000000000,2,64,42,64,ctx,6107676160,0,0,0,0,0,0,400,44.483690
27,bench_p26_wt,bench_p26_wt_linear,0,33554432,134217728,0,1,0,524288,3600000000000,2,64,42,64,heap,6107676160,0,0,0,0,0,0,1552,44.483719
27,bench_p26_wt,bench_p26_wt_linear,0,33554432,134217728,0,1,0,524288,3600000000000,2,64,42,64,usage,6107676160,0,0,0,0,0,0,1048576,44.483747
28,bench_p26_wt,bench_p26_wt_random,0,1024,134217728,0,1,0,16,3600000000000,2,64,42,64,write,77349184,8562106,3622353,1207451,3964803686,1854644736,158263017472,3600003730322,108.050250
28,bench_p26_wt,bench_p26_wt_random,0,1024,134217728,0,1,0,16,3600000000000,2,64,42,64,stack,77349184,0,0,0,0,0,0,1840,108.050386
28,bench_p26_wt,bench_p26_wt_random,0,1024,134217728,0,1,0,16,3600000000000,2,64,42,64,ctx,77349184,0,0,0,0,0,0,384,108.050443
28,bench_p26_wt,bench_p26_wt_random,0,1024,134217728,0,1,0,16,3600000000000,2,64,42,64,heap,77349184,0,0,0,0,0,0,1552,108.050505
28,bench_p26_wt,bench_p26_wt_random,0,1024,134217728,0,1,0,16,3600000000000,2,64,42,64,usage,77349184,0,0,0,0,0,0,393216,108.050551
29,bench_p26_wt,bench_p26_wt_random,0,2048,134217728,0,1,0,32,3600000000000,2,64,42,64,write,63257920,11203876,4939587,987922,5267552523,2529068544,129488912384,3600001392081,164.968444
29,bench_p26_wt,bench_p26_wt_random,0,2048,134217728,0,1,0,32,3600000000000,2,64,42,64,stack,63257920,0,0,0,0,0,0,1840,164.968580
29,bench_p26_wt,bench_p26_wt_random,0,2048,134217728,0,1,0,32,3600000000000,2,64,42,64,ctx,63257920,0,0,0,0,0,0,384,164.968638
29,bench_p26_wt,bench_p26_wt_random,0,2048,134217728,0,1,0,32,3600000000000,2,64,42,64,heap,63257920,0,0,0,0,0,0,1552,164.968686
29,bench_p26_wt,bench_p26_wt_random,0,2048,134217728,0,1,0,32,3600000000000,2,64,42,64,usage,63257920,0,0,0,0,0,0,393216,164.968732
30,bench_p26_wt,bench_p26_wt_random,0,4096,134217728,0,1,0,64,3600000000000,2,64,42,64,write,46493760,14047049,6536404,726287,6847340824,3346638848,95195889664,3600003992776,238.646786
30,bench_p26_wt,bench_p26_wt_random,0,4096,134217728,0,1,0,64,3600000000000,2,64,42,64,stack,46493760,0,0,0,0,0,0,1840,238.646915
30,bench_p26_wt,bench_p26_wt_random,0,4096,134217728,0,1,0,64,3600000000000,2,64,42,64,ctx,46493760,0,0,0,0,0,0,384,238.646971
30,bench_p26_wt,bench_p26_wt_random,0,4096,134217728,0,1,0,64,3600000000000,2,64,42,64,heap,46493760,0,0,0,0,0,0,1552,238.647022
30,bench_p26_wt,bench_p26_wt_random,0,4096,134217728,0,1,0,64,3600000000000,2,64,42,64,usage,46493760,0,0,0,0,0,0,393216,238.647069
31,bench_p26_wt,bench_p26_wt_random,0,8192,134217728,0,1,0,128,3600000000000,2,64,42,64,write,30390080,16779488,8071337,474799,8365767627,4132524544,62232854528,3600005043729,332.074627
31,bench_p26_wt,bench_p26_wt_random,0,8192,134217728,0,1,0,128,3600000000000,2,64,42,64,stack,30390080,0,0,0,0,0,0,1840,332.074756
31,bench_p26_wt,bench_p26_wt_random,0,8192,134217728,0,1,0,128,3600000000000,2,64,42,64,ctx,30390080,0,0,0,0,0,0,384,332.074812
31,bench_p26_wt,bench_p26_wt_random,0,8192,134217728,0,1,0,128,3600000000000,2,64,42,64,heap,30390080,0,0,0,0,0,0,1552,332.074860
31,bench_p26_wt,bench_p26_wt_random,0,8192,134217728,0,1,0,128,3600000000000,2,64,42,64,usage,30390080,0,0,0,0,0,0,393216,332.074905
32,bench_p26_wt,bench_p26_wt_random,0,16384,134217728,0,1,0,256,3600000000000,2,64,42,64,write,17955072,18890273,9256993,280534,9538718791,4739580416,36770152448,3600002563909,367.751674
32,bench_p26_wt,bench_p26_wt_random,0,16384,134217728,0,1,0,256,3600000000000,2,64,42,64,stack,17955072,0,0,0,0,0,0,1840,367.751801
32,bench_p26_wt,bench_p26_wt_random,0,16384,134217728,0,1,0,256,3600000000000,2,64,42,64,ctx,17955072,0,0,0,0,0,0,384,367.751857
32,bench_p26_wt,bench_p26_wt_random,0,16384,134217728,0,1,0,256,3600000000000,2,64,42,64,heap,17955072,0,0,0,0,0,0,1552,367.751905
32,bench_p26_wt,bench_p26_wt_random,0,16384,134217728,0,1,0,256,3600000000000,2,64,42,64,usage,17955072,0,0,0,0,0,0,393216,367.751951
33,bench_p26_wt,bench_p26_wt_random,0,32768,134217728,0,1,0,512,3600000000000,2,64,42,64,write,9874240,20262194,10027630,154282,10301083698,5134146560,20222050304,3600027330486,400.782909
33,bench_p26_wt,bench_p26_wt_random,0,32768,134217728,0,1,0,512,3600000000000,2,64,42,64,stack,9874240,0,0,0,0,0,0,1840,400.791370
33,bench_p26_wt,bench_p26_wt_random,0,32768,134217728,0,1,0,512,3600000000000,2,64,42,64,ctx,9874240,0,0,0,0,0,0,384,400.791436
33,bench_p26_wt,bench_p26_wt_random,0,32768,134217728,0,1,0,512,3600000000000,2,64,42,64,heap,9874240,0,0,0,0,0,0,1552,400.791488
33,bench_p26_wt,bench_p26_wt_random,0,32768,134217728,0,1,0,512,3600000000000,2,64,42,64,usage,9874240,0,0,0,0,0,0,393216,400.791544
35,bench_p26_wt,bench_p26_wt_random,0,131072,134217728,0,1,0,2048,3600000000000,2,64,42,64,write,2611136,21101568,10480042,79824,10741208719,5365781504,10462691328,3600066693277,414.557661
35,bench_p26_wt,bench_p26_wt_random,0,131072,134217728,0,1,0,2048,3600000000000,2,64,42,64,stack,2611136,0,0,0,0,0,0,1840,414.557788
35,bench_p26_wt,bench_p26_wt_random,0,131072,134217728,0,1,0,2048,3600000000000,2,64,42,64,ctx,2611136,0,0,0,0,0,0,384,414.557843
35,bench_p26_wt,bench_p26_wt_random,0,131072,134217728,0,1,0,2048,3600000000000,2,64,42,64,heap,2611136,0,0,0,0,0,0,1552,414.557893
35,bench_p26_wt,bench_p26_wt_random,0,131072,134217728,0,1,0,2048,3600000000000,2,64,42,64,usage,2611136,0,0,0,0,0,0,524288,414.557940
34,bench_p26_wt,bench_p26_wt_random,0,65536,134217728,0,1,0,1024,3600000000000,2,64,42,64,write,5197248,21056090,10473617,81207,10742209582,5362491904,10643963904,3600019303786,448.446073
34,bench_p26_wt,bench_p26_wt_random,0,65536,134217728,0,1,0,1024,3600000000000,2,64,42,64,stack,5197248,0,0,0,0,0,0,1840,448.446182
34,bench_p26_wt,bench_p26_wt_random,0,65536,134217728,0,1,0,1024,3600000000000,2,64,42,64,ctx,5197248,0,0,0,0,0,0,384,448.446235
34,bench_p26_wt,bench_p26_wt_random,0,65536,134217728,0,1,0,1024,3600000000000,2,64,42,64,heap,5197248,0,0,0,0,0,0,1552,448.446281
34,bench_p26_wt,bench_p26_wt_random,0,65536,134217728,0,1,0,1024,3600000000000,2,64,42,64,usage,5197248,0,0,0,0,0,0,393216,448.446325
38,bench_p26_wt,bench_p26_wt_random,0,1048576,134217728,0,1,0,16384,3600000000000,2,64,42,64,write,592960,21495547,10678463,47049,10937066201,5467373056,6166806528,3600539058203,457.579444
38,bench_p26_wt,bench_p26_wt_random,0,1048576,134217728,0,1,0,16384,3600000000000,2,64,42,64,stack,592960,0,0,0,0,0,0,1840,457.579556
38,bench_p26_wt,bench_p26_wt_random,0,1048576,134217728,0,1,0,16384,3600000000000,2,64,42,64,ctx,592960,0,0,0,0,0,0,384,457.579611
38,bench_p26_wt,bench_p26_wt_random,0,1048576,134217728,0,1,0,16384,3600000000000,2,64,42,64,heap,592960,0,0,0,0,0,0,1552,457.579658
38,bench_p26_wt,bench_p26_wt_random,0,1048576,134217728,0,1,0,16384,3600000000000,2,64,42,64,usage,592960,0,0,0,0,0,0,1441792,457.579702
37,bench_p26_wt,bench_p26_wt_random,0,524288,134217728,0,1,0,8192,3600000000000,2,64,42,64,write,1061696,21402677,10635291,54163,10894837269,5445268992,7099252736,3600234268047,464.793855
37,bench_p26_wt,bench_p26_wt_random,0,524288,134217728,0,1,0,8192,3600000000000,2,64,42,64,stack,1061696,0,0,0,0,0,0,1840,464.793969
37,bench_p26_wt,bench_p26_wt_random,0,524288,134217728,0,1,0,8192,3600000000000,2,64,42,64,ctx,1061696,0,0,0,0,0,0,384,464.794020
37,bench_p26_wt,bench_p26_wt_random,0,524288,134217728,0,1,0,8192,3600000000000,2,64,42,64,heap,1061696,0,0,0,0,0,0,1552,464.794065
37,bench_p26_wt,bench_p26_wt_random,0,524288,134217728,0,1,0,8192,3600000000000,2,64,42,64,usage,1061696,0,0,0,0,0,0,917504,464.794108
36,bench_p26_wt,bench_p26_wt_random,0,262144,134217728,0,1,0,4096,3600000000000,2,64,42,64,write,1758208,21254308,10558372,66865,10818666856,5405886464,8764129280,3600146920120,471.081731
36,bench_p26_wt,bench_p26_wt_random,0,262144,134217728,0,1,0,4096,3600000000000,2,64,42,64,stack,1758208,0,0,0,0,0,0,1840,471.081840
36,bench_p26_wt,bench_p26_wt_random,0,262144,134217728,0,1,0,4096,3600000000000,2,64,42,64,ctx,1758208,0,0,0,0,0,0,384,471.081891
36,bench_p26_wt,bench_p26_wt_random,0,262144,134217728,0,1,0,4096,3600000000000,2,64,42,64,heap,1758208,0,0,0,0,0,0,1552,471.081950
36,bench_p26_wt,bench_p26_wt_random,0,262144,134217728,0,1,0,4096,3600000000000,2,64,42,64,usage,1758208,0,0,0,0,0,0,655360,471.081995
39,bench_p26_wt,bench_p26_wt_random,0,2097152,134217728,0,1,0,32768,3600000000000,2,64,42,64,write,318016,21571114,10701957,43010,10959339403,5479401984,5637406720,3600977053009,481.338788
39,bench_p26_wt,bench_p26_wt_random,0,2097152,134217728,0,1,0,32768,3600000000000,2,64,42,64,stack,318016,0,0,0,0,0,0,1840,481.338903
39,bench_p26_wt,bench_p26_wt_random,0,2097152,134217728,0,1,0,32768,3600000000000,2,64,42,64,ctx,318016,0,0,0,0,0,0,384,481.338969
39,bench_p26_wt,bench_p26_wt_random,0,2097152,134217728,0,1,0,32768,3600000000000,2,64,42,64,heap,318016,0,0,0,0,0,0,1552,481.339014
39,bench_p26_wt,bench_p26_wt_random,0,2097152,134217728,0,1,0,32768,3600000000000,2,64,42,64,usage,318016,0,0,0,0,0,0,2490368,481.339059
40,bench_p26_wt,bench_p26_wt_random,0,4194304,134217728,0,1,0,65536,3600000000000,2,64,42,64,write,164096,21646544,10714076,42018,10969433183,5485606912,5507383296,3604218149645,438.080867
40,bench_p26_wt,bench_p26_wt_random,0,4194304,134217728,0,1,0,65536,3600000000000,2,64,42,64,stack,164096,0,0,0,0,0,0,1840,438.080957
40,bench_p26_wt,bench_p26_wt_random,0,4194304,134217728,0,1,0,65536,3600000000000,2,64,42,64,ctx,164096,0,0,0,0,0,0,384,438.081000
40,bench_p26_wt,bench_p26_wt_random,0,4194304,134217728,0,1,0,65536,3600000000000,2,64,42,64,heap,164096,0,0,0,0,0,0,1552,438.081037
40,bench_p26_wt,bench_p26_wt_random,0,4194304,134217728,0,1,0,65536,3600000000000,2,64,42,64,usage,164096,0,0,0,0,0,0,4456448,438.081072
41,bench_p26_wt,bench_p26_wt_random,0,8388608,134217728,0,1,0,131072,3600000000000,2,64,42,64,write,83456,21695053,10712894,41972,10964073454,5485001728,5501353984,3604911204010,391.764859
41,bench_p26_wt,bench_p26_wt_random,0,8388608,134217728,0,1,0,131072,3600000000000,2,64,42,64,stack,83456,0,0,0,0,0,0,1840,391.764941
41,bench_p26_wt,bench_p26_wt_random,0,8388608,134217728,0,1,0,131072,3600000000000,2,64,42,64,ctx,83456,0,0,0,0,0,0,384,391.764979
41,bench_p26_wt,bench_p26_wt_random,0,8388608,134217728,0,1,0,131072,3600000000000,2,64,42,64,heap,83456,0,0,0,0,0,0,1552,391.765009
41,bench_p26_wt,bench_p26_wt_random,0,8388608,134217728,0,1,0,131072,3600000000000,2,64,42,64,usage,83456,0,0,0,0,0,0,8650752,391.765037
42,bench_p26_wt,bench_p26_wt_random,0,16777216,134217728,0,1,0,262144,3600000000000,2,64,42,64,write,42432,21760014,10729661,42142,10973023514,5493586432,5523636224,3611364415214,329.419452
42,bench_p26_wt,bench_p26_wt_random,0,16777216,134217728,0,1,0,262144,3600000000000,2,64,42,64,stack,42432,0,0,0,0,0,0,1840,329.419542
42,bench_p26_wt,bench_p26_wt_random,0,16777216,134217728,0,1,0,262144,3600000000000,2,64,42,64,ctx,42432,0,0,0,0,0,0,384,329.419576
42,bench_p26_wt,bench_p26_wt_random,0,16777216,134217728,0,1,0,262144,3600000000000,2,64,42,64,heap,42432,0,0,0,0,0,0,1552,329.419605
42,bench_p26_wt,bench_p26_wt_random,0,16777216,134217728,0,1,0,262144,3600000000000,2,64,42,64,usage,42432,0,0,0,0,0,0,17039360,329.419633
43,bench_p26_wt,bench_p26_wt_random,0,33554432,134217728,0,1,0,524288,3600000000000,2,64,42,64,write,20736,21859631,10754051,42282,10982048642,5506074112,5541986304,3620590584998,290.702307
43,bench_p26_wt,bench_p26_wt_random,0,33554432,134217728,0,1,0,524288,3600000000000,2,64,42,64,stack,20736,0,0,0,0,0,0,1840,290.702384
43,bench_p26_wt,bench_p26_wt_random,0,33554432,134217728,0,1,0,524288,3600000000000,2,64,42,64,ctx,20736,0,0,0,0,0,0,384,290.702418
43,bench_p26_wt,bench_p26_wt_random,0,33554432,134217728,0,1,0,524288,3600000000000,2,64,42,64,heap,20736,0,0,0,0,0,0,1552,290.702446
43,bench_p26_wt,bench_p26_wt_random,0,33554432,134217728,0,1,0,524288,3600000000000,2,64,42,64,usage,20736,0,0,0,0,0,0,33554432,290.702472
47,bench_p26_wt,bench_p26_wt_many,0,8192,134217728,0,1,0,128,3600000000000,2,64,42,64,write,4473728,141241995,76263,298,5708543922,39046656,39059456,3600008150070,48.151738
47,bench_p26_wt,bench_p26_wt_many,0,8192,134217728,0,1,0,128,3600000000000,2,64,42,64,stack,4473728,0,0,0,0,0,0,2272,48.151882
47,bench_p26_wt,bench_p26_wt_many,0,8192,134217728,0,1,0,128,3600000000000,2,64,42,64,ctx,4473728,0,0,0,0,0,0,640,48.151937
47,bench_p26_wt,bench_p26_wt_many,0,8192,134217728,0,1,0,128,3600000000000,2,64,42,64,heap,4473728,0,0,0,0,0,0,1552,48.151982
47,bench_p26_wt,bench_p26_wt_many,0,8192,134217728,0,1,0,128,3600000000000,2,64,42,64,usage,4473728,0,0,0,0,0,0,524288,48.152024
49,bench_p26_wt,bench_p26_wt_many,0,32768,134217728,0,1,0,512,3600000000000,2,64,42,64,write,2614528,141258374,47191,187,6095690582,24161792,24510464,3600001605986,53.992755
49,bench_p26_wt,bench_p26_wt_many,0,32768,134217728,0,1,0,512,3600000000000,2,64,42,64,stack,2614528,0,0,0,0,0,0,2288,53.992862
49,bench_p26_wt,bench_p26_wt_many,0,32768,134217728,0,1,0,512,3600000000000,2,64,42,64,ctx,2614528,0,0,0,0,0,0,640,53.992912
49,bench_p26_wt,bench_p26_wt_many,0,32768,134217728,0,1,0,512,3600000000000,2,64,42,64,heap,2614528,0,0,0,0,0,0,1552,53.992979
49,bench_p26_wt,bench_p26_wt_many,0,32768,134217728,0,1,0,512,3600000000000,2,64,42,64,usage,2614528,0,0,0,0,0,0,1048576,53.993022
48,bench_p26_wt,bench_p26_wt_many,0,16384,134217728,0,1,0,256,3600000000000,2,64,42,64,write,4118272,140086587,70530,279,7617909542,36111360,36569088,3606365239250,54.305039
48,bench_p26_wt,bench_p26_wt_many,0,16384,134217728,0,1,0,256,3600000000000,2,64,42,64,stack,4118272,0,0,0,0,0,0,2272,54.305143
48,bench_p26_wt,bench_p26_wt_many,0,16384,134217728,0,1,0,256,3600000000000,2,64,42,64,ctx,4118272,0,0,0,0,0,0,640,54.305193
48,bench_p26_wt,bench_p26_wt_many,0,16384,134217728,0,1,0,256,3600000000000,2,64,42,64,heap,4118272,0,0,0,0,0,0,1552,54.305260
48,bench_p26_wt,bench_p26_wt_many,0,16384,134217728,0,1,0,256,3600000000000,2,64,42,64,usage,4118272,0,0,0,0,0,0,786432,54.305319
46,bench_p26_wt,bench_p26_wt_many,0,4096,134217728,0,1,0,64,3600000000000,2,64,42,64,write,8529664,137459443,138765,543,9847936156,71047680,71172096,3602402813332,57.396693
46,bench_p26_wt,bench_p26_wt_many,0,4096,134217728,0,1,0,64,3600000000000,2,64,42,64,stack,8529664,0,0,0,0,0,0,2272,57.396792
46,bench_p26_wt,bench_p26_wt_many,0,4096,134217728,0,1,0,64,3600000000000,2,64,42,64,ctx,8529664,0,0,0,0,0,0,640,57.396842
46,bench_p26_wt,bench_p26_wt_many,0,4096,134217728,0,1,0,64,3600000000000,2,64,42,64,heap,8529664,0,0,0,0,0,0,1552,57.396886
46,bench_p26_wt,bench_p26_wt_many,0,4096,134217728,0,1,0,64,3600000000000,2,64,42,64,usage,8529664,0,0,0,0,0,0,524288,57.396929
55,bench_p26_wt,bench_p26_wt_many,0,2097152,134217728,0,1,0,32768,3600000000000,2,64,42,64,write,638976,139906889,22822,133,8661037096,11684864,17432576,3609097123576,61.288690
55,bench_p26_wt,bench_p26_wt_many,0,2097152,134217728,0,1,0,32768,3600000000000,2,64,42,64,stack,638976,0,0,0,0,0,0,2288,61.288815
55,bench_p26_wt,bench_p26_wt_many,0,2097152,134217728,0,1,0,32768,3600000000000,2,64,42,64,ctx,638976,0,0,0,0,0,0,640,61.288867
55,bench_p26_wt,bench_p26_wt_many,0,2097152,134217728,0,1,0,32768,3600000000000,2,64,42,64,heap,638976,0,0,0,0,0,0,1552,61.288914
55,bench_p26_wt,bench_p26_wt_many,0,2097152,134217728,0,1,0,32768,3600000000000,2,64,42,64,usage,638976,0,0,0,0,0,0,8912896,61.288959
45,bench_p26_wt,bench_p26_wt_many,0,2048,134217728,0,1,0,32,3600000000000,2,64,42,64,write,14291712,131868116,227793,890,15701776168,116630016,116654080,3600005795320,61.705160
45,bench_p26_wt,bench_p26_wt_many,0,2048,134217728,0,1,0,32,3600000000000,2,64,42,64,stack,14291712,0,0,0,0,0,0,2272,61.705288
45,bench_p26_wt,bench_p26_wt_many,0,2048,134217728,0,1,0,32,3600000000000,2,64,42,64,ctx,14291712,0,0,0,0,0,0,640,61.705340
45,bench_p26_wt,bench_p26_wt_many,0,2048,134217728,0,1,0,32,3600000000000,2,64,42,64,heap,14291712,0,0,0,0,0,0,1552,61.705383
45,bench_p26_wt,bench_p26_wt_many,0,2048,134217728,0,1,0,32,3600000000000,2,64,42,64,usage,14291712,0,0,0,0,0,0,524288,61.705424
50,bench_p26_wt,bench_p26_wt_many,0,65536,134217728,0,1,0,1024,3600000000000,2,64,42,64,write,2369536,139729060,43466,174,9134539494,22254592,22806528,3619162805010,69.321971
50,bench_p26_wt,bench_p26_wt_many,0,65536,134217728,0,1,0,1024,3600000000000,2,64,42,64,stack,2369536,0,0,0,0,0,0,2272,69.322095
50,bench_p26_wt,bench_p26_wt_many,0,65536,134217728,0,1,0,1024,3600000000000,2,64,42,64,ctx,2369536,0,0,0,0,0,0,640,69.322151
50,bench_p26_wt,bench_p26_wt_many,0,65536,134217728,0,1,0,1024,3600000000000,2,64,42,64,heap,2369536,0,0,0,0,0,0,1552,69.322197
50,bench_p26_wt,bench_p26_wt_many,0,65536,134217728,0,1,0,1024,3600000000000,2,64,42,64,usage,2369536,0,0,0,0,0,0,1572864,69.322241
54,bench_p26_wt,bench_p26_wt_many,0,1048576,134217728,0,1,0,16384,3600000000000,2,64,42,64,write,751104,138377908,23812,125,10585472598,12191744,16384000,3608326420578,69.974805
54,bench_p26_wt,bench_p26_wt_many,0,1048576,134217728,0,1,0,16384,3600000000000,2,64,42,64,stack,751104,0,0,0,0,0,0,2288,69.975059
54,bench_p26_wt,bench_p26_wt_many,0,1048576,134217728,0,1,0,16384,3600000000000,2,64,42,64,ctx,751104,0,0,0,0,0,0,640,69.975120
54,bench_p26_wt,bench_p26_wt_many,0,1048576,134217728,0,1,0,16384,3600000000000,2,64,42,64,heap,751104,0,0,0,0,0,0,1552,69.975184
54,bench_p26_wt,bench_p26_wt_many,0,1048576,134217728,0,1,0,16384,3600000000000,2,64,42,64,usage,751104,0,0,0,0,0,0,9175040,69.975230
53,bench_p26_wt,bench_p26_wt_many,0,524288,134217728,0,1,0,8192,3600000000000,2,64,42,64,write,860096,138021960,23756,123,10609295052,12163072,16121856,3600012800292,71.493147
53,bench_p26_wt,bench_p26_wt_many,0,524288,134217728,0,1,0,8192,3600000000000,2,64,42,64,stack,860096,0,0,0,0,0,0,2288,71.493247
53,bench_p26_wt,bench_p26_wt_many,0,524288,134217728,0,1,0,8192,3600000000000,2,64,42,64,ctx,860096,0,0,0,0,0,0,640,71.493297
53,bench_p26_wt,bench_p26_wt_many,0,524288,134217728,0,1,0,8192,3600000000000,2,64,42,64,heap,860096,0,0,0,0,0,0,1552,71.493342
53,bench_p26_wt,bench_p26_wt_many,0,524288,134217728,0,1,0,8192,3600000000000,2,64,42,64,usage,860096,0,0,0,0,0,0,8650752,71.493383
52,bench_p26_wt,bench_p26_wt_many,0,262144,134217728,0,1,0,4096,3600000000000,2,64,42,64,write,1175616,137749241,26373,120,11687713552,13502976,15728640,3614473842736,77.582924
52,bench_p26_wt,bench_p26_wt_many,0,262144,134217728,0,1,0,4096,3600000000000,2,64,42,64,stack,1175616,0,0,0,0,0,0,2288,77.583028
52,bench_p26_wt,bench_p26_wt_many,0,262144,134217728,0,1,0,4096,3600000000000,2,64,42,64,ctx,1175616,0,0,0,0,0,0,640,77.583078
52,bench_p26_wt,bench_p26_wt_many,0,262144,134217728,0,1,0,4096,3600000000000,2,64,42,64,heap,1175616,0,0,0,0,0,0,1552,77.583122
52,bench_p26_wt,bench_p26_wt_many,0,262144,134217728,0,1,0,4096,3600000000000,2,64,42,64,usage,1175616,0,0,0,0,0,0,6029312,77.583165
51,bench_p26_wt,bench_p26_wt_many,0,131072,134217728,0,1,0,2048,3600000000000,2,64,42,64,write,1802048,136889470,34855,143,11922037816,17845760,18743296,3600043282984,77.965138
51,bench_p26_wt,bench_p26_wt_many,0,131072,134217728,0,1,0,2048,3600000000000,2,64,42,64,stack,1802048,0,0,0,0,0,0,2288,77.965239
51,bench_p26_wt,bench_p26_wt_many,0,131072,134217728,0,1,0,2048,3600000000000,2,64,42,64,ctx,1802048,0,0,0,0,0,0,640,77.965291
51,bench_p26_wt,bench_p26_wt_many,0,131072,134217728,0,1,0,2048,3600000000000,2,64,42,64,heap,1802048,0,0,0,0,0,0,1552,77.965337
51,bench_p26_wt,bench_p26_wt_many,0,131072,134217728,0,1,0,2048,3600000000000,2,64,42,64,usage,1802048,0,0,0,0,0,0,2883584,77.965380
44,bench_p26_wt,bench_p26_wt_many,0,1024,134217728,0,1,0,16,3600000000000,2,64,42,64,write,20911424,125544683,329341,1287,22452351648,168622592,168689664,3600002809824,80.412936
44,bench_p26_wt,bench_p26_wt_many,0,1024,134217728,0,1,0,16,3600000000000,2,64,42,64,stack,20911424,0,0,0,0,0,0,2272,80.413032
44,bench_p26_wt,bench_p26_wt_many,0,1024,134217728,0,1,0,16,3600000000000,2,64,42,64,ctx,20911424,0,0,0,0,0,0,640,80.413081
44,bench_p26_wt,bench_p26_wt_many,0,1024,134217728,0,1,0,16,3600000000000,2,64,42,64,heap,20911424,0,0,0,0,0,0,1552,80.413126
44,bench_p26_wt,bench_p26_wt_many,0,1024,134217728,0,1,0,16,3600000000000,2,64,42,64,usage,20911424,0,0,0,0,0,0,524288,80.413167
59,bench_p26_wt,bench_p26_wt_many,0,33554432,134217728,0,1,0,524288,3600000000000,2,64,42,64,write,544640,141998984,20093,121,7041384666,10287616,15859712,3629007056430,37.052772
59,bench_p26_wt,bench_p26_wt_many,0,33554432,134217728,0,1,0,524288,3600000000000,2,64,42,64,stack,544640,0,0,0,0,0,0,2288,37.052926
59,bench_p26_wt,bench_p26_wt_many,0,33554432,134217728,0,1,0,524288,3600000000000,2,64,42,64,ctx,544640,0,0,0,0,0,0,640,37.052980
59,bench_p26_wt,bench_p26_wt_many,0,33554432,134217728,0,1,0,524288,3600000000000,2,64,42,64,heap,544640,0,0,0,0,0,0,1552,37.053024
59,bench_p26_wt,bench_p26_wt_many,0,33554432,134217728,0,1,0,524288,3600000000000,2,64,42,64,usage,544640,0,0,0,0,0,0,12845056,37.053067
58,bench_p26_wt,bench_p26_wt_many,0,16777216,134217728,0,1,0,262144,3600000000000,2,64,42,64,write,540992,141265809,19888,120,6884080322,10182656,15728640,3607944584294,34.623287
58,bench_p26_wt,bench_p26_wt_many,0,16777216,134217728,0,1,0,262144,3600000000000,2,64,42,64,stack,540992,0,0,0,0,0,0,2288,34.623390
58,bench_p26_wt,bench_p26_wt_many,0,16777216,134217728,0,1,0,262144,3600000000000,2,64,42,64,ctx,540992,0,0,0,0,0,0,640,34.623455
58,bench_p26_wt,bench_p26_wt_many,0,16777216,134217728,0,1,0,262144,3600000000000,2,64,42,64,heap,540992,0,0,0,0,0,0,1552,34.623502
58,bench_p26_wt,bench_p26_wt_many,0,16777216,134217728,0,1,0,262144,3600000000000,2,64,42,64,usage,540992,0,0,0,0,0,0,12845056,34.623546
57,bench_p26_wt,bench_p26_wt_many,0,8388608,134217728,0,1,0,131072,3600000000000,2,64,42,64,write,558656,141324814,20185,117,7211090548,10334720,15335424,3615679083676,33.310151
57,bench_p26_wt,bench_p26_wt_many,0,8388608,134217728,0,1,0,131072,3600000000000,2,64,42,64,stack,558656,0,0,0,0,0,0,2288,33.310248
57,bench_p26_wt,bench_p26_wt_many,0,8388608,134217728,0,1,0,131072,3600000000000,2,64,42,64,ctx,558656,0,0,0,0,0,0,640,33.310296
57,bench_p26_wt,bench_p26_wt_many,0,8388608,134217728,0,1,0,131072,3600000000000,2,64,42,64,heap,558656,0,0,0,0,0,0,1552,33.310340
57,bench_p26_wt,bench_p26_wt_many,0,8388608,134217728,0,1,0,131072,3600000000000,2,64,42,64,usage,558656,0,0,0,0,0,0,12845056,33.310380
56,bench_p26_wt,bench_p26_wt_many,0,4194304,134217728,0,1,0,65536,3600000000000,2,64,42,64,write,602432,140268906,21505,119,7734930152,11010560,15597568,3600028624184,25.181524
56,bench_p26_wt,bench_p26_wt_many,0,4194304,134217728,0,1,0,65536,3600000000000,2,64,42,64,stack,602432,0,0,0,0,0,0,2288,25.181622
56,bench_p26_wt,bench_p26_wt_many,0,4194304,134217728,0,1,0,65536,3600000000000,2,64,42,64,ctx,602432,0,0,0,0,0,0,640,25.181665
56,bench_p26_wt,bench_p26_wt_many,0,4194304,134217728,0,1,0,65536,3600000000000,2,64,42,64,heap,602432,0,0,0,0,0,0,1552,25.181698
56,bench_p26_wt,bench_p26_wt_many,0,4194304,134217728,0,1,0,65536,3600000000000,2,64,42,64,usage,602432,0,0,0,0,0,0,11534336,25.181730
61,bench_p26_wt,bench_p26_wt_logging,0,2048,134217728,0,1,0,32,3600000000000,2,64,42,64,write,40757632,79944091,2129713,486944,6589234393,1090413056,63824723968,3600111712795,74.285644
61,bench_p26_wt,bench_p26_wt_logging,0,2048,134217728,0,1,0,32,3600000000000,2,64,42,64,stack,40757632,0,0,0,0,0,0,2000,74.285780
61,bench_p26_wt,bench_p26_wt_logging,0,2048,134217728,0,1,0,32,3600000000000,2,64,42,64,ctx,40757632,0,0,0,0,0,0,400,74.285838
61,bench_p26_wt,bench_p26_wt_logging,0,2048,134217728,0,1,0,32,3600000000000,2,64,42,64,heap,40757632,0,0,0,0,0,0,1552,74.285885
61,bench_p26_wt,bench_p26_wt_logging,0,2048,134217728,0,1,0,32,3600000000000,2,64,42,64,usage,40757632,0,0,0,0,0,0,655360,74.285930
60,bench_p26_wt,bench_p26_wt_logging,0,1024,134217728,0,1,0,16,3600000000000,2,64,42,64,write,35206144,104753526,1203782,280708,8486474813,616336384,36792958976,3600042607751,81.347173
60,bench_p26_wt,bench_p26_wt_logging,0,1024,134217728,0,1,0,16,3600000000000,2,64,42,64,stack,35206144,0,0,0,0,0,0,1904,81.347290
60,bench_p26_wt,bench_p26_wt_logging,0,1024,134217728,0,1,0,16,3600000000000,2,64,42,64,ctx,35206144,0,0,0,0,0,0,400,81.347347
60,bench_p26_wt,bench_p26_wt_logging,0,1024,134217728,0,1,0,16,3600000000000,2,64,42,64,heap,35206144,0,0,0,0,0,0,1552,81.347394
60,bench_p26_wt,bench_p26_wt_logging,0,1024,134217728,0,1,0,16,3600000000000,2,64,42,64,usage,35206144,0,0,0,0,0,0,655360,81.347439
62,bench_p26_wt,bench_p26_wt_logging,0,4096,134217728,0,1,0,64,3600000000000,2,64,42,64,write,40014528,61014694,3390247,563689,5904838918,1735806464,73883844608,3600000605554,141.102138
62,bench_p26_wt,bench_p26_wt_logging,0,4096,134217728,0,1,0,64,3600000000000,2,64,42,64,stack,40014528,0,0,0,0,0,0,2016,141.102254
62,bench_p26_wt,bench_p26_wt_logging,0,4096,134217728,0,1,0,64,3600000000000,2,64,42,64,ctx,40014528,0,0,0,0,0,0,400,141.102310
62,bench_p26_wt,bench_p26_wt_logging,0,4096,134217728,0,1,0,64,3600000000000,2,64,42,64,heap,40014528,0,0,0,0,0,0,1552,141.102359
62,bench_p26_wt,bench_p26_wt_logging,0,4096,134217728,0,1,0,64,3600000000000,2,64,42,64,usage,40014528,0,0,0,0,0,0,786432,141.102406
63,bench_p26_wt,bench_p26_wt_logging,0,8192,134217728,0,1,0,128,3600000000000,2,64,42,64,write,34298752,47158279,5070345,510861,6353894378,2596016640,66959572992,3600259889246,222.229540
63,bench_p26_wt,bench_p26_wt_logging,0,8192,134217728,0,1,0,128,3600000000000,2,64,42,64,stack,34298752,0,0,0,0,0,0,1904,222.229693
63,bench_p26_wt,bench_p26_wt_logging,0,8192,134217728,0,1,0,128,3600000000000,2,64,42,64,ctx,34298752,0,0,0,0,0,0,400,222.229753
63,bench_p26_wt,bench_p26_wt_logging,0,8192,134217728,0,1,0,128,3600000000000,2,64,42,64,heap,34298752,0,0,0,0,0,0,1552,222.229818
63,bench_p26_wt,bench_p26_wt_logging,0,8192,134217728,0,1,0,128,3600000000000,2,64,42,64,usage,34298752,0,0,0,0,0,0,786432,222.229869
64,bench_p26_wt,bench_p26_wt_logging,0,16384,134217728,0,1,0,256,3600000000000,2,64,42,64,write,25162304,37459131,6871966,382688,7535740899,3518446592,50159681536,3600022325721,325.257766
64,bench_p26_wt,bench_p26_wt_logging,0,16384,134217728,0,1,0,256,3600000000000,2,64,42,64,stack,25162304,0,0,0,0,0,0,2016,325.257883
64,bench_p26_wt,bench_p26_wt_logging,0,16384,134217728,0,1,0,256,3600000000000,2,64,42,64,ctx,25162304,0,0,0,0,0,0,400,325.257941
64,bench_p26_wt,bench_p26_wt_logging,0,16384,134217728,0,1,0,256,3600000000000,2,64,42,64,heap,25162304,0,0,0,0,0,0,1552,325.257990
64,bench_p26_wt,bench_p26_wt_logging,0,16384,134217728,0,1,0,256,3600000000000,2,64,42,64,usage,25162304,0,0,0,0,0,0,786432,325.258037
65,bench_p26_wt,bench_p26_wt_logging,0,32768,134217728,0,1,0,512,3600000000000,2,64,42,64,write,16072384,30974553,8406355,248700,8823742459,4304053760,32597606400,3600001073569,366.261700
65,bench_p26_wt,bench_p26_wt_logging,0,32768,134217728,0,1,0,512,3600000000000,2,64,42,64,stack,16072384,0,0,0,0,0,0,2016,366.261911
65,bench_p26_wt,bench_p26_wt_logging,0,32768,134217728,0,1,0,512,3600000000000,2,64,42,64,ctx,16072384,0,0,0,0,0,0,400,366.261969
65,bench_p26_wt,bench_p26_wt_logging,0,32768,134217728,0,1,0,512,3600000000000,2,64,42,64,heap,16072384,0,0,0,0,0,0,1552,366.262017
65,bench_p26_wt,bench_p26_wt_logging,0,32768,134217728,0,1,0,512,3600000000000,2,64,42,64,usage,16072384,0,0,0,0,0,0,786432,366.262071
67,bench_p26_wt,bench_p26_wt_logging,0,131072,134217728,0,1,0,2048,3600000000000,2,64,42,64,write,5062720,24513373,10182497,79103,10465210284,5213438464,10368188416,3600015777732,374.239182
67,bench_p26_wt,bench_p26_wt_logging,0,131072,134217728,0,1,0,2048,3600000000000,2,64,42,64,stack,5062720,0,0,0,0,0,0,1904,374.239298
67,bench_p26_wt,bench_p26_wt_logging,0,131072,134217728,0,1,0,2048,3600000000000,2,64,42,64,ctx,5062720,0,0,0,0,0,0,400,374.239354
67,bench_p26_wt,bench_p26_wt_logging,0,131072,134217728,0,1,0,2048,3600000000000,2,64,42,64,heap,5062720,0,0,0,0,0,0,1552,374.239404
67,bench_p26_wt,bench_p26_wt_logging,0,131072,134217728,0,1,0,2048,3600000000000,2,64,42,64,usage,5062720,0,0,0,0,0,0,786432,374.239450
66,bench_p26_wt,bench_p26_wt_logging,0,65536,134217728,0,1,0,1024,3600000000000,2,64,42,64,write,9293440,26891774,9500340,145663,9820873695,4864174080,19092340736,3600010207629,406.000761
66,bench_p26_wt,bench_p26_wt_logging,0,65536,134217728,0,1,0,1024,3600000000000,2,64,42,64,stack,9293440,0,0,0,0,0,0,1904,406.000876
66,bench_p26_wt,bench_p26_wt_logging,0,65536,134217728,0,1,0,1024,3600000000000,2,64,42,64,ctx,9293440,0,0,0,0,0,0,400,406.000931
66,bench_p26_wt,bench_p26_wt_logging,0,65536,134217728,0,1,0,1024,3600000000000,2,64,42,64,heap,9293440,0,0,0,0,0,0,1552,406.000989
66,bench_p26_wt,bench_p26_wt_logging,0,65536,134217728,0,1,0,1024,3600000000000,2,64,42,64,usage,9293440,0,0,0,0,0,0,786432,406.001037
68,bench_p26_wt,bench_p26_wt_logging,0,262144,134217728,0,1,0,4096,3600000000000,2,64,42,64,write,5061056,24494538,10183296,79248,10463044288,5213847552,10387193856,3600004224064,413.705252
68,bench_p26_wt,bench_p26_wt_logging,0,262144,134217728,0,1,0,4096,3600000000000,2,64,42,64,stack,5061056,0,0,0,0,0,0,1904,413.705360
68,bench_p26_wt,bench_p26_wt_logging,0,262144,134217728,0,1,0,4096,3600000000000,2,64,42,64,ctx,5061056,0,0,0,0,0,0,400,413.705415
68,bench_p26_wt,bench_p26_wt_logging,0,262144,134217728,0,1,0,4096,3600000000000,2,64,42,64,heap,5061056,0,0,0,0,0,0,1552,413.705463
68,bench_p26_wt,bench_p26_wt_logging,0,262144,134217728,0,1,0,4096,3600000000000,2,64,42,64,usage,5061056,0,0,0,0,0,0,1048576,413.705522
69,bench_p26_wt,bench_p26_wt_logging,0,524288,134217728,0,1,0,8192,3600000000000,2,64,42,64,write,5062336,24423352,10189002,79357,10466255664,5216769024,10401480704,3600011262096,430.245802
69,bench_p26_wt,bench_p26_wt_logging,0,524288,134217728,0,1,0,8192,3600000000000,2,64,42,64,stack,5062336,0,0,0,0,0,0,1904,430.245910
69,bench_p26_wt,bench_p26_wt_logging,0,524288,134217728,0,1,0,8192,3600000000000,2,64,42,64,ctx,5062336,0,0,0,0,0,0,400,430.245970
69,bench_p26_wt,bench_p26_wt_logging,0,524288,134217728,0,1,0,8192,3600000000000,2,64,42,64,heap,5062336,0,0,0,0,0,0,1552,430.246018
69,bench_p26_wt,bench_p26_wt_logging,0,524288,134217728,0,1,0,8192,3600000000000,2,64,42,64,usage,5062336,0,0,0,0,0,0,1572864,430.246063
71,bench_p26_wt,bench_p26_wt_logging,0,2097152,134217728,0,1,0,32768,3600000000000,2,64,42,64,write,5071808,24107915,10215513,79566,10492696364,5230342656,10428874752,3600054197828,449.683653
71,bench_p26_wt,bench_p26_wt_logging,0,2097152,134217728,0,1,0,32768,3600000000000,2,64,42,64,stack,5071808,0,0,0,0,0,0,1904,449.683761
71,bench_p26_wt,bench_p26_wt_logging,0,2097152,134217728,0,1,0,32768,3600000000000,2,64,42,64,ctx,5071808,0,0,0,0,0,0,400,449.683815
71,bench_p26_wt,bench_p26_wt_logging,0,2097152,134217728,0,1,0,32768,3600000000000,2,64,42,64,heap,5071808,0,0,0,0,0,0,1552,449.683862
71,bench_p26_wt,bench_p26_wt_logging,0,2097152,134217728,0,1,0,32768,3600000000000,2,64,42,64,usage,5071808,0,0,0,0,0,0,3670016,449.683906
70,bench_p26_wt,bench_p26_wt_logging,0,1048576,134217728,0,1,0,16384,3600000000000,2,64,42,64,write,5065472,24311803,10198346,79451,10475263884,5221553152,10413801472,3600051354468,456.239929
70,bench_p26_wt,bench_p26_wt_logging,0,1048576,134217728,0,1,0,16384,3600000000000,2,64,42,64,stack,5065472,0,0,0,0,0,0,1904,456.240042
70,bench_p26_wt,bench_p26_wt_logging,0,1048576,134217728,0,1,0,16384,3600000000000,2,64,42,64,ctx,5065472,0,0,0,0,0,0,400,456.240098
70,bench_p26_wt,bench_p26_wt_logging,0,1048576,134217728,0,1,0,16384,3600000000000,2,64,42,64,heap,5065472,0,0,0,0,0,0,1552,456.240154
70,bench_p26_wt,bench_p26_wt_logging,0,1048576,134217728,0,1,0,16384,3600000000000,2,64,42,64,usage,5065472,0,0,0,0,0,0,2621440,456.240203
72,bench_p26_wt,bench_p26_wt_logging,0,4194304,134217728,0,1,0,65536,3600000000000,2,64,42,64,write,5083520,23693571,10250716,79759,10526688724,5248366592,10454171648,3600034723516,379.516321
72,bench_p26_wt,bench_p26_wt_logging,0,4194304,134217728,0,1,0,65536,3600000000000,2,64,42,64,stack,5083520,0,0,0,0,0,0,1904,379.516427
72,bench_p26_wt,bench_p26_wt_logging,0,4194304,134217728,0,1,0,65536,3600000000000,2,64,42,64,ctx,5083520,0,0,0,0,0,0,400,379.516479
72,bench_p26_wt,bench_p26_wt_logging,0,4194304,134217728,0,1,0,65536,3600000000000,2,64,42,64,heap,5083520,0,0,0,0,0,0,1552,379.516524
72,bench_p26_wt,bench_p26_wt_logging,0,4194304,134217728,0,1,0,65536,3600000000000,2,64,42,64,usage,5083520,0,0,0,0,0,0,5767168,379.516566
73,bench_p26_wt,bench_p26_wt_logging,0,8388608,134217728,0,1,0,131072,3600000000000,2,64,42,64,write,5088000,23513215,10266031,79837,10541502932,5256207872,10464395264,3600012647612,410.646041
73,bench_p26_wt,bench_p26_wt_logging,0,8388608,134217728,0,1,0,131072,3600000000000,2,64,42,64,stack,5088000,0,0,0,0,0,0,1904,410.646149
73,bench_p26_wt,bench_p26_wt_logging,0,8388608,134217728,0,1,0,131072,3600000000000,2,64,42,64,ctx,5088000,0,0,0,0,0,0,400,410.646202
73,bench_p26_wt,bench_p26_wt_logging,0,8388608,134217728,0,1,0,131072,3600000000000,2,64,42,64,heap,5088000,0,0,0,0,0,0,1552,410.646247
73,bench_p26_wt,bench_p26_wt_logging,0,8388608,134217728,0,1,0,131072,3600000000000,2,64,42,64,usage,5088000,0,0,0,0,0,0,5636096,410.646289
74,bench_p26_wt,bench_p26_wt_logging,0,16777216,134217728,0,1,0,262144,3600000000000,2,64,42,64,write,5088000,23513215,10266031,79837,10541502932,5256207872,10464395264,3600012647612,364.239625
74,bench_p26_wt,bench_p26_wt_logging,0,16777216,134217728,0,1,0,262144,3600000000000,2,64,42,64,stack,5088000,0,0,0,0,0,0,1904,364.239724
74,bench_p26_wt,bench_p26_wt_logging,0,16777216,134217728,0,1,0,262144,3600000000000,2,64,42,64,ctx,5088000,0,0,0,0,0,0,400,364.239785
74,bench_p26_wt,bench_p26_wt_logging,0,16777216,134217728,0,1,0,262144,3600000000000,2,64,42,64,heap,5088000,0,0,0,0,0,0,1552,364.239828
74,bench_p26_wt,bench_p26_wt_logging,0,16777216,134217728,0,1,0,262144,3600000000000,2,64,42,64,usage,5088000,0,0,0,0,0,0,5636096,364.239868
75,bench_p26_wt,bench_p26_wt_logging,0,33554432,134217728,0,1,0,524288,3600000000000,2,64,42,64,write,5088000,23513215,10266031,79837,10541502932,5256207872,10464395264,3600012647612,316.739515
75,bench_p26_wt,bench_p26_wt_logging,0,33554432,134217728,0,1,0,524288,3600000000000,2,64,42,64,stack,5088000,0,0,0,0,0,0,1904,316.739612
75,bench_p26_wt,bench_p26_wt_logging,0,33554432,134217728,0,1,0,524288,3600000000000,2,64,42,64,ctx,5088000,0,0,0,0,0,0,400,316.739659
75,bench_p26_wt,bench_p26_wt_logging,0,33554432,134217728,0,1,0,524288,3600000000000,2,64,42,64,heap,5088000,0,0,0,0,0,0,1552,316.739699
75,bench_p26_wt,bench_p26_wt_logging,0,33554432,134217728,0,1,0,524288,3600000000000,2,64,42,64,usage,5088000,0,0,0,0,0,0,5636096,316.739744
