i,suite,case,SIM_SIZE,FILE_SIZE,NO_FRUNCATE,DISK_GEOMETRY,FILE_COUNT,FS,NO_SET,SKIP_WARMUP,SIM_TIME,SEED,SIZE,CHUNK,DISK_SIZE,probe,n,bench_reads,bench_progs,bench_erases,bench_readed,bench_progged,bench_erased,bench_simtime,bench_runtime
12,bench_p26_wt,bench_p26_wt_linear,0,64,0,0,16,3,0,0,3600000000000,42,1024,64,134217728,write,77237568,6133099,326065,77071,6133099,64366935,315682816,3600027448621,4.209469
12,bench_p26_wt,bench_p26_wt_linear,0,64,0,0,16,3,0,0,3600000000000,42,1024,64,134217728,stack,77237568,0,0,0,0,0,0,3264,4.209687
12,bench_p26_wt,bench_p26_wt_linear,0,64,0,0,16,3,0,0,3600000000000,42,1024,64,134217728,ctx,77237568,0,0,0,0,0,0,624,4.209734
12,bench_p26_wt,bench_p26_wt_linear,0,64,0,0,16,3,0,0,3600000000000,42,1024,64,134217728,heap,77237568,0,0,0,0,0,0,784,4.209775
12,bench_p26_wt,bench_p26_wt_linear,0,64,0,0,16,3,0,0,3600000000000,42,1024,64,134217728,usage,77237568,0,0,0,0,0,0,24576,4.209811
13,bench_p26_wt,bench_p26_wt_linear,0,64,0,0,32,3,0,0,3600000000000,42,2048,64,134217728,write,149401920,5931103,607160,74541,5931103,136957381,305319936,3600025967735,5.450157
13,bench_p26_wt,bench_p26_wt_linear,0,64,0,0,32,3,0,0,3600000000000,42,2048,64,134217728,stack,149401920,0,0,0,0,0,0,3264,5.450282
13,bench_p26_wt,bench_p26_wt_linear,0,64,0,0,32,3,0,0,3600000000000,42,2048,64,134217728,ctx,149401920,0,0,0,0,0,0,624,5.450335
13,bench_p26_wt,bench_p26_wt_linear,0,64,0,0,32,3,0,0,3600000000000,42,2048,64,134217728,heap,149401920,0,0,0,0,0,0,784,5.450380
13,bench_p26_wt,bench_p26_wt_linear,0,64,0,0,32,3,0,0,3600000000000,42,2048,64,134217728,usage,149401920,0,0,0,0,0,0,24576,5.450424
14,bench_p26_wt,bench_p26_wt_linear,0,64,0,0,64,3,0,0,3600000000000,42,4096,64,134217728,write,280392000,5566970,1117374,69949,5566970,268717221,286511104,3600031918415,7.317678
14,bench_p26_wt,bench_p26_wt_linear,0,64,0,0,64,3,0,0,3600000000000,42,4096,64,134217728,stack,280392000,0,0,0,0,0,0,3264,7.317787
14,bench_p26_wt,bench_p26_wt_linear,0,64,0,0,64,3,0,0,3600000000000,42,4096,64,134217728,ctx,280392000,0,0,0,0,0,0,624,7.317837
14,bench_p26_wt,bench_p26_wt_linear,0,64,0,0,64,3,0,0,3600000000000,42,4096,64,134217728,heap,280392000,0,0,0,0,0,0,784,7.317891
14,bench_p26_wt,bench_p26_wt_linear,0,64,0,0,64,3,0,0,3600000000000,42,4096,64,134217728,usage,280392000,0,0,0,0,0,0,24576,7.317934
16,bench_p26_wt,bench_p26_wt_linear,0,64,0,0,256,3,0,0,3600000000000,42,16384,64,134217728,write,278110528,3307648,1161701,69552,3307648,280255015,284884992,3600032771045,7.354732
16,bench_p26_wt,bench_p26_wt_linear,0,64,0,0,256,3,0,0,3600000000000,42,16384,64,134217728,stack,278110528,0,0,0,0,0,0,3264,7.354931
16,bench_p26_wt,bench_p26_wt_linear,0,64,0,0,256,3,0,0,3600000000000,42,16384,64,134217728,ctx,278110528,0,0,0,0,0,0,624,7.354991
16,bench_p26_wt,bench_p26_wt_linear,0,64,0,0,256,3,0,0,3600000000000,42,16384,64,134217728,heap,278110528,0,0,0,0,0,0,784,7.355056
16,bench_p26_wt,bench_p26_wt_linear,0,64,0,0,256,3,0,0,3600000000000,42,16384,64,134217728,usage,278110528,0,0,0,0,0,0,32768,7.355114
15,bench_p26_wt,bench_p26_wt_linear,0,64,0,0,128,3,0,0,3600000000000,42,8192,64,134217728,write,279155008,3895641,1147132,69682,3895641,276444125,285417472,3600004244303,7.374886
15,bench_p26_wt,bench_p26_wt_linear,0,64,0,0,128,3,0,0,3600000000000,42,8192,64,134217728,stack,279155008,0,0,0,0,0,0,3264,7.375016
15,bench_p26_wt,bench_p26_wt_linear,0,64,0,0,128,3,0,0,3600000000000,42,8192,64,134217728,ctx,279155008,0,0,0,0,0,0,624,7.375069
15,bench_p26_wt,bench_p26_wt_linear,0,64,0,0,128,3,0,0,3600000000000,42,8192,64,134217728,heap,279155008,0,0,0,0,0,0,784,7.375115
15,bench_p26_wt,bench_p26_wt_linear,0,64,0,0,128,3,0,0,3600000000000,42,8192,64,134217728,usage,279155008,0,0,0,0,0,0,28672,7.375158
17,bench_p26_wt,bench_p26_wt_linear,0,64,0,0,512,3,0,0,3600000000000,42,32768,64,134217728,write,277301568,3401832,1168044,69494,3401832,282198384,284647424,3600001552272,7.394207
17,bench_p26_wt,bench_p26_wt_linear,0,64,0,0,512,3,0,0,3600000000000,42,32768,64,134217728,stack,277301568,0,0,0,0,0,0,3264,7.394322
17,bench_p26_wt,bench_p26_wt_linear,0,64,0,0,512,3,0,0,3600000000000,42,32768,64,134217728,ctx,277301568,0,0,0,0,0,0,624,7.394376
17,bench_p26_wt,bench_p26_wt_linear,0,64,0,0,512,3,0,0,3600000000000,42,32768,64,134217728,heap,277301568,0,0,0,0,0,0,784,7.394433
17,bench_p26_wt,bench_p26_wt_linear,0,64,0,0,512,3,0,0,3600000000000,42,32768,64,134217728,usage,277301568,0,0,0,0,0,0,40960,7.394476
19,bench_p26_wt,bench_p26_wt_linear,0,64,0,0,2048,3,0,0,3600000000000,42,131072,64,134217728,write,271510592,11264061,1155476,69600,11264061,279299646,285081600,3600002014242,7.470595
19,bench_p26_wt,bench_p26_wt_linear,0,64,0,0,2048,3,0,0,3600000000000,42,131072,64,134217728,stack,271510592,0,0,0,0,0,0,3264,7.470692
19,bench_p26_wt,bench_p26_wt_linear,0,64,0,0,2048,3,0,0,3600000000000,42,131072,64,134217728,ctx,271510592,0,0,0,0,0,0,624,7.470740
19,bench_p26_wt,bench_p26_wt_linear,0,64,0,0,2048,3,0,0,3600000000000,42,131072,64,134217728,heap,271510592,0,0,0,0,0,0,784,7.470782
19,bench_p26_wt,bench_p26_wt_linear,0,64,0,0,2048,3,0,0,3600000000000,42,131072,64,134217728,usage,271510592,0,0,0,0,0,0,81920,7.470822
18,bench_p26_wt,bench_p26_wt_linear,0,64,0,0,1024,3,0,0,3600000000000,42,65536,64,134217728,write,275882304,7036709,1171300,69462,7036709,283203537,284516352,3600028905035,7.589154
18,bench_p26_wt,bench_p26_wt_linear,0,64,0,0,1024,3,0,0,3600000000000,42,65536,64,134217728,stack,275882304,0,0,0,0,0,0,3264,7.589338
18,bench_p26_wt,bench_p26_wt_linear,0,64,0,0,1024,3,0,0,3600000000000,42,65536,64,134217728,ctx,275882304,0,0,0,0,0,0,624,7.589386
18,bench_p26_wt,bench_p26_wt_linear,0,64,0,0,1024,3,0,0,3600000000000,42,65536,64,134217728,heap,275882304,0,0,0,0,0,0,784,7.589427
18,bench_p26_wt,bench_p26_wt_linear,0,64,0,0,1024,3,0,0,3600000000000,42,65536,64,134217728,usage,275882304,0,0,0,0,0,0,65536,7.589468
20,bench_p26_wt,bench_p26_wt_linear,0,64,0,0,4096,3,0,0,3600000000000,42,262144,64,134217728,write,268919104,25176488,1158991,69557,25176488,278455247,284905472,3600013975453,7.648502
20,bench_p26_wt,bench_p26_wt_linear,0,64,0,0,4096,3,0,0,3600000000000,42,262144,64,134217728,stack,268919104,0,0,0,0,0,0,3264,7.648595
20,bench_p26_wt,bench_p26_wt_linear,0,64,0,0,4096,3,0,0,3600000000000,42,262144,64,134217728,ctx,268919104,0,0,0,0,0,0,624,7.648640
20,bench_p26_wt,bench_p26_wt_linear,0,64,0,0,4096,3,0,0,3600000000000,42,262144,64,134217728,heap,268919104,0,0,0,0,0,0,784,7.648678
20,bench_p26_wt,bench_p26_wt_linear,0,64,0,0,4096,3,0,0,3600000000000,42,262144,64,134217728,usage,268919104,0,0,0,0,0,0,249856,7.648716
21,bench_p26_wt,bench_p26_wt_linear,0,64,0,0,8192,3,0,0,3600000000000,42,524288,64,134217728,write,263968832,54242035,1182424,69323,54242035,277383154,283947008,3600002741486,7.700520
21,bench_p26_wt,bench_p26_wt_linear,0,64,0,0,8192,3,0,0,3600000000000,42,524288,64,134217728,stack,263968832,0,0,0,0,0,0,3264,7.700610
21,bench_p26_wt,bench_p26_wt_linear,0,64,0,0,8192,3,0,0,3600000000000,42,524288,64,134217728,ctx,263968832,0,0,0,0,0,0,624,7.700654
21,bench_p26_wt,bench_p26_wt_linear,0,64,0,0,8192,3,0,0,3600000000000,42,524288,64,134217728,heap,263968832,0,0,0,0,0,0,784,7.700694
21,bench_p26_wt,bench_p26_wt_linear,0,64,0,0,8192,3,0,0,3600000000000,42,524288,64,134217728,usage,263968832,0,0,0,0,0,0,282624,7.700731
22,bench_p26_wt,bench_p26_wt_linear,0,64,0,0,16384,3,0,0,3600000000000,42,1048576,64,134217728,write,260948288,72272496,1193144,69214,72272496,276919182,283500544,3600099663114,7.828620
22,bench_p26_wt,bench_p26_wt_linear,0,64,0,0,16384,3,0,0,3600000000000,42,1048576,64,134217728,stack,260948288,0,0,0,0,0,0,3264,7.828712
22,bench_p26_wt,bench_p26_wt_linear,0,64,0,0,16384,3,0,0,3600000000000,42,1048576,64,134217728,ctx,260948288,0,0,0,0,0,0,624,7.828757
22,bench_p26_wt,bench_p26_wt_linear,0,64,0,0,16384,3,0,0,3600000000000,42,1048576,64,134217728,heap,260948288,0,0,0,0,0,0,784,7.828795
22,bench_p26_wt,bench_p26_wt_linear,0,64,0,0,16384,3,0,0,3600000000000,42,1048576,64,134217728,usage,260948288,0,0,0,0,0,0,954368,7.828833
23,bench_p26_wt,bench_p26_wt_linear,0,64,0,0,32768,3,0,0,3600000000000,42,2097152,64,134217728,write,258715968,86387406,1200116,69140,86387406,276470753,283197440,3600115531235,8.138811
23,bench_p26_wt,bench_p26_wt_linear,0,64,0,0,32768,3,0,0,3600000000000,42,2097152,64,134217728,stack,258715968,0,0,0,0,0,0,3312,8.138909
23,bench_p26_wt,bench_p26_wt_linear,0,64,0,0,32768,3,0,0,3600000000000,42,2097152,64,134217728,ctx,258715968,0,0,0,0,0,0,624,8.138949
23,bench_p26_wt,bench_p26_wt_linear,0,64,0,0,32768,3,0,0,3600000000000,42,2097152,64,134217728,heap,258715968,0,0,0,0,0,0,784,8.138980
23,bench_p26_wt,bench_p26_wt_linear,0,64,0,0,32768,3,0,0,3600000000000,42,2097152,64,134217728,usage,258715968,0,0,0,0,0,0,823296,8.139009
24,bench_p26_wt,bench_p26_wt_linear,0,64,0,0,65536,3,0,0,3600000000000,42,4194304,64,134217728,write,258265408,90008376,1202719,69112,90008376,276344410,283082752,3600039540334,6.185959
24,bench_p26_wt,bench_p26_wt_linear,0,64,0,0,65536,3,0,0,3600000000000,42,4194304,64,134217728,stack,258265408,0,0,0,0,0,0,3264,6.186054
24,bench_p26_wt,bench_p26_wt_linear,0,64,0,0,65536,3,0,0,3600000000000,42,4194304,64,134217728,ctx,258265408,0,0,0,0,0,0,624,6.186096
24,bench_p26_wt,bench_p26_wt_linear,0,64,0,0,65536,3,0,0,3600000000000,42,4194304,64,134217728,heap,258265408,0,0,0,0,0,0,784,6.186132
24,bench_p26_wt,bench_p26_wt_linear,0,64,0,0,65536,3,0,0,3600000000000,42,4194304,64,134217728,usage,258265408,0,0,0,0,0,0,2523136,6.186167
25,bench_p26_wt,bench_p26_wt_linear,0,64,0,0,131072,3,0,0,3600000000000,42,8388608,64,134217728,write,253567296,115374958,1221702,68921,115374958,275539060,282300416,3600039788492,5.816638
25,bench_p26_wt,bench_p26_wt_linear,0,64,0,0,131072,3,0,0,3600000000000,42,8388608,64,134217728,stack,253567296,0,0,0,0,0,0,3264,5.816716
25,bench_p26_wt,bench_p26_wt_linear,0,64,0,0,131072,3,0,0,3600000000000,42,8388608,64,134217728,ctx,253567296,0,0,0,0,0,0,624,5.816759
25,bench_p26_wt,bench_p26_wt_linear,0,64,0,0,131072,3,0,0,3600000000000,42,8388608,64,134217728,heap,253567296,0,0,0,0,0,0,784,5.816792
25,bench_p26_wt,bench_p26_wt_linear,0,64,0,0,131072,3,0,0,3600000000000,42,8388608,64,134217728,usage,253567296,0,0,0,0,0,0,2035712,5.816825
26,bench_p26_wt,bench_p26_wt_linear,0,64,0,0,262144,3,0,0,3600000000000,42,16777216,64,134217728,write,247013696,144253122,1251506,68631,144253122,274239552,281112576,3600046029072,4.988861
26,bench_p26_wt,bench_p26_wt_linear,0,64,0,0,262144,3,0,0,3600000000000,42,16777216,64,134217728,stack,247013696,0,0,0,0,0,0,3264,4.988936
26,bench_p26_wt,bench_p26_wt_linear,0,64,0,0,262144,3,0,0,3600000000000,42,16777216,64,134217728,ctx,247013696,0,0,0,0,0,0,624,4.988969
26,bench_p26_wt,bench_p26_wt_linear,0,64,0,0,262144,3,0,0,3600000000000,42,16777216,64,134217728,heap,247013696,0,0,0,0,0,0,784,4.988997
26,bench_p26_wt,bench_p26_wt_linear,0,64,0,0,262144,3,0,0,3600000000000,42,16777216,64,134217728,usage,247013696,0,0,0,0,0,0,12607488,4.989021
27,bench_p26_wt,bench_p26_wt_linear,0,64,0,0,524288,3,0,0,3600000000000,42,33554432,64,134217728,write,239378752,181903676,1280161,68343,181903676,272900144,279932928,3600032657392,5.077080
27,bench_p26_wt,bench_p26_wt_linear,0,64,0,0,524288,3,0,0,3600000000000,42,33554432,64,134217728,stack,239378752,0,0,0,0,0,0,3312,5.077147
27,bench_p26_wt,bench_p26_wt_linear,0,64,0,0,524288,3,0,0,3600000000000,42,33554432,64,134217728,ctx,239378752,0,0,0,0,0,0,624,5.077179
27,bench_p26_wt,bench_p26_wt_linear,0,64,0,0,524288,3,0,0,3600000000000,42,33554432,64,134217728,heap,239378752,0,0,0,0,0,0,784,5.077204
27,bench_p26_wt,bench_p26_wt_linear,0,64,0,0,524288,3,0,0,3600000000000,42,33554432,64,134217728,usage,239378752,0,0,0,0,0,0,4780032,5.077226
28,bench_p26_wt,bench_p26_wt_random,0,64,0,0,16,3,0,0,3600000000000,42,1024,64,134217728,write,12744448,108020768,850642,72304,108020768,94833936,296157184,3600071181104,6.446048
28,bench_p26_wt,bench_p26_wt_random,0,64,0,0,16,3,0,0,3600000000000,42,1024,64,134217728,stack,12744448,0,0,0,0,0,0,3248,6.446180
28,bench_p26_wt,bench_p26_wt_random,0,64,0,0,16,3,0,0,3600000000000,42,1024,64,134217728,ctx,12744448,0,0,0,0,0,0,608,6.446238
28,bench_p26_wt,bench_p26_wt_random,0,64,0,0,16,3,0,0,3600000000000,42,1024,64,134217728,heap,12744448,0,0,0,0,0,0,784,6.446287
28,bench_p26_wt,bench_p26_wt_random,0,64,0,0,16,3,0,0,3600000000000,42,1024,64,134217728,usage,12744448,0,0,0,0,0,0,32768,6.446348
29,bench_p26_wt,bench_p26_wt_random,0,64,0,0,32,3,0,0,3600000000000,42,2048,64,134217728,write,13801280,176093921,1126931,69772,176093921,129098167,285786112,3600059495613,8.065293
29,bench_p26_wt,bench_p26_wt_random,0,64,0,0,32,3,0,0,3600000000000,42,2048,64,134217728,stack,13801280,0,0,0,0,0,0,3280,8.065426
29,bench_p26_wt,bench_p26_wt_random,0,64,0,0,32,3,0,0,3600000000000,42,2048,64,134217728,ctx,13801280,0,0,0,0,0,0,608,8.065484
29,bench_p26_wt,bench_p26_wt_random,0,64,0,0,32,3,0,0,3600000000000,42,2048,64,134217728,heap,13801280,0,0,0,0,0,0,784,8.065534
29,bench_p26_wt,bench_p26_wt_random,0,64,0,0,32,3,0,0,3600000000000,42,2048,64,134217728,usage,13801280,0,0,0,0,0,0,28672,8.065580
30,bench_p26_wt,bench_p26_wt_random,0,64,0,0,64,3,0,0,3600000000000,42,4096,64,134217728,write,14376128,281119926,1470183,66607,281119926,175940786,272822272,3600074535590,9.806706
30,bench_p26_wt,bench_p26_wt_random,0,64,0,0,64,3,0,0,3600000000000,42,4096,64,134217728,stack,14376128,0,0,0,0,0,0,3248,9.806921
30,bench_p26_wt,bench_p26_wt_random,0,64,0,0,64,3,0,0,3600000000000,42,4096,64,134217728,ctx,14376128,0,0,0,0,0,0,608,9.806979
30,bench_p26_wt,bench_p26_wt_random,0,64,0,0,64,3,0,0,3600000000000,42,4096,64,134217728,heap,14376128,0,0,0,0,0,0,784,9.807028
30,bench_p26_wt,bench_p26_wt_random,0,64,0,0,64,3,0,0,3600000000000,42,4096,64,134217728,usage,14376128,0,0,0,0,0,0,32768,9.807073
31,bench_p26_wt,bench_p26_wt_random,0,64,0,0,128,3,0,0,3600000000000,42,8192,64,134217728,write,12166272,426889892,1678395,64616,426889892,196641469,264667136,3600017774247,11.815964
31,bench_p26_wt,bench_p26_wt_random,0,64,0,0,128,3,0,0,3600000000000,42,8192,64,134217728,stack,12166272,0,0,0,0,0,0,3248,11.816090
31,bench_p26_wt,bench_p26_wt_random,0,64,0,0,128,3,0,0,3600000000000,42,8192,64,134217728,ctx,12166272,0,0,0,0,0,0,608,11.816148
31,bench_p26_wt,bench_p26_wt_random,0,64,0,0,128,3,0,0,3600000000000,42,8192,64,134217728,heap,12166272,0,0,0,0,0,0,784,11.816197
31,bench_p26_wt,bench_p26_wt_random,0,64,0,0,128,3,0,0,3600000000000,42,8192,64,134217728,usage,12166272,0,0,0,0,0,0,45056,11.816243
32,bench_p26_wt,bench_p26_wt_random,0,64,0,0,256,3,0,0,3600000000000,42,16384,64,134217728,write,10576960,550103759,1881526,62698,550103759,205692218,256811008,3600089271718,13.556133
32,bench_p26_wt,bench_p26_wt_random,0,64,0,0,256,3,0,0,3600000000000,42,16384,64,134217728,stack,10576960,0,0,0,0,0,0,3248,13.556268
32,bench_p26_wt,bench_p26_wt_random,0,64,0,0,256,3,0,0,3600000000000,42,16384,64,134217728,ctx,10576960,0,0,0,0,0,0,608,13.556323
32,bench_p26_wt,bench_p26_wt_random,0,64,0,0,256,3,0,0,3600000000000,42,16384,64,134217728,heap,10576960,0,0,0,0,0,0,784,13.556370
32,bench_p26_wt,bench_p26_wt_random,0,64,0,0,256,3,0,0,3600000000000,42,16384,64,134217728,usage,10576960,0,0,0,0,0,0,57344,13.556413
33,bench_p26_wt,bench_p26_wt_random,0,64,0,0,512,3,0,0,3600000000000,42,32768,64,134217728,write,10080256,593962333,1924312,62276,593962333,212310687,255082496,3600099809365,14.365981
33,bench_p26_wt,bench_p26_wt_random,0,64,0,0,512,3,0,0,3600000000000,42,32768,64,134217728,stack,10080256,0,0,0,0,0,0,3248,14.374405
33,bench_p26_wt,bench_p26_wt_random,0,64,0,0,512,3,0,0,3600000000000,42,32768,64,134217728,ctx,10080256,0,0,0,0,0,0,608,14.374474
33,bench_p26_wt,bench_p26_wt_random,0,64,0,0,512,3,0,0,3600000000000,42,32768,64,134217728,heap,10080256,0,0,0,0,0,0,784,14.374525
33,bench_p26_wt,bench_p26_wt_random,0,64,0,0,512,3,0,0,3600000000000,42,32768,64,134217728,usage,10080256,0,0,0,0,0,0,94208,14.374571
35,bench_p26_wt,bench_p26_wt_random,0,64,0,0,2048,3,0,0,3600000000000,42,131072,64,134217728,write,9659648,629397549,1934821,62149,629397549,218528235,254562304,3600125467257,14.516512
35,bench_p26_wt,bench_p26_wt_random,0,64,0,0,2048,3,0,0,3600000000000,42,131072,64,134217728,stack,9659648,0,0,0,0,0,0,3296,14.516614
35,bench_p26_wt,bench_p26_wt_random,0,64,0,0,2048,3,0,0,3600000000000,42,131072,64,134217728,ctx,9659648,0,0,0,0,0,0,608,14.516679
35,bench_p26_wt,bench_p26_wt_random,0,64,0,0,2048,3,0,0,3600000000000,42,131072,64,134217728,heap,9659648,0,0,0,0,0,0,784,14.516724
35,bench_p26_wt,bench_p26_wt_random,0,64,0,0,2048,3,0,0,3600000000000,42,131072,64,134217728,usage,9659648,0,0,0,0,0,0,327680,14.516765
34,bench_p26_wt,bench_p26_wt_random,0,64,0,0,1024,3,0,0,3600000000000,42,65536,64,134217728,write,9716608,637871473,1922243,62253,637871473,216630970,254988288,3600075426422,15.002188
34,bench_p26_wt,bench_p26_wt_random,0,64,0,0,1024,3,0,0,3600000000000,42,65536,64,134217728,stack,9716608,0,0,0,0,0,0,3296,15.002290
34,bench_p26_wt,bench_p26_wt_random,0,64,0,0,1024,3,0,0,3600000000000,42,65536,64,134217728,ctx,9716608,0,0,0,0,0,0,608,15.002345
34,bench_p26_wt,bench_p26_wt_random,0,64,0,0,1024,3,0,0,3600000000000,42,65536,64,134217728,heap,9716608,0,0,0,0,0,0,784,15.002392
34,bench_p26_wt,bench_p26_wt_random,0,64,0,0,1024,3,0,0,3600000000000,42,65536,64,134217728,usage,9716608,0,0,0,0,0,0,176128,15.002437
36,bench_p26_wt,bench_p26_wt_random,0,64,0,0,4096,3,0,0,3600000000000,42,262144,64,134217728,write,9233024,692168565,1903950,62366,692168565,221586297,255451136,3600106767939,15.449776
36,bench_p26_wt,bench_p26_wt_random,0,64,0,0,4096,3,0,0,3600000000000,42,262144,64,134217728,stack,9233024,0,0,0,0,0,0,3248,15.449875
36,bench_p26_wt,bench_p26_wt_random,0,64,0,0,4096,3,0,0,3600000000000,42,262144,64,134217728,ctx,9233024,0,0,0,0,0,0,608,15.449929
36,bench_p26_wt,bench_p26_wt_random,0,64,0,0,4096,3,0,0,3600000000000,42,262144,64,134217728,heap,9233024,0,0,0,0,0,0,784,15.449976
36,bench_p26_wt,bench_p26_wt_random,0,64,0,0,4096,3,0,0,3600000000000,42,262144,64,134217728,usage,9233024,0,0,0,0,0,0,618496,15.450020
37,bench_p26_wt,bench_p26_wt_random,0,64,0,0,8192,3,0,0,3600000000000,42,524288,64,134217728,write,8084672,789558091,2074771,60762,789558091,218016649,248881152,3600106946531,15.595252
37,bench_p26_wt,bench_p26_wt_random,0,64,0,0,8192,3,0,0,3600000000000,42,524288,64,134217728,stack,8084672,0,0,0,0,0,0,3248,15.595351
37,bench_p26_wt,bench_p26_wt_random,0,64,0,0,8192,3,0,0,3600000000000,42,524288,64,134217728,ctx,8084672,0,0,0,0,0,0,608,15.595401
37,bench_p26_wt,bench_p26_wt_random,0,64,0,0,8192,3,0,0,3600000000000,42,524288,64,134217728,heap,8084672,0,0,0,0,0,0,784,15.595446
37,bench_p26_wt,bench_p26_wt_random,0,64,0,0,8192,3,0,0,3600000000000,42,524288,64,134217728,usage,8084672,0,0,0,0,0,0,1200128,15.595500
39,bench_p26_wt,bench_p26_wt_random,0,64,0,0,32768,3,0,0,3600000000000,42,2097152,64,134217728,write,7800256,843240476,2023461,61169,843240476,219014615,250548224,3600057088597,16.440688
39,bench_p26_wt,bench_p26_wt_random,0,64,0,0,32768,3,0,0,3600000000000,42,2097152,64,134217728,stack,7800256,0,0,0,0,0,0,3296,16.440797
39,bench_p26_wt,bench_p26_wt_random,0,64,0,0,32768,3,0,0,3600000000000,42,2097152,64,134217728,ctx,7800256,0,0,0,0,0,0,608,16.440848
39,bench_p26_wt,bench_p26_wt_random,0,64,0,0,32768,3,0,0,3600000000000,42,2097152,64,134217728,heap,7800256,0,0,0,0,0,0,784,16.440892
39,bench_p26_wt,bench_p26_wt_random,0,64,0,0,32768,3,0,0,3600000000000,42,2097152,64,134217728,usage,7800256,0,0,0,0,0,0,4820992,16.440935
38,bench_p26_wt,bench_p26_wt_random,0,64,0,0,16384,3,0,0,3600000000000,42,1048576,64,134217728,write,7947968,808047921,2057321,60900,808047921,218399334,249446400,3600081391674,16.467321
38,bench_p26_wt,bench_p26_wt_random,0,64,0,0,16384,3,0,0,3600000000000,42,1048576,64,134217728,stack,7947968,0,0,0,0,0,0,3248,16.467395
38,bench_p26_wt,bench_p26_wt_random,0,64,0,0,16384,3,0,0,3600000000000,42,1048576,64,134217728,ctx,7947968,0,0,0,0,0,0,608,16.467440
38,bench_p26_wt,bench_p26_wt_random,0,64,0,0,16384,3,0,0,3600000000000,42,1048576,64,134217728,heap,7947968,0,0,0,0,0,0,784,16.467475
38,bench_p26_wt,bench_p26_wt_random,0,64,0,0,16384,3,0,0,3600000000000,42,1048576,64,134217728,usage,7947968,0,0,0,0,0,0,2400256,16.467509
40,bench_p26_wt,bench_p26_wt_random,0,64,0,0,65536,3,0,0,3600000000000,42,4194304,64,134217728,write,7782080,857588379,2004570,61326,857588379,216905029,251191296,3600096893527,13.031403
40,bench_p26_wt,bench_p26_wt_random,0,64,0,0,65536,3,0,0,3600000000000,42,4194304,64,134217728,stack,7782080,0,0,0,0,0,0,3248,13.031498
40,bench_p26_wt,bench_p26_wt_random,0,64,0,0,65536,3,0,0,3600000000000,42,4194304,64,134217728,ctx,7782080,0,0,0,0,0,0,608,13.031539
40,bench_p26_wt,bench_p26_wt_random,0,64,0,0,65536,3,0,0,3600000000000,42,4194304,64,134217728,heap,7782080,0,0,0,0,0,0,784,13.031572
40,bench_p26_wt,bench_p26_wt_random,0,64,0,0,65536,3,0,0,3600000000000,42,4194304,64,134217728,usage,7782080,0,0,0,0,0,0,9601024,13.031601
41,bench_p26_wt,bench_p26_wt_random,0,64,0,0,131072,3,0,0,3600000000000,42,8388608,64,134217728,write,7681472,892038880,1944481,61833,892038880,213975348,253267968,3600190276828,12.666686
41,bench_p26_wt,bench_p26_wt_random,0,64,0,0,131072,3,0,0,3600000000000,42,8388608,64,134217728,stack,7681472,0,0,0,0,0,0,3296,12.666835
41,bench_p26_wt,bench_p26_wt_random,0,64,0,0,131072,3,0,0,3600000000000,42,8388608,64,134217728,ctx,7681472,0,0,0,0,0,0,608,12.666875
41,bench_p26_wt,bench_p26_wt_random,0,64,0,0,131072,3,0,0,3600000000000,42,8388608,64,134217728,heap,7681472,0,0,0,0,0,0,784,12.666907
41,bench_p26_wt,bench_p26_wt_random,0,64,0,0,131072,3,0,0,3600000000000,42,8388608,64,134217728,usage,7681472,0,0,0,0,0,0,18980864,12.666937
42,bench_p26_wt,bench_p26_wt_random,0,64,0,0,262144,3,0,0,3600000000000,42,16777216,64,134217728,write,7553216,925880511,1958079,61683,925880511,203998794,252653568,3600045529686,11.891915
42,bench_p26_wt,bench_p26_wt_random,0,64,0,0,262144,3,0,0,3600000000000,42,16777216,64,134217728,stack,7553216,0,0,0,0,0,0,3248,11.891995
42,bench_p26_wt,bench_p26_wt_random,0,64,0,0,262144,3,0,0,3600000000000,42,16777216,64,134217728,ctx,7553216,0,0,0,0,0,0,608,11.892029
42,bench_p26_wt,bench_p26_wt_random,0,64,0,0,262144,3,0,0,3600000000000,42,16777216,64,134217728,heap,7553216,0,0,0,0,0,0,784,11.892056
42,bench_p26_wt,bench_p26_wt_random,0,64,0,0,262144,3,0,0,3600000000000,42,16777216,64,134217728,usage,7553216,0,0,0,0,0,0,37449728,11.892082
43,bench_p26_wt,bench_p26_wt_random,0,64,0,0,524288,3,0,0,3600000000000,42,33554432,64,134217728,write,8356800,972102474,1872209,62416,972102474,194518889,255655936,3600339313499,10.626417
43,bench_p26_wt,bench_p26_wt_random,0,64,0,0,524288,3,0,0,3600000000000,42,33554432,64,134217728,stack,8356800,0,0,0,0,0,0,3248,10.626482
43,bench_p26_wt,bench_p26_wt_random,0,64,0,0,524288,3,0,0,3600000000000,42,33554432,64,134217728,ctx,8356800,0,0,0,0,0,0,608,10.626512
43,bench_p26_wt,bench_p26_wt_random,0,64,0,0,524288,3,0,0,3600000000000,42,33554432,64,134217728,heap,8356800,0,0,0,0,0,0,784,10.626538
43,bench_p26_wt,bench_p26_wt_random,0,64,0,0,524288,3,0,0,3600000000000,42,33554432,64,134217728,usage,8356800,0,0,0,0,0,0,69046272,10.626560
44,bench_p26_wt,bench_p26_wt_many,0,64,0,0,16,3,0,0,3600000000000,42,1024,64,134217728,write,73925888,5039547445,1992960,57705,5039547445,228778497,236359680,3600015232603,66.582081
44,bench_p26_wt,bench_p26_wt_many,0,64,0,0,16,3,0,0,3600000000000,42,1024,64,134217728,stack,73925888,0,0,0,0,0,0,3488,66.582210
44,bench_p26_wt,bench_p26_wt_many,0,64,0,0,16,3,0,0,3600000000000,42,1024,64,134217728,ctx,73925888,0,0,0,0,0,0,848,66.582285
44,bench_p26_wt,bench_p26_wt_many,0,64,0,0,16,3,0,0,3600000000000,42,1024,64,134217728,heap,73925888,0,0,0,0,0,0,784,66.582340
44,bench_p26_wt,bench_p26_wt_many,0,64,0,0,16,3,0,0,3600000000000,42,1024,64,134217728,usage,73925888,0,0,0,0,0,0,40960,66.582394
46,bench_p26_wt,bench_p26_wt_many,0,64,0,0,64,3,0,0,3600000000000,42,4096,64,134217728,write,68543104,5138379264,1930688,58170,5138379264,230967650,238264320,3600017703494,67.379221
46,bench_p26_wt,bench_p26_wt_many,0,64,0,0,64,3,0,0,3600000000000,42,4096,64,134217728,stack,68543104,0,0,0,0,0,0,3488,67.379336
46,bench_p26_wt,bench_p26_wt_many,0,64,0,0,64,3,0,0,3600000000000,42,4096,64,134217728,ctx,68543104,0,0,0,0,0,0,848,67.379391
46,bench_p26_wt,bench_p26_wt_many,0,64,0,0,64,3,0,0,3600000000000,42,4096,64,134217728,heap,68543104,0,0,0,0,0,0,784,67.379437
46,bench_p26_wt,bench_p26_wt_many,0,64,0,0,64,3,0,0,3600000000000,42,4096,64,134217728,usage,68543104,0,0,0,0,0,0,81920,67.379494
45,bench_p26_wt,bench_p26_wt_many,0,64,0,0,32,3,0,0,3600000000000,42,2048,64,134217728,write,73146944,5084267692,1988285,57707,5084267692,228791122,236367872,3600023681270,67.941209
45,bench_p26_wt,bench_p26_wt_many,0,64,0,0,32,3,0,0,3600000000000,42,2048,64,134217728,stack,73146944,0,0,0,0,0,0,3488,67.941321
45,bench_p26_wt,bench_p26_wt_many,0,64,0,0,32,3,0,0,3600000000000,42,2048,64,134217728,ctx,73146944,0,0,0,0,0,0,848,67.941375
45,bench_p26_wt,bench_p26_wt_many,0,64,0,0,32,3,0,0,3600000000000,42,2048,64,134217728,heap,73146944,0,0,0,0,0,0,784,67.941436
45,bench_p26_wt,bench_p26_wt_many,0,64,0,0,32,3,0,0,3600000000000,42,2048,64,134217728,usage,73146944,0,0,0,0,0,0,57344,67.941482
47,bench_p26_wt,bench_p26_wt_many,0,64,0,0,128,3,0,0,3600000000000,42,8192,64,134217728,write,69872064,5318266875,1946041,57874,5318266875,229949095,237051904,3600017418397,69.059319
47,bench_p26_wt,bench_p26_wt_many,0,64,0,0,128,3,0,0,3600000000000,42,8192,64,134217728,stack,69872064,0,0,0,0,0,0,3488,69.059434
47,bench_p26_wt,bench_p26_wt_many,0,64,0,0,128,3,0,0,3600000000000,42,8192,64,134217728,ctx,69872064,0,0,0,0,0,0,848,69.059488
47,bench_p26_wt,bench_p26_wt_many,0,64,0,0,128,3,0,0,3600000000000,42,8192,64,134217728,heap,69872064,0,0,0,0,0,0,784,69.059535
47,bench_p26_wt,bench_p26_wt_many,0,64,0,0,128,3,0,0,3600000000000,42,8192,64,134217728,usage,69872064,0,0,0,0,0,0,147456,69.059579
48,bench_p26_wt,bench_p26_wt_many,0,64,0,0,256,3,0,0,3600000000000,42,16384,64,134217728,write,67938432,5435786465,1918651,58013,5435786465,230631199,237621248,3600026469237,70.057758
48,bench_p26_wt,bench_p26_wt_many,0,64,0,0,256,3,0,0,3600000000000,42,16384,64,134217728,stack,67938432,0,0,0,0,0,0,3488,70.057878
48,bench_p26_wt,bench_p26_wt_many,0,64,0,0,256,3,0,0,3600000000000,42,16384,64,134217728,ctx,67938432,0,0,0,0,0,0,848,70.057932
48,bench_p26_wt,bench_p26_wt_many,0,64,0,0,256,3,0,0,3600000000000,42,16384,64,134217728,heap,67938432,0,0,0,0,0,0,784,70.057979
48,bench_p26_wt,bench_p26_wt_many,0,64,0,0,256,3,0,0,3600000000000,42,16384,64,134217728,usage,67938432,0,0,0,0,0,0,262144,70.058024
49,bench_p26_wt,bench_p26_wt_many,0,64,0,0,512,3,0,0,3600000000000,42,32768,64,134217728,write,69726656,5596823921,1940573,57675,5596823921,229083520,236236800,3600000621864,72.379028
49,bench_p26_wt,bench_p26_wt_many,0,64,0,0,512,3,0,0,3600000000000,42,32768,64,134217728,stack,69726656,0,0,0,0,0,0,3488,72.379132
49,bench_p26_wt,bench_p26_wt_many,0,64,0,0,512,3,0,0,3600000000000,42,32768,64,134217728,ctx,69726656,0,0,0,0,0,0,848,72.379186
49,bench_p26_wt,bench_p26_wt_many,0,64,0,0,512,3,0,0,3600000000000,42,32768,64,134217728,heap,69726656,0,0,0,0,0,0,784,72.379233
49,bench_p26_wt,bench_p26_wt_many,0,64,0,0,512,3,0,0,3600000000000,42,32768,64,134217728,usage,69726656,0,0,0,0,0,0,524288,72.379278
50,bench_p26_wt,bench_p26_wt_many,0,64,0,0,1024,3,0,0,3600000000000,42,65536,64,134217728,write,70280576,5821860968,1945177,57435,5821860968,228066404,235253760,3600025290412,75.777933
50,bench_p26_wt,bench_p26_wt_many,0,64,0,0,1024,3,0,0,3600000000000,42,65536,64,134217728,stack,70280576,0,0,0,0,0,0,3488,75.778112
50,bench_p26_wt,bench_p26_wt_many,0,64,0,0,1024,3,0,0,3600000000000,42,65536,64,134217728,ctx,70280576,0,0,0,0,0,0,848,75.778169
50,bench_p26_wt,bench_p26_wt_many,0,64,0,0,1024,3,0,0,3600000000000,42,65536,64,134217728,heap,70280576,0,0,0,0,0,0,784,75.778217
50,bench_p26_wt,bench_p26_wt_many,0,64,0,0,1024,3,0,0,3600000000000,42,65536,64,134217728,usage,70280576,0,0,0,0,0,0,1052672,75.778261
51,bench_p26_wt,bench_p26_wt_many,0,64,0,0,2048,3,0,0,3600000000000,42,131072,64,134217728,write,69304320,5955975416,1930465,57447,5955975416,227957114,235302912,3600041092558,76.912752
51,bench_p26_wt,bench_p26_wt_many,0,64,0,0,2048,3,0,0,3600000000000,42,131072,64,134217728,stack,69304320,0,0,0,0,0,0,3488,76.912853
51,bench_p26_wt,bench_p26_wt_many,0,64,0,0,2048,3,0,0,3600000000000,42,131072,64,134217728,ctx,69304320,0,0,0,0,0,0,848,76.912906
51,bench_p26_wt,bench_p26_wt_many,0,64,0,0,2048,3,0,0,3600000000000,42,131072,64,134217728,heap,69304320,0,0,0,0,0,0,784,76.913035
51,bench_p26_wt,bench_p26_wt_many,0,64,0,0,2048,3,0,0,3600000000000,42,131072,64,134217728,usage,69304320,0,0,0,0,0,0,2035712,76.913082
52,bench_p26_wt,bench_p26_wt_many,0,64,0,0,4096,3,0,0,3600000000000,42,262144,64,134217728,write,69014080,6171473643,1923222,57320,6171473643,227108311,234782720,3600031937965,79.079645
52,bench_p26_wt,bench_p26_wt_many,0,64,0,0,4096,3,0,0,3600000000000,42,262144,64,134217728,stack,69014080,0,0,0,0,0,0,3488,79.079747
52,bench_p26_wt,bench_p26_wt_many,0,64,0,0,4096,3,0,0,3600000000000,42,262144,64,134217728,ctx,69014080,0,0,0,0,0,0,848,79.079798
52,bench_p26_wt,bench_p26_wt_many,0,64,0,0,4096,3,0,0,3600000000000,42,262144,64,134217728,heap,69014080,0,0,0,0,0,0,784,79.079843
52,bench_p26_wt,bench_p26_wt_many,0,64,0,0,4096,3,0,0,3600000000000,42,262144,64,134217728,usage,69014080,0,0,0,0,0,0,4042752,79.079888
55,bench_p26_wt,bench_p26_wt_many,0,64,0,0,32768,3,0,0,3600000000000,42,2097152,64,134217728,write,65273856,6305946422,1881890,57569,6305946422,223237770,235802624,3600003883694,79.476241
55,bench_p26_wt,bench_p26_wt_many,0,64,0,0,32768,3,0,0,3600000000000,42,2097152,64,134217728,stack,65273856,0,0,0,0,0,0,3488,79.476338
55,bench_p26_wt,bench_p26_wt_many,0,64,0,0,32768,3,0,0,3600000000000,42,2097152,64,134217728,ctx,65273856,0,0,0,0,0,0,848,79.476393
55,bench_p26_wt,bench_p26_wt_many,0,64,0,0,32768,3,0,0,3600000000000,42,2097152,64,134217728,heap,65273856,0,0,0,0,0,0,784,79.476444
55,bench_p26_wt,bench_p26_wt_many,0,64,0,0,32768,3,0,0,3600000000000,42,2097152,64,134217728,usage,65273856,0,0,0,0,0,0,31920128,79.476493
54,bench_p26_wt,bench_p26_wt_many,0,64,0,0,16384,3,0,0,3600000000000,42,1048576,64,134217728,write,67572672,6364741301,1900009,57355,6364741301,225120683,234926080,3600011661049,80.778893
54,bench_p26_wt,bench_p26_wt_many,0,64,0,0,16384,3,0,0,3600000000000,42,1048576,64,134217728,stack,67572672,0,0,0,0,0,0,3488,80.778995
54,bench_p26_wt,bench_p26_wt_many,0,64,0,0,16384,3,0,0,3600000000000,42,1048576,64,134217728,ctx,67572672,0,0,0,0,0,0,848,80.787311
54,bench_p26_wt,bench_p26_wt_many,0,64,0,0,16384,3,0,0,3600000000000,42,1048576,64,134217728,heap,67572672,0,0,0,0,0,0,784,80.787385
54,bench_p26_wt,bench_p26_wt_many,0,64,0,0,16384,3,0,0,3600000000000,42,1048576,64,134217728,usage,67572672,0,0,0,0,0,0,16039936,80.787433
53,bench_p26_wt,bench_p26_wt_many,0,64,0,0,8192,3,0,0,3600000000000,42,524288,64,134217728,write,68585344,6321543828,1914784,57262,6321543828,226203687,234545152,3600031355397,81.632905
53,bench_p26_wt,bench_p26_wt_many,0,64,0,0,8192,3,0,0,3600000000000,42,524288,64,134217728,stack,68585344,0,0,0,0,0,0,3488,81.632998
53,bench_p26_wt,bench_p26_wt_many,0,64,0,0,8192,3,0,0,3600000000000,42,524288,64,134217728,ctx,68585344,0,0,0,0,0,0,848,81.633046
53,bench_p26_wt,bench_p26_wt_many,0,64,0,0,8192,3,0,0,3600000000000,42,524288,64,134217728,heap,68585344,0,0,0,0,0,0,784,81.633088
53,bench_p26_wt,bench_p26_wt_many,0,64,0,0,8192,3,0,0,3600000000000,42,524288,64,134217728,usage,68585344,0,0,0,0,0,0,8065024,81.633129
56,bench_p26_wt,bench_p26_wt_many,0,64,0,0,65536,3,0,0,3600000000000,42,4194304,64,134217728,write,62019968,6191631056,1836331,58078,6191631056,219407039,237887488,3600033369517,47.983814
56,bench_p26_wt,bench_p26_wt_many,0,64,0,0,65536,3,0,0,3600000000000,42,4194304,64,134217728,stack,62019968,0,0,0,0,0,0,3488,47.983898
56,bench_p26_wt,bench_p26_wt_many,0,64,0,0,65536,3,0,0,3600000000000,42,4194304,64,134217728,ctx,62019968,0,0,0,0,0,0,848,47.983938
56,bench_p26_wt,bench_p26_wt_many,0,64,0,0,65536,3,0,0,3600000000000,42,4194304,64,134217728,heap,62019968,0,0,0,0,0,0,784,47.983972
56,bench_p26_wt,bench_p26_wt_many,0,64,0,0,65536,3,0,0,3600000000000,42,4194304,64,134217728,usage,62019968,0,0,0,0,0,0,64077824,47.984004
57,bench_p26_wt,bench_p26_wt_many,0,64,0,0,131072,3,0,0,3600000000000,42,8388608,64,134217728,write,22185024,33607842102,1932109,55122,33607842102,193095743,225779712,4601489329181,199.616744
57,bench_p26_wt,bench_p26_wt_many,0,64,0,0,131072,3,0,0,3600000000000,42,8388608,64,134217728,stack,22185024,0,0,0,0,0,0,3488,199.616839
57,bench_p26_wt,bench_p26_wt_many,0,64,0,0,131072,3,0,0,3600000000000,42,8388608,64,134217728,ctx,22185024,0,0,0,0,0,0,848,199.616880
57,bench_p26_wt,bench_p26_wt_many,0,64,0,0,131072,3,0,0,3600000000000,42,8388608,64,134217728,heap,22185024,0,0,0,0,0,0,784,199.616915
57,bench_p26_wt,bench_p26_wt_many,0,64,0,0,131072,3,0,0,3600000000000,42,8388608,64,134217728,usage,22185024,0,0,0,0,0,0,113127424,199.616949
58,bench_p26_wt,bench_p26_wt_many,0,64,0,0,262144,3,0,0,3600000000000,42,16777216,64,134217728,write,17266112,36033709212,1835722,53532,36033709212,186866039,219267072,4588290648629,218.537579
58,bench_p26_wt,bench_p26_wt_many,0,64,0,0,262144,3,0,0,3600000000000,42,16777216,64,134217728,stack,17266112,0,0,0,0,0,0,3536,218.537653
58,bench_p26_wt,bench_p26_wt_many,0,64,0,0,262144,3,0,0,3600000000000,42,16777216,64,134217728,ctx,17266112,0,0,0,0,0,0,848,218.537687
58,bench_p26_wt,bench_p26_wt_many,0,64,0,0,262144,3,0,0,3600000000000,42,16777216,64,134217728,heap,17266112,0,0,0,0,0,0,784,218.537718
58,bench_p26_wt,bench_p26_wt_many,0,64,0,0,262144,3,0,0,3600000000000,42,16777216,64,134217728,usage,17266112,0,0,0,0,0,0,112934912,218.537742
59,bench_p26_wt,bench_p26_wt_many,0,64,0,0,524288,3,0,0,3600000000000,42,33554432,64,134217728,write,16275904,38277420520,1826295,53450,38277420520,188000787,218931200,4670598764713,224.888266
59,bench_p26_wt,bench_p26_wt_many,0,64,0,0,524288,3,0,0,3600000000000,42,33554432,64,134217728,stack,16275904,0,0,0,0,0,0,3536,224.888336
59,bench_p26_wt,bench_p26_wt_many,0,64,0,0,524288,3,0,0,3600000000000,42,33554432,64,134217728,ctx,16275904,0,0,0,0,0,0,848,224.888367
59,bench_p26_wt,bench_p26_wt_many,0,64,0,0,524288,3,0,0,3600000000000,42,33554432,64,134217728,heap,16275904,0,0,0,0,0,0,784,224.888392
59,bench_p26_wt,bench_p26_wt_many,0,64,0,0,524288,3,0,0,3600000000000,42,33554432,64,134217728,usage,16275904,0,0,0,0,0,0,113057792,224.888414
64,bench_p26_wt,bench_p26_wt_logging,0,64,0,0,256,3,0,0,3600000000000,42,16384,64,134217728,write,37215616,273144721,3458089,48929,273144721,192573816,200413184,3600002166160,14.218450
64,bench_p26_wt,bench_p26_wt_logging,0,64,0,0,256,3,0,0,3600000000000,42,16384,64,134217728,stack,37215616,0,0,0,0,0,0,3264,14.218576
64,bench_p26_wt,bench_p26_wt_logging,0,64,0,0,256,3,0,0,3600000000000,42,16384,64,134217728,ctx,37215616,0,0,0,0,0,0,624,14.218635
64,bench_p26_wt,bench_p26_wt_logging,0,64,0,0,256,3,0,0,3600000000000,42,16384,64,134217728,heap,37215616,0,0,0,0,0,0,784,14.218684
64,bench_p26_wt,bench_p26_wt_logging,0,64,0,0,256,3,0,0,3600000000000,42,16384,64,134217728,usage,37215616,0,0,0,0,0,0,45056,14.218730
65,bench_p26_wt,bench_p26_wt_logging,0,64,0,0,512,3,0,0,3600000000000,42,32768,64,134217728,write,34083072,348946491,3227586,50908,348946491,200785197,208519168,3600011889039,15.239164
65,bench_p26_wt,bench_p26_wt_logging,0,64,0,0,512,3,0,0,3600000000000,42,32768,64,134217728,stack,34083072,0,0,0,0,0,0,3264,15.239268
65,bench_p26_wt,bench_p26_wt_logging,0,64,0,0,512,3,0,0,3600000000000,42,32768,64,134217728,ctx,34083072,0,0,0,0,0,0,624,15.239324
65,bench_p26_wt,bench_p26_wt_logging,0,64,0,0,512,3,0,0,3600000000000,42,32768,64,134217728,heap,34083072,0,0,0,0,0,0,784,15.239373
65,bench_p26_wt,bench_p26_wt_logging,0,64,0,0,512,3,0,0,3600000000000,42,32768,64,134217728,usage,34083072,0,0,0,0,0,0,61440,15.239420
60,bench_p26_wt,bench_p26_wt_logging,0,64,0,0,16,3,0,0,3600000000000,42,1024,64,134217728,write,41962624,190536788,3720915,46670,190536788,182487464,191160320,3600018285976,15.375336
60,bench_p26_wt,bench_p26_wt_logging,0,64,0,0,16,3,0,0,3600000000000,42,1024,64,134217728,stack,41962624,0,0,0,0,0,0,3296,15.375497
60,bench_p26_wt,bench_p26_wt_logging,0,64,0,0,16,3,0,0,3600000000000,42,1024,64,134217728,ctx,41962624,0,0,0,0,0,0,624,15.375552
60,bench_p26_wt,bench_p26_wt_logging,0,64,0,0,16,3,0,0,3600000000000,42,1024,64,134217728,heap,41962624,0,0,0,0,0,0,784,15.375600
60,bench_p26_wt,bench_p26_wt_logging,0,64,0,0,16,3,0,0,3600000000000,42,1024,64,134217728,usage,41962624,0,0,0,0,0,0,24576,15.375663
61,bench_p26_wt,bench_p26_wt_logging,0,64,0,0,32,3,0,0,3600000000000,42,2048,64,134217728,write,41139968,216399355,3693832,46887,216399355,183591830,192049152,3600001813338,15.641886
61,bench_p26_wt,bench_p26_wt_logging,0,64,0,0,32,3,0,0,3600000000000,42,2048,64,134217728,stack,41139968,0,0,0,0,0,0,3296,15.641988
61,bench_p26_wt,bench_p26_wt_logging,0,64,0,0,32,3,0,0,3600000000000,42,2048,64,134217728,ctx,41139968,0,0,0,0,0,0,624,15.642042
61,bench_p26_wt,bench_p26_wt_logging,0,64,0,0,32,3,0,0,3600000000000,42,2048,64,134217728,heap,41139968,0,0,0,0,0,0,784,15.642089
61,bench_p26_wt,bench_p26_wt_logging,0,64,0,0,32,3,0,0,3600000000000,42,2048,64,134217728,usage,41139968,0,0,0,0,0,0,24576,15.642133
62,bench_p26_wt,bench_p26_wt_logging,0,64,0,0,64,3,0,0,3600000000000,42,4096,64,134217728,write,39248128,268233951,3573662,47909,268233951,186163710,196235264,3600029307570,16.214812
62,bench_p26_wt,bench_p26_wt_logging,0,64,0,0,64,3,0,0,3600000000000,42,4096,64,134217728,stack,39248128,0,0,0,0,0,0,3296,16.214916
62,bench_p26_wt,bench_p26_wt_logging,0,64,0,0,64,3,0,0,3600000000000,42,4096,64,134217728,ctx,39248128,0,0,0,0,0,0,624,16.214968
62,bench_p26_wt,bench_p26_wt_logging,0,64,0,0,64,3,0,0,3600000000000,42,4096,64,134217728,heap,39248128,0,0,0,0,0,0,784,16.215015
62,bench_p26_wt,bench_p26_wt_logging,0,64,0,0,64,3,0,0,3600000000000,42,4096,64,134217728,usage,39248128,0,0,0,0,0,0,28672,16.215060
66,bench_p26_wt,bench_p26_wt_logging,0,64,0,0,1024,3,0,0,3600000000000,42,65536,64,134217728,write,31020160,431045939,3048001,52429,431045939,207241139,214749184,3600004498753,16.397461
66,bench_p26_wt,bench_p26_wt_logging,0,64,0,0,1024,3,0,0,3600000000000,42,65536,64,134217728,stack,31020160,0,0,0,0,0,0,3264,16.397561
66,bench_p26_wt,bench_p26_wt_logging,0,64,0,0,1024,3,0,0,3600000000000,42,65536,64,134217728,ctx,31020160,0,0,0,0,0,0,624,16.397615
66,bench_p26_wt,bench_p26_wt_logging,0,64,0,0,1024,3,0,0,3600000000000,42,65536,64,134217728,heap,31020160,0,0,0,0,0,0,784,16.397662
66,bench_p26_wt,bench_p26_wt_logging,0,64,0,0,1024,3,0,0,3600000000000,42,65536,64,134217728,usage,31020160,0,0,0,0,0,0,102400,16.397708
63,bench_p26_wt,bench_p26_wt_logging,0,64,0,0,128,3,0,0,3600000000000,42,8192,64,134217728,write,36757760,313785527,3405721,49359,313785527,192933608,202174464,3600030153424,16.894095
63,bench_p26_wt,bench_p26_wt_logging,0,64,0,0,128,3,0,0,3600000000000,42,8192,64,134217728,stack,36757760,0,0,0,0,0,0,3264,16.894197
63,bench_p26_wt,bench_p26_wt_logging,0,64,0,0,128,3,0,0,3600000000000,42,8192,64,134217728,ctx,36757760,0,0,0,0,0,0,624,16.894269
63,bench_p26_wt,bench_p26_wt_logging,0,64,0,0,128,3,0,0,3600000000000,42,8192,64,134217728,heap,36757760,0,0,0,0,0,0,784,16.894317
63,bench_p26_wt,bench_p26_wt_logging,0,64,0,0,128,3,0,0,3600000000000,42,8192,64,134217728,usage,36757760,0,0,0,0,0,0,32768,16.894360
68,bench_p26_wt,bench_p26_wt_logging,0,64,0,0,4096,3,0,0,3600000000000,42,262144,64,134217728,write,18173120,777946429,2946340,53024,777946429,208626580,217186304,3600003629444,17.601085
68,bench_p26_wt,bench_p26_wt_logging,0,64,0,0,4096,3,0,0,3600000000000,42,262144,64,134217728,stack,18173120,0,0,0,0,0,0,3264,17.601183
68,bench_p26_wt,bench_p26_wt_logging,0,64,0,0,4096,3,0,0,3600000000000,42,262144,64,134217728,ctx,18173120,0,0,0,0,0,0,624,17.601232
68,bench_p26_wt,bench_p26_wt_logging,0,64,0,0,4096,3,0,0,3600000000000,42,262144,64,134217728,heap,18173120,0,0,0,0,0,0,784,17.601275
68,bench_p26_wt,bench_p26_wt_logging,0,64,0,0,4096,3,0,0,3600000000000,42,262144,64,134217728,usage,18173120,0,0,0,0,0,0,319488,17.601317
67,bench_p26_wt,bench_p26_wt_logging,0,64,0,0,2048,3,0,0,3600000000000,42,131072,64,134217728,write,26261248,712323648,2755849,54773,712323648,216013146,224350208,3600000929454,17.806334
67,bench_p26_wt,bench_p26_wt_logging,0,64,0,0,2048,3,0,0,3600000000000,42,131072,64,134217728,stack,26261248,0,0,0,0,0,0,3264,17.806439
67,bench_p26_wt,bench_p26_wt_logging,0,64,0,0,2048,3,0,0,3600000000000,42,131072,64,134217728,ctx,26261248,0,0,0,0,0,0,624,17.806499
67,bench_p26_wt,bench_p26_wt_logging,0,64,0,0,2048,3,0,0,3600000000000,42,131072,64,134217728,heap,26261248,0,0,0,0,0,0,784,17.806541
67,bench_p26_wt,bench_p26_wt_logging,0,64,0,0,2048,3,0,0,3600000000000,42,131072,64,134217728,usage,26261248,0,0,0,0,0,0,172032,17.806583
70,bench_p26_wt,bench_p26_wt_logging,0,64,0,0,16384,3,0,0,3600000000000,42,1048576,64,134217728,write,16707712,793878468,2766732,54605,793878468,214284624,223662080,3600025099152,18.786967
70,bench_p26_wt,bench_p26_wt_logging,0,64,0,0,16384,3,0,0,3600000000000,42,1048576,64,134217728,stack,16707712,0,0,0,0,0,0,3264,18.787071
70,bench_p26_wt,bench_p26_wt_logging,0,64,0,0,16384,3,0,0,3600000000000,42,1048576,64,134217728,ctx,16707712,0,0,0,0,0,0,624,18.787123
70,bench_p26_wt,bench_p26_wt_logging,0,64,0,0,16384,3,0,0,3600000000000,42,1048576,64,134217728,heap,16707712,0,0,0,0,0,0,784,18.787168
70,bench_p26_wt,bench_p26_wt_logging,0,64,0,0,16384,3,0,0,3600000000000,42,1048576,64,134217728,usage,16707712,0,0,0,0,0,0,1228800,18.787212
71,bench_p26_wt,bench_p26_wt_logging,0,64,0,0,32768,3,0,0,3600000000000,42,2097152,64,134217728,write,15992704,840673598,2659584,55515,840673598,218324755,227389440,3600049528857,18.905698
71,bench_p26_wt,bench_p26_wt_logging,0,64,0,0,32768,3,0,0,3600000000000,42,2097152,64,134217728,stack,15992704,0,0,0,0,0,0,3264,18.905792
71,bench_p26_wt,bench_p26_wt_logging,0,64,0,0,32768,3,0,0,3600000000000,42,2097152,64,134217728,ctx,15992704,0,0,0,0,0,0,624,18.905849
71,bench_p26_wt,bench_p26_wt_logging,0,64,0,0,32768,3,0,0,3600000000000,42,2097152,64,134217728,heap,15992704,0,0,0,0,0,0,784,18.905894
71,bench_p26_wt,bench_p26_wt_logging,0,64,0,0,32768,3,0,0,3600000000000,42,2097152,64,134217728,usage,15992704,0,0,0,0,0,0,2449408,18.905936
69,bench_p26_wt,bench_p26_wt_logging,0,64,0,0,8192,3,0,0,3600000000000,42,524288,64,134217728,write,16761024,835886958,2784882,54408,835886958,213761724,222855168,3600093091620,19.483132
69,bench_p26_wt,bench_p26_wt_logging,0,64,0,0,8192,3,0,0,3600000000000,42,524288,64,134217728,stack,16761024,0,0,0,0,0,0,3280,19.483221
69,bench_p26_wt,bench_p26_wt_logging,0,64,0,0,8192,3,0,0,3600000000000,42,524288,64,134217728,ctx,16761024,0,0,0,0,0,0,624,19.483263
69,bench_p26_wt,bench_p26_wt_logging,0,64,0,0,8192,3,0,0,3600000000000,42,524288,64,134217728,heap,16761024,0,0,0,0,0,0,784,19.483297
69,bench_p26_wt,bench_p26_wt_logging,0,64,0,0,8192,3,0,0,3600000000000,42,524288,64,134217728,usage,16761024,0,0,0,0,0,0,593920,19.483328
72,bench_p26_wt,bench_p26_wt_logging,0,64,0,0,65536,3,0,0,3600000000000,42,4194304,64,134217728,write,15251136,989158543,2527248,56557,989158543,222905346,231657472,3600013218430,11.477432
72,bench_p26_wt,bench_p26_wt_logging,0,64,0,0,65536,3,0,0,3600000000000,42,4194304,64,134217728,stack,15251136,0,0,0,0,0,0,3264,11.477532
72,bench_p26_wt,bench_p26_wt_logging,0,64,0,0,65536,3,0,0,3600000000000,42,4194304,64,134217728,ctx,15251136,0,0,0,0,0,0,624,11.477573
72,bench_p26_wt,bench_p26_wt_logging,0,64,0,0,65536,3,0,0,3600000000000,42,4194304,64,134217728,heap,15251136,0,0,0,0,0,0,784,11.477607
72,bench_p26_wt,bench_p26_wt_logging,0,64,0,0,65536,3,0,0,3600000000000,42,4194304,64,134217728,usage,15251136,0,0,0,0,0,0,4882432,11.477639
73,bench_p26_wt,bench_p26_wt_logging,0,64,0,0,131072,3,0,0,3600000000000,42,8388608,64,134217728,write,14798336,972318548,2705278,54992,972318548,216181318,225247232,3600023753298,11.257263
73,bench_p26_wt,bench_p26_wt_logging,0,64,0,0,131072,3,0,0,3600000000000,42,8388608,64,134217728,stack,14798336,0,0,0,0,0,0,3264,11.257330
73,bench_p26_wt,bench_p26_wt_logging,0,64,0,0,131072,3,0,0,3600000000000,42,8388608,64,134217728,ctx,14798336,0,0,0,0,0,0,624,11.257370
73,bench_p26_wt,bench_p26_wt_logging,0,64,0,0,131072,3,0,0,3600000000000,42,8388608,64,134217728,heap,14798336,0,0,0,0,0,0,784,11.257396
73,bench_p26_wt,bench_p26_wt_logging,0,64,0,0,131072,3,0,0,3600000000000,42,8388608,64,134217728,usage,14798336,0,0,0,0,0,0,9486336,11.257422
74,bench_p26_wt,bench_p26_wt_logging,0,64,0,0,262144,3,0,0,3600000000000,42,16777216,64,134217728,write,17615808,991028307,2773762,54367,991028307,213788478,222687232,3600004885650,10.775997
74,bench_p26_wt,bench_p26_wt_logging,0,64,0,0,262144,3,0,0,3600000000000,42,16777216,64,134217728,stack,17615808,0,0,0,0,0,0,3280,10.776049
74,bench_p26_wt,bench_p26_wt_logging,0,64,0,0,262144,3,0,0,3600000000000,42,16777216,64,134217728,ctx,17615808,0,0,0,0,0,0,624,10.776077
74,bench_p26_wt,bench_p26_wt_logging,0,64,0,0,262144,3,0,0,3600000000000,42,16777216,64,134217728,heap,17615808,0,0,0,0,0,0,784,10.776100
74,bench_p26_wt,bench_p26_wt_logging,0,64,0,0,262144,3,0,0,3600000000000,42,16777216,64,134217728,usage,17615808,0,0,0,0,0,0,18399232,10.776119
75,bench_p26_wt,bench_p26_wt_logging,0,64,0,0,524288,3,0,0,3600000000000,42,33554432,64,134217728,write,18079424,991158070,2788358,54238,991158070,213300443,222158848,3600036245169,10.822128
75,bench_p26_wt,bench_p26_wt_logging,0,64,0,0,524288,3,0,0,3600000000000,42,33554432,64,134217728,stack,18079424,0,0,0,0,0,0,3280,10.822196
75,bench_p26_wt,bench_p26_wt_logging,0,64,0,0,524288,3,0,0,3600000000000,42,33554432,64,134217728,ctx,18079424,0,0,0,0,0,0,624,10.822227
75,bench_p26_wt,bench_p26_wt_logging,0,64,0,0,524288,3,0,0,3600000000000,42,33554432,64,134217728,heap,18079424,0,0,0,0,0,0,784,10.822251
75,bench_p26_wt,bench_p26_wt_logging,0,64,0,0,524288,3,0,0,3600000000000,42,33554432,64,134217728,usage,18079424,0,0,0,0,0,0,19755008,10.822273
