i,suite,case,SEED,SIM_SIZE,FILE_SIZE,FS,CHUNK,DISK_SIZE,SIM_TIME,SKIP_WARMUP,FILE_COUNT,SIZE,DISK_GEOMETRY,NO_FRUNCATE,probe,n,bench_reads,bench_progs,bench_erases,bench_readed,bench_progged,bench_erased,bench_simtime,bench_runtime
14,bench_p26_wt,bench_p26_wt_linear,42,0,64,2,64,67108864,3600000000000,0,32768,2097152,1,0,write,6098520576,11969997,11914083,49437,6101225196,6100010496,6479806464,3600000343428,51.013801
14,bench_p26_wt,bench_p26_wt_linear,42,0,64,2,64,67108864,3600000000000,0,32768,2097152,1,0,stack,6098520576,0,0,0,0,0,0,1856,51.014019
14,bench_p26_wt,bench_p26_wt_linear,42,0,64,2,64,67108864,3600000000000,0,32768,2097152,1,0,ctx,6098520576,0,0,0,0,0,0,400,51.014073
14,bench_p26_wt,bench_p26_wt_linear,42,0,64,2,64,67108864,3600000000000,0,32768,2097152,1,0,heap,6098520576,0,0,0,0,0,0,1552,51.014120
14,bench_p26_wt,bench_p26_wt_linear,42,0,64,2,64,67108864,3600000000000,0,32768,2097152,1,0,usage,6098520576,0,0,0,0,0,0,393216,51.014170
15,bench_p26_wt,bench_p26_wt_linear,42,0,64,2,64,134217728,3600000000000,0,32768,2097152,1,0,write,6098520064,11970011,11914082,49437,6101224852,6100009984,6479806464,3600000421372,52.138911
15,bench_p26_wt,bench_p26_wt_linear,42,0,64,2,64,134217728,3600000000000,0,32768,2097152,1,0,stack,6098520064,0,0,0,0,0,0,1856,52.139012
15,bench_p26_wt,bench_p26_wt_linear,42,0,64,2,64,134217728,3600000000000,0,32768,2097152,1,0,ctx,6098520064,0,0,0,0,0,0,400,52.139066
15,bench_p26_wt,bench_p26_wt_linear,42,0,64,2,64,134217728,3600000000000,0,32768,2097152,1,0,heap,6098520064,0,0,0,0,0,0,1552,52.139113
15,bench_p26_wt,bench_p26_wt_linear,42,0,64,2,64,134217728,3600000000000,0,32768,2097152,1,0,usage,6098520064,0,0,0,0,0,0,393216,52.139158
17,bench_p26_wt,bench_p26_wt_linear,42,0,64,2,64,536870912,3600000000000,0,32768,2097152,1,0,write,6098521600,11969980,11914085,49437,6101223688,6100011520,6479806464,3600000416152,55.189347
17,bench_p26_wt,bench_p26_wt_linear,42,0,64,2,64,536870912,3600000000000,0,32768,2097152,1,0,stack,6098521600,0,0,0,0,0,0,1856,55.189451
17,bench_p26_wt,bench_p26_wt_linear,42,0,64,2,64,536870912,3600000000000,0,32768,2097152,1,0,ctx,6098521600,0,0,0,0,0,0,400,55.189503
17,bench_p26_wt,bench_p26_wt_linear,42,0,64,2,64,536870912,3600000000000,0,32768,2097152,1,0,heap,6098521600,0,0,0,0,0,0,1552,55.189550
17,bench_p26_wt,bench_p26_wt_linear,42,0,64,2,64,536870912,3600000000000,0,32768,2097152,1,0,usage,6098521600,0,0,0,0,0,0,393216,55.189598
13,bench_p26_wt,bench_p26_wt_linear,42,0,64,2,64,33554432,3600000000000,0,32768,2097152,1,0,write,6098518592,11970069,11914080,49437,6101229160,6100008960,6479806464,3600001409464,69.626379
13,bench_p26_wt,bench_p26_wt_linear,42,0,64,2,64,33554432,3600000000000,0,32768,2097152,1,0,stack,6098518592,0,0,0,0,0,0,1856,69.626489
13,bench_p26_wt,bench_p26_wt_linear,42,0,64,2,64,33554432,3600000000000,0,32768,2097152,1,0,ctx,6098518592,0,0,0,0,0,0,400,69.626542
13,bench_p26_wt,bench_p26_wt_linear,42,0,64,2,64,33554432,3600000000000,0,32768,2097152,1,0,heap,6098518592,0,0,0,0,0,0,1552,69.626588
13,bench_p26_wt,bench_p26_wt_linear,42,0,64,2,64,33554432,3600000000000,0,32768,2097152,1,0,usage,6098518592,0,0,0,0,0,0,393216,69.626632
12,bench_p26_wt,bench_p26_wt_linear,42,0,64,2,64,16777216,3600000000000,0,32768,2097152,1,0,write,6098501056,11970532,11914045,49435,6101279100,6099991040,6479544320,3600000719412,71.254878
12,bench_p26_wt,bench_p26_wt_linear,42,0,64,2,64,16777216,3600000000000,0,32768,2097152,1,0,stack,6098501056,0,0,0,0,0,0,1856,71.254974
12,bench_p26_wt,bench_p26_wt_linear,42,0,64,2,64,16777216,3600000000000,0,32768,2097152,1,0,ctx,6098501056,0,0,0,0,0,0,400,71.255036
12,bench_p26_wt,bench_p26_wt_linear,42,0,64,2,64,16777216,3600000000000,0,32768,2097152,1,0,heap,6098501056,0,0,0,0,0,0,1552,71.255072
12,bench_p26_wt,bench_p26_wt_linear,42,0,64,2,64,16777216,3600000000000,0,32768,2097152,1,0,usage,6098501056,0,0,0,0,0,0,2359296,71.255106
16,bench_p26_wt,bench_p26_wt_linear,42,0,64,2,64,268435456,3600000000000,0,32768,2097152,1,0,write,6098522112,11969975,11914086,49437,6101224156,6100012032,6479806464,3600000561748,72.172783
16,bench_p26_wt,bench_p26_wt_linear,42,0,64,2,64,268435456,3600000000000,0,32768,2097152,1,0,stack,6098522112,0,0,0,0,0,0,1856,72.172892
16,bench_p26_wt,bench_p26_wt_linear,42,0,64,2,64,268435456,3600000000000,0,32768,2097152,1,0,ctx,6098522112,0,0,0,0,0,0,400,72.172940
16,bench_p26_wt,bench_p26_wt_linear,42,0,64,2,64,268435456,3600000000000,0,32768,2097152,1,0,heap,6098522112,0,0,0,0,0,0,1552,72.172980
16,bench_p26_wt,bench_p26_wt_linear,42,0,64,2,64,268435456,3600000000000,0,32768,2097152,1,0,usage,6098522112,0,0,0,0,0,0,393216,72.173020
18,bench_p26_wt,bench_p26_wt_linear,42,0,64,2,64,1073741824,3600000000000,0,32768,2097152,1,0,write,6098521600,11969986,11914085,49437,6101223736,6100011520,6479806464,3600000564520,74.881645
18,bench_p26_wt,bench_p26_wt_linear,42,0,64,2,64,1073741824,3600000000000,0,32768,2097152,1,0,stack,6098521600,0,0,0,0,0,0,1856,74.881735
18,bench_p26_wt,bench_p26_wt_linear,42,0,64,2,64,1073741824,3600000000000,0,32768,2097152,1,0,ctx,6098521600,0,0,0,0,0,0,400,74.881778
18,bench_p26_wt,bench_p26_wt_linear,42,0,64,2,64,1073741824,3600000000000,0,32768,2097152,1,0,heap,6098521600,0,0,0,0,0,0,1552,74.881816
18,bench_p26_wt,bench_p26_wt_linear,42,0,64,2,64,1073741824,3600000000000,0,32768,2097152,1,0,usage,6098521600,0,0,0,0,0,0,393216,74.881852
19,bench_p26_wt,bench_p26_wt_linear,42,0,64,2,64,2147483648,3600000000000,0,32768,2097152,1,0,write,6098371008,11973140,11913791,49434,6101480636,6099860992,6479413248,3600000742388,80.421282
19,bench_p26_wt,bench_p26_wt_linear,42,0,64,2,64,2147483648,3600000000000,0,32768,2097152,1,0,stack,6098371008,0,0,0,0,0,0,2000,80.421392
19,bench_p26_wt,bench_p26_wt_linear,42,0,64,2,64,2147483648,3600000000000,0,32768,2097152,1,0,ctx,6098371008,0,0,0,0,0,0,400,80.421431
19,bench_p26_wt,bench_p26_wt_linear,42,0,64,2,64,2147483648,3600000000000,0,32768,2097152,1,0,heap,6098371008,0,0,0,0,0,0,1552,80.421465
19,bench_p26_wt,bench_p26_wt_linear,42,0,64,2,64,2147483648,3600000000000,0,32768,2097152,1,0,usage,6098371008,0,0,0,0,0,0,2490368,80.421500
20,bench_p26_wt,bench_p26_wt_linear,42,0,64,2,64,4294967296,3600000000000,0,32768,2097152,1,0,write,6098297792,11974548,11913648,49434,6101609740,6099787776,6479413248,3600000677860,89.039632
20,bench_p26_wt,bench_p26_wt_linear,42,0,64,2,64,4294967296,3600000000000,0,32768,2097152,1,0,stack,6098297792,0,0,0,0,0,0,2000,89.039696
20,bench_p26_wt,bench_p26_wt_linear,42,0,64,2,64,4294967296,3600000000000,0,32768,2097152,1,0,ctx,6098297792,0,0,0,0,0,0,400,89.039726
20,bench_p26_wt,bench_p26_wt_linear,42,0,64,2,64,4294967296,3600000000000,0,32768,2097152,1,0,heap,6098297792,0,0,0,0,0,0,1552,89.039753
20,bench_p26_wt,bench_p26_wt_linear,42,0,64,2,64,4294967296,3600000000000,0,32768,2097152,1,0,usage,6098297792,0,0,0,0,0,0,2490368,89.039778
23,bench_p26_wt,bench_p26_wt_random,42,0,64,2,64,67108864,3600000000000,0,32768,2097152,1,0,write,318016,21571105,10701957,43010,10959340807,5479401984,5637406720,3600976858501,279.499581
23,bench_p26_wt,bench_p26_wt_random,42,0,64,2,64,67108864,3600000000000,0,32768,2097152,1,0,stack,318016,0,0,0,0,0,0,1840,279.499686
23,bench_p26_wt,bench_p26_wt_random,42,0,64,2,64,67108864,3600000000000,0,32768,2097152,1,0,ctx,318016,0,0,0,0,0,0,384,279.499738
23,bench_p26_wt,bench_p26_wt_random,42,0,64,2,64,67108864,3600000000000,0,32768,2097152,1,0,heap,318016,0,0,0,0,0,0,1552,279.499782
23,bench_p26_wt,bench_p26_wt_random,42,0,64,2,64,67108864,3600000000000,0,32768,2097152,1,0,usage,318016,0,0,0,0,0,0,2490368,279.499825
25,bench_p26_wt,bench_p26_wt_random,42,0,64,2,64,268435456,3600000000000,0,32768,2097152,1,0,write,318016,21571140,10701957,43010,10959342647,5479401984,5637406720,3600977753621,305.212986
25,bench_p26_wt,bench_p26_wt_random,42,0,64,2,64,268435456,3600000000000,0,32768,2097152,1,0,stack,318016,0,0,0,0,0,0,1840,305.213091
25,bench_p26_wt,bench_p26_wt_random,42,0,64,2,64,268435456,3600000000000,0,32768,2097152,1,0,ctx,318016,0,0,0,0,0,0,384,305.213151
25,bench_p26_wt,bench_p26_wt_random,42,0,64,2,64,268435456,3600000000000,0,32768,2097152,1,0,heap,318016,0,0,0,0,0,0,1552,305.213196
25,bench_p26_wt,bench_p26_wt_random,42,0,64,2,64,268435456,3600000000000,0,32768,2097152,1,0,usage,318016,0,0,0,0,0,0,2490368,305.213250
29,bench_p26_wt,bench_p26_wt_random,42,0,64,2,64,4294967296,3600000000000,0,32768,2097152,1,0,write,318016,21575471,10701957,43010,10959870747,5479401984,5637406720,3601094226177,333.835807
29,bench_p26_wt,bench_p26_wt_random,42,0,64,2,64,4294967296,3600000000000,0,32768,2097152,1,0,stack,318016,0,0,0,0,0,0,1984,333.835901
29,bench_p26_wt,bench_p26_wt_random,42,0,64,2,64,4294967296,3600000000000,0,32768,2097152,1,0,ctx,318016,0,0,0,0,0,0,384,333.835951
29,bench_p26_wt,bench_p26_wt_random,42,0,64,2,64,4294967296,3600000000000,0,32768,2097152,1,0,heap,318016,0,0,0,0,0,0,1552,333.835993
29,bench_p26_wt,bench_p26_wt_random,42,0,64,2,64,4294967296,3600000000000,0,32768,2097152,1,0,usage,318016,0,0,0,0,0,0,2752512,333.836035
22,bench_p26_wt,bench_p26_wt_random,42,0,64,2,64,33554432,3600000000000,0,32768,2097152,1,0,write,318016,21571269,10701957,43010,10959353827,5479401984,5637406720,3600981136345,388.799841
22,bench_p26_wt,bench_p26_wt_random,42,0,64,2,64,33554432,3600000000000,0,32768,2097152,1,0,stack,318016,0,0,0,0,0,0,1840,388.799943
22,bench_p26_wt,bench_p26_wt_random,42,0,64,2,64,33554432,3600000000000,0,32768,2097152,1,0,ctx,318016,0,0,0,0,0,0,384,388.799993
22,bench_p26_wt,bench_p26_wt_random,42,0,64,2,64,33554432,3600000000000,0,32768,2097152,1,0,heap,318016,0,0,0,0,0,0,1552,388.800036
22,bench_p26_wt,bench_p26_wt_random,42,0,64,2,64,33554432,3600000000000,0,32768,2097152,1,0,usage,318016,0,0,0,0,0,0,2490368,388.800077
27,bench_p26_wt,bench_p26_wt_random,42,0,64,2,64,1073741824,3600000000000,0,32768,2097152,1,0,write,318016,21571099,10701957,43010,10959339855,5479401984,5637406720,3600976692957,394.631144
27,bench_p26_wt,bench_p26_wt_random,42,0,64,2,64,1073741824,3600000000000,0,32768,2097152,1,0,stack,318016,0,0,0,0,0,0,1840,394.631241
27,bench_p26_wt,bench_p26_wt_random,42,0,64,2,64,1073741824,3600000000000,0,32768,2097152,1,0,ctx,318016,0,0,0,0,0,0,384,394.631284
27,bench_p26_wt,bench_p26_wt_random,42,0,64,2,64,1073741824,3600000000000,0,32768,2097152,1,0,heap,318016,0,0,0,0,0,0,1552,394.631319
27,bench_p26_wt,bench_p26_wt_random,42,0,64,2,64,1073741824,3600000000000,0,32768,2097152,1,0,usage,318016,0,0,0,0,0,0,2490368,394.631350
24,bench_p26_wt,bench_p26_wt_random,42,0,64,2,64,134217728,3600000000000,0,32768,2097152,1,0,write,318016,21571114,10701957,43010,10959339403,5479401984,5637406720,3600977053009,397.848175
24,bench_p26_wt,bench_p26_wt_random,42,0,64,2,64,134217728,3600000000000,0,32768,2097152,1,0,stack,318016,0,0,0,0,0,0,1840,397.848265
24,bench_p26_wt,bench_p26_wt_random,42,0,64,2,64,134217728,3600000000000,0,32768,2097152,1,0,ctx,318016,0,0,0,0,0,0,384,397.848307
24,bench_p26_wt,bench_p26_wt_random,42,0,64,2,64,134217728,3600000000000,0,32768,2097152,1,0,heap,318016,0,0,0,0,0,0,1552,397.848344
24,bench_p26_wt,bench_p26_wt_random,42,0,64,2,64,134217728,3600000000000,0,32768,2097152,1,0,usage,318016,0,0,0,0,0,0,2490368,397.848380
21,bench_p26_wt,bench_p26_wt_random,42,0,64,2,64,16777216,3600000000000,0,32768,2097152,1,0,write,318016,21574276,10701957,43010,10959586207,5479401984,5637406720,3601059451597,407.961265
21,bench_p26_wt,bench_p26_wt_random,42,0,64,2,64,16777216,3600000000000,0,32768,2097152,1,0,stack,318016,0,0,0,0,0,0,1840,407.961348
21,bench_p26_wt,bench_p26_wt_random,42,0,64,2,64,16777216,3600000000000,0,32768,2097152,1,0,ctx,318016,0,0,0,0,0,0,384,407.961387
21,bench_p26_wt,bench_p26_wt_random,42,0,64,2,64,16777216,3600000000000,0,32768,2097152,1,0,heap,318016,0,0,0,0,0,0,1552,407.961418
21,bench_p26_wt,bench_p26_wt_random,42,0,64,2,64,16777216,3600000000000,0,32768,2097152,1,0,usage,318016,0,0,0,0,0,0,2490368,407.961444
26,bench_p26_wt,bench_p26_wt_random,42,0,64,2,64,536870912,3600000000000,0,32768,2097152,1,0,write,318016,21571105,10701957,43010,10959335355,5479401984,5637406720,3600976754913,413.879972
26,bench_p26_wt,bench_p26_wt_random,42,0,64,2,64,536870912,3600000000000,0,32768,2097152,1,0,stack,318016,0,0,0,0,0,0,1840,413.880053
26,bench_p26_wt,bench_p26_wt_random,42,0,64,2,64,536870912,3600000000000,0,32768,2097152,1,0,ctx,318016,0,0,0,0,0,0,384,413.880098
26,bench_p26_wt,bench_p26_wt_random,42,0,64,2,64,536870912,3600000000000,0,32768,2097152,1,0,heap,318016,0,0,0,0,0,0,1552,413.880126
26,bench_p26_wt,bench_p26_wt_random,42,0,64,2,64,536870912,3600000000000,0,32768,2097152,1,0,usage,318016,0,0,0,0,0,0,2490368,413.880152
28,bench_p26_wt,bench_p26_wt_random,42,0,64,2,64,2147483648,3600000000000,0,32768,2097152,1,0,write,318016,21574167,10701957,43010,10959696559,5479401984,5637406720,3601058869501,416.636401
28,bench_p26_wt,bench_p26_wt_random,42,0,64,2,64,2147483648,3600000000000,0,32768,2097152,1,0,stack,318016,0,0,0,0,0,0,1984,416.636470
28,bench_p26_wt,bench_p26_wt_random,42,0,64,2,64,2147483648,3600000000000,0,32768,2097152,1,0,ctx,318016,0,0,0,0,0,0,384,416.636501
28,bench_p26_wt,bench_p26_wt_random,42,0,64,2,64,2147483648,3600000000000,0,32768,2097152,1,0,heap,318016,0,0,0,0,0,0,1552,416.636525
28,bench_p26_wt,bench_p26_wt_random,42,0,64,2,64,2147483648,3600000000000,0,32768,2097152,1,0,usage,318016,0,0,0,0,0,0,2752512,416.636548
30,bench_p26_wt,bench_p26_wt_many,42,0,64,2,64,16777216,3600000000000,0,32768,2097152,1,0,write,638976,139906889,22822,133,8661037096,11684864,17432576,3609097123576,28.581030
30,bench_p26_wt,bench_p26_wt_many,42,0,64,2,64,16777216,3600000000000,0,32768,2097152,1,0,stack,638976,0,0,0,0,0,0,2288,28.581134
30,bench_p26_wt,bench_p26_wt_many,42,0,64,2,64,16777216,3600000000000,0,32768,2097152,1,0,ctx,638976,0,0,0,0,0,0,640,28.581211
30,bench_p26_wt,bench_p26_wt_many,42,0,64,2,64,16777216,3600000000000,0,32768,2097152,1,0,heap,638976,0,0,0,0,0,0,1552,28.581261
30,bench_p26_wt,bench_p26_wt_many,42,0,64,2,64,16777216,3600000000000,0,32768,2097152,1,0,usage,638976,0,0,0,0,0,0,8912896,28.581303
32,bench_p26_wt,bench_p26_wt_many,42,0,64,2,64,67108864,3600000000000,0,32768,2097152,1,0,write,638976,139906889,22822,133,8661037096,11684864,17432576,3609097123576,30.172459
32,bench_p26_wt,bench_p26_wt_many,42,0,64,2,64,67108864,3600000000000,0,32768,2097152,1,0,stack,638976,0,0,0,0,0,0,2288,30.172559
32,bench_p26_wt,bench_p26_wt_many,42,0,64,2,64,67108864,3600000000000,0,32768,2097152,1,0,ctx,638976,0,0,0,0,0,0,640,30.172608
32,bench_p26_wt,bench_p26_wt_many,42,0,64,2,64,67108864,3600000000000,0,32768,2097152,1,0,heap,638976,0,0,0,0,0,0,1552,30.172651
32,bench_p26_wt,bench_p26_wt_many,42,0,64,2,64,67108864,3600000000000,0,32768,2097152,1,0,usage,638976,0,0,0,0,0,0,8912896,30.172693
34,bench_p26_wt,bench_p26_wt_many,42,0,64,2,64,268435456,3600000000000,0,32768,2097152,1,0,write,638976,139906889,22822,133,8661037096,11684864,17432576,3609097123576,30.438398
34,bench_p26_wt,bench_p26_wt_many,42,0,64,2,64,268435456,3600000000000,0,32768,2097152,1,0,stack,638976,0,0,0,0,0,0,2288,30.438496
34,bench_p26_wt,bench_p26_wt_many,42,0,64,2,64,268435456,3600000000000,0,32768,2097152,1,0,ctx,638976,0,0,0,0,0,0,640,30.438546
34,bench_p26_wt,bench_p26_wt_many,42,0,64,2,64,268435456,3600000000000,0,32768,2097152,1,0,heap,638976,0,0,0,0,0,0,1552,30.438590
34,bench_p26_wt,bench_p26_wt_many,42,0,64,2,64,268435456,3600000000000,0,32768,2097152,1,0,usage,638976,0,0,0,0,0,0,8912896,30.438631
33,bench_p26_wt,bench_p26_wt_many,42,0,64,2,64,134217728,3600000000000,0,32768,2097152,1,0,write,638976,139906889,22822,133,8661037096,11684864,17432576,3609097123576,38.190220
33,bench_p26_wt,bench_p26_wt_many,42,0,64,2,64,134217728,3600000000000,0,32768,2097152,1,0,stack,638976,0,0,0,0,0,0,2288,38.191695
33,bench_p26_wt,bench_p26_wt_many,42,0,64,2,64,134217728,3600000000000,0,32768,2097152,1,0,ctx,638976,0,0,0,0,0,0,640,38.191750
33,bench_p26_wt,bench_p26_wt_many,42,0,64,2,64,134217728,3600000000000,0,32768,2097152,1,0,heap,638976,0,0,0,0,0,0,1552,38.191792
33,bench_p26_wt,bench_p26_wt_many,42,0,64,2,64,134217728,3600000000000,0,32768,2097152,1,0,usage,638976,0,0,0,0,0,0,8912896,38.191832
31,bench_p26_wt,bench_p26_wt_many,42,0,64,2,64,33554432,3600000000000,0,32768,2097152,1,0,write,638976,139906889,22822,133,8661037096,11684864,17432576,3609097123576,39.776266
31,bench_p26_wt,bench_p26_wt_many,42,0,64,2,64,33554432,3600000000000,0,32768,2097152,1,0,stack,638976,0,0,0,0,0,0,2288,39.776367
31,bench_p26_wt,bench_p26_wt_many,42,0,64,2,64,33554432,3600000000000,0,32768,2097152,1,0,ctx,638976,0,0,0,0,0,0,640,39.776414
31,bench_p26_wt,bench_p26_wt_many,42,0,64,2,64,33554432,3600000000000,0,32768,2097152,1,0,heap,638976,0,0,0,0,0,0,1552,39.776455
31,bench_p26_wt,bench_p26_wt_many,42,0,64,2,64,33554432,3600000000000,0,32768,2097152,1,0,usage,638976,0,0,0,0,0,0,8912896,39.776492
35,bench_p26_wt,bench_p26_wt_many,42,0,64,2,64,536870912,3600000000000,0,32768,2097152,1,0,write,638976,139906889,22822,133,8661037096,11684864,17432576,3609097123576,42.590050
35,bench_p26_wt,bench_p26_wt_many,42,0,64,2,64,536870912,3600000000000,0,32768,2097152,1,0,stack,638976,0,0,0,0,0,0,2288,42.590139
35,bench_p26_wt,bench_p26_wt_many,42,0,64,2,64,536870912,3600000000000,0,32768,2097152,1,0,ctx,638976,0,0,0,0,0,0,640,42.590184
35,bench_p26_wt,bench_p26_wt_many,42,0,64,2,64,536870912,3600000000000,0,32768,2097152,1,0,heap,638976,0,0,0,0,0,0,1552,42.590222
35,bench_p26_wt,bench_p26_wt_many,42,0,64,2,64,536870912,3600000000000,0,32768,2097152,1,0,usage,638976,0,0,0,0,0,0,8912896,42.590259
36,bench_p26_wt,bench_p26_wt_many,42,0,64,2,64,1073741824,3600000000000,0,32768,2097152,1,0,write,638976,139906889,22822,133,8661037096,11684864,17432576,3609097123576,45.434840
36,bench_p26_wt,bench_p26_wt_many,42,0,64,2,64,1073741824,3600000000000,0,32768,2097152,1,0,stack,638976,0,0,0,0,0,0,2288,45.434928
36,bench_p26_wt,bench_p26_wt_many,42,0,64,2,64,1073741824,3600000000000,0,32768,2097152,1,0,ctx,638976,0,0,0,0,0,0,640,45.434969
36,bench_p26_wt,bench_p26_wt_many,42,0,64,2,64,1073741824,3600000000000,0,32768,2097152,1,0,heap,638976,0,0,0,0,0,0,1552,45.435004
36,bench_p26_wt,bench_p26_wt_many,42,0,64,2,64,1073741824,3600000000000,0,32768,2097152,1,0,usage,638976,0,0,0,0,0,0,8912896,45.435038
37,bench_p26_wt,bench_p26_wt_many,42,0,64,2,64,2147483648,3600000000000,0,32768,2097152,1,0,write,638976,139906889,22822,133,8661037096,11684864,17432576,3609097123576,49.571169
37,bench_p26_wt,bench_p26_wt_many,42,0,64,2,64,2147483648,3600000000000,0,32768,2097152,1,0,stack,638976,0,0,0,0,0,0,2288,49.571243
37,bench_p26_wt,bench_p26_wt_many,42,0,64,2,64,2147483648,3600000000000,0,32768,2097152,1,0,ctx,638976,0,0,0,0,0,0,640,49.571278
37,bench_p26_wt,bench_p26_wt_many,42,0,64,2,64,2147483648,3600000000000,0,32768,2097152,1,0,heap,638976,0,0,0,0,0,0,1552,49.571310
37,bench_p26_wt,bench_p26_wt_many,42,0,64,2,64,2147483648,3600000000000,0,32768,2097152,1,0,usage,638976,0,0,0,0,0,0,9175040,49.571340
38,bench_p26_wt,bench_p26_wt_many,42,0,64,2,64,4294967296,3600000000000,0,32768,2097152,1,0,write,638976,139906889,22822,133,8661037096,11684864,17432576,3609097123576,56.513886
38,bench_p26_wt,bench_p26_wt_many,42,0,64,2,64,4294967296,3600000000000,0,32768,2097152,1,0,stack,638976,0,0,0,0,0,0,2288,56.513991
38,bench_p26_wt,bench_p26_wt_many,42,0,64,2,64,4294967296,3600000000000,0,32768,2097152,1,0,ctx,638976,0,0,0,0,0,0,640,56.514030
38,bench_p26_wt,bench_p26_wt_many,42,0,64,2,64,4294967296,3600000000000,0,32768,2097152,1,0,heap,638976,0,0,0,0,0,0,1552,56.514060
38,bench_p26_wt,bench_p26_wt_many,42,0,64,2,64,4294967296,3600000000000,0,32768,2097152,1,0,usage,638976,0,0,0,0,0,0,9175040,56.514090
40,bench_p26_wt,bench_p26_wt_logging,42,0,64,2,64,33554432,3600000000000,0,32768,2097152,1,0,write,5070720,24140115,10212480,79549,10492505572,5228789760,10426646528,3600021178348,191.317310
40,bench_p26_wt,bench_p26_wt_logging,42,0,64,2,64,33554432,3600000000000,0,32768,2097152,1,0,stack,5070720,0,0,0,0,0,0,1904,191.317413
40,bench_p26_wt,bench_p26_wt_logging,42,0,64,2,64,33554432,3600000000000,0,32768,2097152,1,0,ctx,5070720,0,0,0,0,0,0,400,191.317462
40,bench_p26_wt,bench_p26_wt_logging,42,0,64,2,64,33554432,3600000000000,0,32768,2097152,1,0,heap,5070720,0,0,0,0,0,0,1552,191.317504
40,bench_p26_wt,bench_p26_wt_logging,42,0,64,2,64,33554432,3600000000000,0,32768,2097152,1,0,usage,5070720,0,0,0,0,0,0,3670016,191.317546
39,bench_p26_wt,bench_p26_wt_logging,42,0,64,2,64,16777216,3600000000000,0,32768,2097152,1,0,write,5068992,24193229,10207737,79522,10492584156,5226361344,10423107584,3600043710036,192.329318
39,bench_p26_wt,bench_p26_wt_logging,42,0,64,2,64,16777216,3600000000000,0,32768,2097152,1,0,stack,5068992,0,0,0,0,0,0,1904,192.329413
39,bench_p26_wt,bench_p26_wt_logging,42,0,64,2,64,16777216,3600000000000,0,32768,2097152,1,0,ctx,5068992,0,0,0,0,0,0,400,192.337728
39,bench_p26_wt,bench_p26_wt_logging,42,0,64,2,64,16777216,3600000000000,0,32768,2097152,1,0,heap,5068992,0,0,0,0,0,0,1552,192.337792
39,bench_p26_wt,bench_p26_wt_logging,42,0,64,2,64,16777216,3600000000000,0,32768,2097152,1,0,usage,5068992,0,0,0,0,0,0,3670016,192.337837
43,bench_p26_wt,bench_p26_wt_logging,42,0,64,2,64,268435456,3600000000000,0,32768,2097152,1,0,write,5071872,24104156,10215693,79567,10492656460,5230434816,10429005824,3600009749668,194.325764
43,bench_p26_wt,bench_p26_wt_logging,42,0,64,2,64,268435456,3600000000000,0,32768,2097152,1,0,stack,5071872,0,0,0,0,0,0,1904,194.325859
43,bench_p26_wt,bench_p26_wt_logging,42,0,64,2,64,268435456,3600000000000,0,32768,2097152,1,0,ctx,5071872,0,0,0,0,0,0,400,194.325907
43,bench_p26_wt,bench_p26_wt_logging,42,0,64,2,64,268435456,3600000000000,0,32768,2097152,1,0,heap,5071872,0,0,0,0,0,0,1552,194.325948
43,bench_p26_wt,bench_p26_wt_logging,42,0,64,2,64,268435456,3600000000000,0,32768,2097152,1,0,usage,5071872,0,0,0,0,0,0,3670016,194.325994
46,bench_p26_wt,bench_p26_wt_logging,42,0,64,2,64,2147483648,3600000000000,0,32768,2097152,1,0,write,5070656,24141358,10212303,79547,10493777280,5228699136,10426384384,3600026010240,272.475355
46,bench_p26_wt,bench_p26_wt_logging,42,0,64,2,64,2147483648,3600000000000,0,32768,2097152,1,0,stack,5070656,0,0,0,0,0,0,2000,272.475454
46,bench_p26_wt,bench_p26_wt_logging,42,0,64,2,64,2147483648,3600000000000,0,32768,2097152,1,0,ctx,5070656,0,0,0,0,0,0,400,272.475501
46,bench_p26_wt,bench_p26_wt_logging,42,0,64,2,64,2147483648,3600000000000,0,32768,2097152,1,0,heap,5070656,0,0,0,0,0,0,1552,272.475543
46,bench_p26_wt,bench_p26_wt_logging,42,0,64,2,64,2147483648,3600000000000,0,32768,2097152,1,0,usage,5070656,0,0,0,0,0,0,3670016,272.475582
41,bench_p26_wt,bench_p26_wt_logging,42,0,64,2,64,67108864,3600000000000,0,32768,2097152,1,0,write,5071424,24117937,10214439,79560,10492490664,5229792768,10428088320,3600006000504,277.703093
41,bench_p26_wt,bench_p26_wt_logging,42,0,64,2,64,67108864,3600000000000,0,32768,2097152,1,0,stack,5071424,0,0,0,0,0,0,1904,277.703182
41,bench_p26_wt,bench_p26_wt_logging,42,0,64,2,64,67108864,3600000000000,0,32768,2097152,1,0,ctx,5071424,0,0,0,0,0,0,400,277.703227
41,bench_p26_wt,bench_p26_wt_logging,42,0,64,2,64,67108864,3600000000000,0,32768,2097152,1,0,heap,5071424,0,0,0,0,0,0,1552,277.703265
41,bench_p26_wt,bench_p26_wt_logging,42,0,64,2,64,67108864,3600000000000,0,32768,2097152,1,0,usage,5071424,0,0,0,0,0,0,3670016,277.703301
42,bench_p26_wt,bench_p26_wt_logging,42,0,64,2,64,134217728,3600000000000,0,32768,2097152,1,0,write,5071808,24107915,10215513,79566,10492696364,5230342656,10428874752,3600054197828,280.655742
42,bench_p26_wt,bench_p26_wt_logging,42,0,64,2,64,134217728,3600000000000,0,32768,2097152,1,0,stack,5071808,0,0,0,0,0,0,1904,280.655833
42,bench_p26_wt,bench_p26_wt_logging,42,0,64,2,64,134217728,3600000000000,0,32768,2097152,1,0,ctx,5071808,0,0,0,0,0,0,400,280.655884
42,bench_p26_wt,bench_p26_wt_logging,42,0,64,2,64,134217728,3600000000000,0,32768,2097152,1,0,heap,5071808,0,0,0,0,0,0,1552,280.655920
42,bench_p26_wt,bench_p26_wt_logging,42,0,64,2,64,134217728,3600000000000,0,32768,2097152,1,0,usage,5071808,0,0,0,0,0,0,3670016,280.655956
45,bench_p26_wt,bench_p26_wt_logging,42,0,64,2,64,1073741824,3600000000000,0,32768,2097152,1,0,write,5070976,24132918,10213191,79553,10493048376,5229153792,10427170816,3600047046696,281.209142
45,bench_p26_wt,bench_p26_wt_logging,42,0,64,2,64,1073741824,3600000000000,0,32768,2097152,1,0,stack,5070976,0,0,0,0,0,0,1904,281.209228
45,bench_p26_wt,bench_p26_wt_logging,42,0,64,2,64,1073741824,3600000000000,0,32768,2097152,1,0,ctx,5070976,0,0,0,0,0,0,400,281.209277
45,bench_p26_wt,bench_p26_wt_logging,42,0,64,2,64,1073741824,3600000000000,0,32768,2097152,1,0,heap,5070976,0,0,0,0,0,0,1552,281.209308
45,bench_p26_wt,bench_p26_wt_logging,42,0,64,2,64,1073741824,3600000000000,0,32768,2097152,1,0,usage,5070976,0,0,0,0,0,0,3670016,281.209336
44,bench_p26_wt,bench_p26_wt_logging,42,0,64,2,64,536870912,3600000000000,0,32768,2097152,1,0,write,5072320,24089995,10216953,79574,10492764156,5231079936,10429923328,3600004613556,282.046585
44,bench_p26_wt,bench_p26_wt_logging,42,0,64,2,64,536870912,3600000000000,0,32768,2097152,1,0,stack,5072320,0,0,0,0,0,0,1904,282.046662
44,bench_p26_wt,bench_p26_wt_logging,42,0,64,2,64,536870912,3600000000000,0,32768,2097152,1,0,ctx,5072320,0,0,0,0,0,0,400,282.046695
44,bench_p26_wt,bench_p26_wt_logging,42,0,64,2,64,536870912,3600000000000,0,32768,2097152,1,0,heap,5072320,0,0,0,0,0,0,1552,282.046721
44,bench_p26_wt,bench_p26_wt_logging,42,0,64,2,64,536870912,3600000000000,0,32768,2097152,1,0,usage,5072320,0,0,0,0,0,0,3670016,282.046745
47,bench_p26_wt,bench_p26_wt_logging,42,0,64,2,64,4294967296,3600000000000,0,32768,2097152,1,0,write,5068480,24207341,10206349,79513,10493377928,5225650688,10421927936,3600027610904,286.877631
47,bench_p26_wt,bench_p26_wt_logging,42,0,64,2,64,4294967296,3600000000000,0,32768,2097152,1,0,stack,5068480,0,0,0,0,0,0,2000,286.877700
47,bench_p26_wt,bench_p26_wt_logging,42,0,64,2,64,4294967296,3600000000000,0,32768,2097152,1,0,ctx,5068480,0,0,0,0,0,0,400,286.877729
47,bench_p26_wt,bench_p26_wt_logging,42,0,64,2,64,4294967296,3600000000000,0,32768,2097152,1,0,heap,5068480,0,0,0,0,0,0,1552,286.877752
47,bench_p26_wt,bench_p26_wt_logging,42,0,64,2,64,4294967296,3600000000000,0,32768,2097152,1,0,usage,5068480,0,0,0,0,0,0,3670016,286.877775
