i,suite,case,FS,DISK_GEOMETRY,FILE_COUNT,CHUNK,FILE_SIZE,SEED,SIZE,NO_FRUNCATE,SIM_SIZE,SIM_TIME,SKIP_WARMUP,DISK_SIZE,probe,n,bench_reads,bench_progs,bench_erases,bench_readed,bench_progged,bench_erased,bench_simtime,bench_runtime
12,bench_p26_wt,bench_p26_wt_linear,4,0,32768,64,64,42,2097152,0,0,3600000000000,0,16777216,write,51545664,33199892736,2519758,28017,33199892736,162912777,114757632,3600044126379,27.812819
12,bench_p26_wt,bench_p26_wt_linear,4,0,32768,64,64,42,2097152,0,0,3600000000000,0,16777216,stack,51545664,0,0,0,0,0,0,1296,27.813042
12,bench_p26_wt,bench_p26_wt_linear,4,0,32768,64,64,42,2097152,0,0,3600000000000,0,16777216,ctx,51545664,0,0,0,0,0,0,336,27.813094
12,bench_p26_wt,bench_p26_wt_linear,4,0,32768,64,64,42,2097152,0,0,3600000000000,0,16777216,heap,51545664,0,0,0,0,0,0,1160,27.813138
12,bench_p26_wt,bench_p26_wt_linear,4,0,32768,64,64,42,2097152,0,0,3600000000000,0,16777216,usage,51545664,0,0,0,0,0,0,2842958,27.813190
13,bench_p26_wt,bench_p26_wt_linear,4,0,32768,64,64,42,2097152,0,0,3600000000000,0,33554432,write,37748800,48432180480,1852945,20521,48432180480,119345142,84054016,3604387373634,43.602627
13,bench_p26_wt,bench_p26_wt_linear,4,0,32768,64,64,42,2097152,0,0,3600000000000,0,33554432,stack,37748800,0,0,0,0,0,0,1296,43.602747
13,bench_p26_wt,bench_p26_wt_linear,4,0,32768,64,64,42,2097152,0,0,3600000000000,0,33554432,ctx,37748800,0,0,0,0,0,0,336,43.602806
13,bench_p26_wt,bench_p26_wt_linear,4,0,32768,64,64,42,2097152,0,0,3600000000000,0,33554432,heap,37748800,0,0,0,0,0,0,1160,43.602850
13,bench_p26_wt,bench_p26_wt_linear,4,0,32768,64,64,42,2097152,0,0,3600000000000,0,33554432,usage,37748800,0,0,0,0,0,0,3210729,43.602891
14,bench_p26_wt,bench_p26_wt_linear,4,0,32768,64,64,42,2097152,0,0,3600000000000,0,67108864,write,24751936,62825333248,1200547,13450,62825333248,78187703,55091200,3600103289493,83.097969
14,bench_p26_wt,bench_p26_wt_linear,4,0,32768,64,64,42,2097152,0,0,3600000000000,0,67108864,stack,24751936,0,0,0,0,0,0,1296,83.098087
14,bench_p26_wt,bench_p26_wt_linear,4,0,32768,64,64,42,2097152,0,0,3600000000000,0,67108864,ctx,24751936,0,0,0,0,0,0,336,83.098144
14,bench_p26_wt,bench_p26_wt_linear,4,0,32768,64,64,42,2097152,0,0,3600000000000,0,67108864,heap,24751936,0,0,0,0,0,0,1160,83.098187
14,bench_p26_wt,bench_p26_wt_linear,4,0,32768,64,64,42,2097152,0,0,3600000000000,0,67108864,usage,24751936,0,0,0,0,0,0,8124276,83.098226
15,bench_p26_wt,bench_p26_wt_linear,4,0,32768,64,64,42,2097152,0,0,3600000000000,0,134217728,write,14680128,74975552512,720594,7981,74975552512,46412238,32690176,3647368042570,94.008418
15,bench_p26_wt,bench_p26_wt_linear,4,0,32768,64,64,42,2097152,0,0,3600000000000,0,134217728,stack,14680128,0,0,0,0,0,0,1296,94.008510
15,bench_p26_wt,bench_p26_wt_linear,4,0,32768,64,64,42,2097152,0,0,3600000000000,0,134217728,ctx,14680128,0,0,0,0,0,0,336,94.008551
15,bench_p26_wt,bench_p26_wt_linear,4,0,32768,64,64,42,2097152,0,0,3600000000000,0,134217728,heap,14680128,0,0,0,0,0,0,1160,94.008584
15,bench_p26_wt,bench_p26_wt_linear,4,0,32768,64,64,42,2097152,0,0,3600000000000,0,134217728,usage,14680128,0,0,0,0,0,0,12819945,94.008615
17,bench_p26_wt,bench_p26_wt_linear,4,0,32768,64,64,42,2097152,0,0,3600000000000,0,536870912,write,4194368,85632580096,205889,2281,85632580096,13260918,9342976,3610579049410,106.728245
17,bench_p26_wt,bench_p26_wt_linear,4,0,32768,64,64,42,2097152,0,0,3600000000000,0,536870912,stack,4194368,0,0,0,0,0,0,1296,106.728330
17,bench_p26_wt,bench_p26_wt_linear,4,0,32768,64,64,42,2097152,0,0,3600000000000,0,536870912,ctx,4194368,0,0,0,0,0,0,336,106.728369
17,bench_p26_wt,bench_p26_wt_linear,4,0,32768,64,64,42,2097152,0,0,3600000000000,0,536870912,heap,4194368,0,0,0,0,0,0,1160,106.728399
17,bench_p26_wt,bench_p26_wt_linear,4,0,32768,64,64,42,2097152,0,0,3600000000000,0,536870912,usage,4194368,0,0,0,0,0,0,51256809,106.728430
16,bench_p26_wt,bench_p26_wt_linear,4,0,32768,64,64,42,2097152,0,0,3600000000000,0,268435456,write,8158016,81166396160,384457,4429,81166396160,25719636,18141184,3600275577404,113.709876
16,bench_p26_wt,bench_p26_wt_linear,4,0,32768,64,64,42,2097152,0,0,3600000000000,0,268435456,stack,8158016,0,0,0,0,0,0,1296,113.709950
16,bench_p26_wt,bench_p26_wt_linear,4,0,32768,64,64,42,2097152,0,0,3600000000000,0,268435456,ctx,8158016,0,0,0,0,0,0,336,113.709997
16,bench_p26_wt,bench_p26_wt_linear,4,0,32768,64,64,42,2097152,0,0,3600000000000,0,268435456,heap,8158016,0,0,0,0,0,0,1160,113.710028
16,bench_p26_wt,bench_p26_wt_linear,4,0,32768,64,64,42,2097152,0,0,3600000000000,0,268435456,usage,8158016,0,0,0,0,0,0,27529193,113.710056
18,bench_p26_wt,bench_p26_wt_linear,4,0,32768,64,64,42,2097152,0,0,3600000000000,0,1073741824,write,2148160,87662211840,104963,1170,87662211840,6777331,4792320,3601264305673,117.425114
18,bench_p26_wt,bench_p26_wt_linear,4,0,32768,64,64,42,2097152,0,0,3600000000000,0,1073741824,stack,2148160,0,0,0,0,0,0,1296,117.425184
18,bench_p26_wt,bench_p26_wt_linear,4,0,32768,64,64,42,2097152,0,0,3600000000000,0,1073741824,ctx,2148160,0,0,0,0,0,0,336,117.425218
18,bench_p26_wt,bench_p26_wt_linear,4,0,32768,64,64,42,2097152,0,0,3600000000000,0,1073741824,heap,2148160,0,0,0,0,0,0,1160,117.425245
18,bench_p26_wt,bench_p26_wt_linear,4,0,32768,64,64,42,2097152,0,0,3600000000000,0,1073741824,usage,2148160,0,0,0,0,0,0,102557584,117.425272
19,bench_p26_wt,bench_p26_wt_linear,4,0,32768,64,64,42,2097152,0,0,3600000000000,0,2147483648,write,1219392,88859628544,49395,660,88859628544,3803599,2703360,3603920845661,124.844020
19,bench_p26_wt,bench_p26_wt_linear,4,0,32768,64,64,42,2097152,0,0,3600000000000,0,2147483648,stack,1219392,0,0,0,0,0,0,1296,124.844089
19,bench_p26_wt,bench_p26_wt_linear,4,0,32768,64,64,42,2097152,0,0,3600000000000,0,2147483648,ctx,1219392,0,0,0,0,0,0,336,124.844119
19,bench_p26_wt,bench_p26_wt_linear,4,0,32768,64,64,42,2097152,0,0,3600000000000,0,2147483648,heap,1219392,0,0,0,0,0,0,1160,124.844143
19,bench_p26_wt,bench_p26_wt_linear,4,0,32768,64,64,42,2097152,0,0,3600000000000,0,2147483648,usage,1219392,0,0,0,0,0,0,206243464,124.844166
21,bench_p26_wt,bench_p26_wt_random,4,0,32768,64,64,42,2097152,0,0,3600000000000,0,33554432,write,3178624,70709044844,957760,8618,70709044844,36451207,35299328,3600079377381,59.311835
21,bench_p26_wt,bench_p26_wt_random,4,0,32768,64,64,42,2097152,0,0,3600000000000,0,33554432,stack,3178624,0,0,0,0,0,0,1488,59.311958
21,bench_p26_wt,bench_p26_wt_random,4,0,32768,64,64,42,2097152,0,0,3600000000000,0,33554432,ctx,3178624,0,0,0,0,0,0,352,59.312017
21,bench_p26_wt,bench_p26_wt_random,4,0,32768,64,64,42,2097152,0,0,3600000000000,0,33554432,heap,3178624,0,0,0,0,0,0,1160,59.312063
21,bench_p26_wt,bench_p26_wt_random,4,0,32768,64,64,42,2097152,0,0,3600000000000,0,33554432,usage,3178624,0,0,0,0,0,0,5342092,59.312105
20,bench_p26_wt,bench_p26_wt_random,4,0,32768,64,64,42,2097152,0,0,3600000000000,0,16777216,write,5224192,59232310511,1538373,13647,59232310511,56533794,55898112,3600009332702,73.401958
20,bench_p26_wt,bench_p26_wt_random,4,0,32768,64,64,42,2097152,0,0,3600000000000,0,16777216,stack,5224192,0,0,0,0,0,0,1616,73.402063
20,bench_p26_wt,bench_p26_wt_random,4,0,32768,64,64,42,2097152,0,0,3600000000000,0,16777216,ctx,5224192,0,0,0,0,0,0,352,73.402110
20,bench_p26_wt,bench_p26_wt_random,4,0,32768,64,64,42,2097152,0,0,3600000000000,0,16777216,heap,5224192,0,0,0,0,0,0,1160,73.402151
20,bench_p26_wt,bench_p26_wt_random,4,0,32768,64,64,42,2097152,0,0,3600000000000,0,16777216,usage,5224192,0,0,0,0,0,0,3740556,73.402189
24,bench_p26_wt,bench_p26_wt_random,4,0,32768,64,64,42,2097152,0,0,3600000000000,0,268435456,write,396032,85765795840,193685,2065,85765795840,10276662,8458240,3601248106498,100.281161
24,bench_p26_wt,bench_p26_wt_random,4,0,32768,64,64,42,2097152,0,0,3600000000000,0,268435456,stack,396032,0,0,0,0,0,0,1312,100.281273
24,bench_p26_wt,bench_p26_wt_random,4,0,32768,64,64,42,2097152,0,0,3600000000000,0,268435456,ctx,396032,0,0,0,0,0,0,352,100.281322
24,bench_p26_wt,bench_p26_wt_random,4,0,32768,64,64,42,2097152,0,0,3600000000000,0,268435456,heap,396032,0,0,0,0,0,0,1160,100.281363
24,bench_p26_wt,bench_p26_wt_random,4,0,32768,64,64,42,2097152,0,0,3600000000000,0,268435456,usage,396032,0,0,0,0,0,0,27763596,100.281404
25,bench_p26_wt,bench_p26_wt_random,4,0,32768,64,64,42,2097152,0,0,3600000000000,0,536870912,write,144576,87098105600,124439,1471,87098105600,7900098,6025216,3600058877030,104.056105
25,bench_p26_wt,bench_p26_wt_random,4,0,32768,64,64,42,2097152,0,0,3600000000000,0,536870912,stack,144576,0,0,0,0,0,0,1312,104.056217
25,bench_p26_wt,bench_p26_wt_random,4,0,32768,64,64,42,2097152,0,0,3600000000000,0,536870912,ctx,144576,0,0,0,0,0,0,352,104.056271
25,bench_p26_wt,bench_p26_wt_random,4,0,32768,64,64,42,2097152,0,0,3600000000000,0,536870912,heap,144576,0,0,0,0,0,0,1160,104.056327
25,bench_p26_wt,bench_p26_wt_random,4,0,32768,64,64,42,2097152,0,0,3600000000000,0,536870912,usage,144576,0,0,0,0,0,0,53385208,104.056364
22,bench_p26_wt,bench_p26_wt_random,4,0,32768,64,64,42,2097152,0,0,3600000000000,0,67108864,write,1730944,78538390528,560059,5207,78538390528,22826083,21327872,3600372606041,104.449057
22,bench_p26_wt,bench_p26_wt_random,4,0,32768,64,64,42,2097152,0,0,3600000000000,0,67108864,stack,1730944,0,0,0,0,0,0,1312,104.449154
22,bench_p26_wt,bench_p26_wt_random,4,0,32768,64,64,42,2097152,0,0,3600000000000,0,67108864,ctx,1730944,0,0,0,0,0,0,352,104.449197
22,bench_p26_wt,bench_p26_wt_random,4,0,32768,64,64,42,2097152,0,0,3600000000000,0,67108864,heap,1730944,0,0,0,0,0,0,1160,104.449232
22,bench_p26_wt,bench_p26_wt_random,4,0,32768,64,64,42,2097152,0,0,3600000000000,0,67108864,usage,1730944,0,0,0,0,0,0,8545164,104.449263
23,bench_p26_wt,bench_p26_wt_random,4,0,32768,64,64,42,2097152,0,0,3600000000000,0,134217728,write,871872,83177817600,324153,3184,83177817600,14745948,13041664,3600371289300,113.604306
23,bench_p26_wt,bench_p26_wt_random,4,0,32768,64,64,42,2097152,0,0,3600000000000,0,134217728,stack,871872,0,0,0,0,0,0,1312,113.604387
23,bench_p26_wt,bench_p26_wt_random,4,0,32768,64,64,42,2097152,0,0,3600000000000,0,134217728,ctx,871872,0,0,0,0,0,0,352,113.604423
23,bench_p26_wt,bench_p26_wt_random,4,0,32768,64,64,42,2097152,0,0,3600000000000,0,134217728,heap,871872,0,0,0,0,0,0,1160,113.604453
23,bench_p26_wt,bench_p26_wt_random,4,0,32768,64,64,42,2097152,0,0,3600000000000,0,134217728,usage,871872,0,0,0,0,0,0,14951308,113.604480
26,bench_p26_wt,bench_p26_wt_random,4,0,32768,64,64,42,2097152,0,0,3600000000000,0,1073741824,write,18112,87796795648,89128,1165,87796795648,6661287,4771840,3600084432997,133.706888
26,bench_p26_wt,bench_p26_wt_random,4,0,32768,64,64,42,2097152,0,0,3600000000000,0,1073741824,stack,18112,0,0,0,0,0,0,1312,133.706962
26,bench_p26_wt,bench_p26_wt_random,4,0,32768,64,64,42,2097152,0,0,3600000000000,0,1073741824,ctx,18112,0,0,0,0,0,0,352,133.706995
26,bench_p26_wt,bench_p26_wt_random,4,0,32768,64,64,42,2097152,0,0,3600000000000,0,1073741824,heap,18112,0,0,0,0,0,0,1160,133.707029
26,bench_p26_wt,bench_p26_wt_random,4,0,32768,64,64,42,2097152,0,0,3600000000000,0,1073741824,usage,18112,0,0,0,0,0,0,104618305,133.707069
27,bench_p26_wt,bench_p26_wt_random,4,0,32768,64,64,42,2097152,0,0,3600000000000,0,2147483648,write,256,139464171008,77813,1037,139464171008,5995666,4247552,5656479524310,166.655042
27,bench_p26_wt,bench_p26_wt_random,4,0,32768,64,64,42,2097152,0,0,3600000000000,0,2147483648,stack,256,0,0,0,0,0,0,1312,166.655108
27,bench_p26_wt,bench_p26_wt_random,4,0,32768,64,64,42,2097152,0,0,3600000000000,0,2147483648,ctx,256,0,0,0,0,0,0,352,166.655138
27,bench_p26_wt,bench_p26_wt_random,4,0,32768,64,64,42,2097152,0,0,3600000000000,0,2147483648,heap,256,0,0,0,0,0,0,1160,166.655161
27,bench_p26_wt,bench_p26_wt_random,4,0,32768,64,64,42,2097152,0,0,3600000000000,0,2147483648,usage,256,0,0,0,0,0,0,206954824,166.655182
29,bench_p26_wt,bench_p26_wt_many,4,0,32768,64,64,42,2097152,0,0,3600000000000,0,33554432,write,917504,86832543702,101355,1914,86832543702,6126682,7839744,3600100556062,124.708111
29,bench_p26_wt,bench_p26_wt_many,4,0,32768,64,64,42,2097152,0,0,3600000000000,0,33554432,stack,917504,0,0,0,0,0,0,1520,124.708234
29,bench_p26_wt,bench_p26_wt_many,4,0,32768,64,64,42,2097152,0,0,3600000000000,0,33554432,ctx,917504,0,0,0,0,0,0,592,124.708293
29,bench_p26_wt,bench_p26_wt_many,4,0,32768,64,64,42,2097152,0,0,3600000000000,0,33554432,heap,917504,0,0,0,0,0,0,1160,124.708352
29,bench_p26_wt,bench_p26_wt_many,4,0,32768,64,64,42,2097152,0,0,3600000000000,0,33554432,usage,917504,0,0,0,0,0,0,8965829,124.708395
30,bench_p26_wt,bench_p26_wt_many,4,0,32768,64,64,42,2097152,0,0,3600000000000,0,67108864,write,462784,88436920872,48032,966,88436920872,2955478,3956736,3600220638754,134.394882
30,bench_p26_wt,bench_p26_wt_many,4,0,32768,64,64,42,2097152,0,0,3600000000000,0,67108864,stack,462784,0,0,0,0,0,0,1520,134.394995
30,bench_p26_wt,bench_p26_wt_many,4,0,32768,64,64,42,2097152,0,0,3600000000000,0,67108864,ctx,462784,0,0,0,0,0,0,592,134.395052
30,bench_p26_wt,bench_p26_wt_many,4,0,32768,64,64,42,2097152,0,0,3600000000000,0,67108864,heap,462784,0,0,0,0,0,0,1160,134.395097
30,bench_p26_wt,bench_p26_wt_many,4,0,32768,64,64,42,2097152,0,0,3600000000000,0,67108864,usage,462784,0,0,0,0,0,0,9621837,134.395139
32,bench_p26_wt,bench_p26_wt_many,4,0,32768,64,64,42,2097152,0,0,3600000000000,0,268435456,write,116864,89648245895,11462,246,89648245895,717156,1007616,3601599398276,134.922218
32,bench_p26_wt,bench_p26_wt_many,4,0,32768,64,64,42,2097152,0,0,3600000000000,0,268435456,stack,116864,0,0,0,0,0,0,1520,134.922332
32,bench_p26_wt,bench_p26_wt_many,4,0,32768,64,64,42,2097152,0,0,3600000000000,0,268435456,ctx,116864,0,0,0,0,0,0,592,134.930626
32,bench_p26_wt,bench_p26_wt_many,4,0,32768,64,64,42,2097152,0,0,3600000000000,0,268435456,heap,116864,0,0,0,0,0,0,1160,134.930700
32,bench_p26_wt,bench_p26_wt_many,4,0,32768,64,64,42,2097152,0,0,3600000000000,0,268435456,usage,116864,0,0,0,0,0,0,26508095,134.930747
35,bench_p26_wt,bench_p26_wt_many,4,0,32768,64,64,42,2097152,0,0,3600000000000,0,2147483648,write,19072,90199630281,1845,42,90199630281,115850,172032,3610615592102,136.755156
35,bench_p26_wt,bench_p26_wt_many,4,0,32768,64,64,42,2097152,0,0,3600000000000,0,2147483648,stack,19072,0,0,0,0,0,0,1520,136.755258
35,bench_p26_wt,bench_p26_wt_many,4,0,32768,64,64,42,2097152,0,0,3600000000000,0,2147483648,ctx,19072,0,0,0,0,0,0,592,136.755310
35,bench_p26_wt,bench_p26_wt_many,4,0,32768,64,64,42,2097152,0,0,3600000000000,0,2147483648,heap,19072,0,0,0,0,0,0,1160,136.755352
35,bench_p26_wt,bench_p26_wt_many,4,0,32768,64,64,42,2097152,0,0,3600000000000,0,2147483648,usage,19072,0,0,0,0,0,0,205149501,136.755390
28,bench_p26_wt,bench_p26_wt_many,4,0,32768,64,64,42,2097152,0,0,3600000000000,0,16777216,write,1695360,83979293104,203939,3534,83979293104,12047150,14475264,3600027574506,151.925010
28,bench_p26_wt,bench_p26_wt_many,4,0,32768,64,64,42,2097152,0,0,3600000000000,0,16777216,stack,1695360,0,0,0,0,0,0,1520,151.925101
28,bench_p26_wt,bench_p26_wt_many,4,0,32768,64,64,42,2097152,0,0,3600000000000,0,16777216,ctx,1695360,0,0,0,0,0,0,592,151.925141
28,bench_p26_wt,bench_p26_wt_many,4,0,32768,64,64,42,2097152,0,0,3600000000000,0,16777216,heap,1695360,0,0,0,0,0,0,1160,151.925175
28,bench_p26_wt,bench_p26_wt_many,4,0,32768,64,64,42,2097152,0,0,3600000000000,0,16777216,usage,1695360,0,0,0,0,0,0,10598017,151.925205
31,bench_p26_wt,bench_p26_wt_many,4,0,32768,64,64,42,2097152,0,0,3600000000000,0,134217728,write,231360,89239346221,23184,484,89239346221,1441362,1982464,3600657151774,162.919010
31,bench_p26_wt,bench_p26_wt_many,4,0,32768,64,64,42,2097152,0,0,3600000000000,0,134217728,stack,231360,0,0,0,0,0,0,1520,162.919090
31,bench_p26_wt,bench_p26_wt_many,4,0,32768,64,64,42,2097152,0,0,3600000000000,0,134217728,ctx,231360,0,0,0,0,0,0,592,162.919126
31,bench_p26_wt,bench_p26_wt_many,4,0,32768,64,64,42,2097152,0,0,3600000000000,0,134217728,heap,231360,0,0,0,0,0,0,1160,162.919157
31,bench_p26_wt,bench_p26_wt_many,4,0,32768,64,64,42,2097152,0,0,3600000000000,0,134217728,usage,231360,0,0,0,0,0,0,14505473,162.919185
33,bench_p26_wt,bench_p26_wt_many,4,0,32768,64,64,42,2097152,0,0,3600000000000,0,536870912,write,60544,89889317407,5869,128,89889317407,368502,524288,3603687877018,172.319737
33,bench_p26_wt,bench_p26_wt_many,4,0,32768,64,64,42,2097152,0,0,3600000000000,0,536870912,stack,60544,0,0,0,0,0,0,1520,172.319830
33,bench_p26_wt,bench_p26_wt_many,4,0,32768,64,64,42,2097152,0,0,3600000000000,0,536870912,ctx,60544,0,0,0,0,0,0,592,172.319877
33,bench_p26_wt,bench_p26_wt_many,4,0,32768,64,64,42,2097152,0,0,3600000000000,0,536870912,heap,60544,0,0,0,0,0,0,1160,172.319908
33,bench_p26_wt,bench_p26_wt_many,4,0,32768,64,64,42,2097152,0,0,3600000000000,0,536870912,usage,60544,0,0,0,0,0,0,51717217,172.319937
34,bench_p26_wt,bench_p26_wt_many,4,0,32768,64,64,42,2097152,0,0,3600000000000,0,1073741824,write,32832,90145527711,3169,71,90145527711,199174,290816,3610287802954,173.105193
34,bench_p26_wt,bench_p26_wt_many,4,0,32768,64,64,42,2097152,0,0,3600000000000,0,1073741824,stack,32832,0,0,0,0,0,0,1520,173.105256
34,bench_p26_wt,bench_p26_wt_many,4,0,32768,64,64,42,2097152,0,0,3600000000000,0,1073741824,ctx,32832,0,0,0,0,0,0,592,173.105286
34,bench_p26_wt,bench_p26_wt_many,4,0,32768,64,64,42,2097152,0,0,3600000000000,0,1073741824,heap,32832,0,0,0,0,0,0,1160,173.105310
34,bench_p26_wt,bench_p26_wt_many,4,0,32768,64,64,42,2097152,0,0,3600000000000,0,1073741824,usage,32832,0,0,0,0,0,0,102756913,173.105332
36,bench_p26_wt,bench_p26_wt_logging,4,0,32768,64,64,42,2097152,0,0,3600000000000,0,16777216,write,17550208,31460185815,2726384,27719,31460185815,180272205,113537024,3600052927311,27.609066
36,bench_p26_wt,bench_p26_wt_logging,4,0,32768,64,64,42,2097152,0,0,3600000000000,0,16777216,stack,17550208,0,0,0,0,0,0,1648,27.609188
36,bench_p26_wt,bench_p26_wt_logging,4,0,32768,64,64,42,2097152,0,0,3600000000000,0,16777216,ctx,17550208,0,0,0,0,0,0,384,27.609256
36,bench_p26_wt,bench_p26_wt_logging,4,0,32768,64,64,42,2097152,0,0,3600000000000,0,16777216,heap,17550208,0,0,0,0,0,0,1160,27.609302
36,bench_p26_wt,bench_p26_wt_logging,4,0,32768,64,64,42,2097152,0,0,3600000000000,0,16777216,usage,17550208,0,0,0,0,0,0,4526510,27.609344
37,bench_p26_wt,bench_p26_wt_logging,4,0,32768,64,64,42,2097152,0,0,3600000000000,0,33554432,write,15793280,45971288157,2049383,20856,45971288157,145931917,85426176,3600131723263,76.717960
37,bench_p26_wt,bench_p26_wt_logging,4,0,32768,64,64,42,2097152,0,0,3600000000000,0,33554432,stack,15793280,0,0,0,0,0,0,1344,76.718080
37,bench_p26_wt,bench_p26_wt_logging,4,0,32768,64,64,42,2097152,0,0,3600000000000,0,33554432,ctx,15793280,0,0,0,0,0,0,384,76.718141
37,bench_p26_wt,bench_p26_wt_logging,4,0,32768,64,64,42,2097152,0,0,3600000000000,0,33554432,heap,15793280,0,0,0,0,0,0,1160,76.718187
37,bench_p26_wt,bench_p26_wt_logging,4,0,32768,64,64,42,2097152,0,0,3600000000000,0,33554432,usage,15793280,0,0,0,0,0,0,6473846,76.718231
38,bench_p26_wt,bench_p26_wt_logging,4,0,32768,64,64,42,2097152,0,0,3600000000000,0,67108864,write,10485760,60778599639,1361012,13848,60778599639,96906214,56721408,3600705601450,84.191039
38,bench_p26_wt,bench_p26_wt_logging,4,0,32768,64,64,42,2097152,0,0,3600000000000,0,67108864,stack,10485760,0,0,0,0,0,0,1344,84.191157
38,bench_p26_wt,bench_p26_wt_logging,4,0,32768,64,64,42,2097152,0,0,3600000000000,0,67108864,ctx,10485760,0,0,0,0,0,0,384,84.191213
38,bench_p26_wt,bench_p26_wt_logging,4,0,32768,64,64,42,2097152,0,0,3600000000000,0,67108864,heap,10485760,0,0,0,0,0,0,1160,84.191256
38,bench_p26_wt,bench_p26_wt_logging,4,0,32768,64,64,42,2097152,0,0,3600000000000,0,67108864,usage,10485760,0,0,0,0,0,0,8545411,84.191296
39,bench_p26_wt,bench_p26_wt_logging,4,0,32768,64,64,42,2097152,0,0,3600000000000,0,134217728,write,6307456,72489598692,811475,8331,72489598692,58224014,34123776,3600267875882,92.339481
39,bench_p26_wt,bench_p26_wt_logging,4,0,32768,64,64,42,2097152,0,0,3600000000000,0,134217728,stack,6307456,0,0,0,0,0,0,1344,92.339588
39,bench_p26_wt,bench_p26_wt_logging,4,0,32768,64,64,42,2097152,0,0,3600000000000,0,134217728,ctx,6307456,0,0,0,0,0,0,384,92.339639
39,bench_p26_wt,bench_p26_wt_logging,4,0,32768,64,64,42,2097152,0,0,3600000000000,0,134217728,heap,6307456,0,0,0,0,0,0,1160,92.339680
39,bench_p26_wt,bench_p26_wt_logging,4,0,32768,64,64,42,2097152,0,0,3600000000000,0,134217728,usage,6307456,0,0,0,0,0,0,14967857,92.339718
40,bench_p26_wt,bench_p26_wt_logging,4,0,32768,64,64,42,2097152,0,0,3600000000000,0,268435456,write,3609152,80186597726,444624,4768,80186597726,33280604,19529728,3600556344196,102.867584
40,bench_p26_wt,bench_p26_wt_logging,4,0,32768,64,64,42,2097152,0,0,3600000000000,0,268435456,stack,3609152,0,0,0,0,0,0,1344,102.867694
40,bench_p26_wt,bench_p26_wt_logging,4,0,32768,64,64,42,2097152,0,0,3600000000000,0,268435456,ctx,3609152,0,0,0,0,0,0,384,102.867742
40,bench_p26_wt,bench_p26_wt_logging,4,0,32768,64,64,42,2097152,0,0,3600000000000,0,268435456,heap,3609152,0,0,0,0,0,0,1160,102.867780
40,bench_p26_wt,bench_p26_wt_logging,4,0,32768,64,64,42,2097152,0,0,3600000000000,0,268435456,usage,3609152,0,0,0,0,0,0,29300677,102.867815
41,bench_p26_wt,bench_p26_wt_logging,4,0,32768,64,64,42,2097152,0,0,3600000000000,0,536870912,write,1909632,84806875904,235262,2524,84806875904,17611657,10338304,3600321178923,110.389731
41,bench_p26_wt,bench_p26_wt_logging,4,0,32768,64,64,42,2097152,0,0,3600000000000,0,536870912,stack,1909632,0,0,0,0,0,0,1344,110.389807
41,bench_p26_wt,bench_p26_wt_logging,4,0,32768,64,64,42,2097152,0,0,3600000000000,0,536870912,ctx,1909632,0,0,0,0,0,0,384,110.389844
41,bench_p26_wt,bench_p26_wt_logging,4,0,32768,64,64,42,2097152,0,0,3600000000000,0,536870912,heap,1909632,0,0,0,0,0,0,1160,110.389873
41,bench_p26_wt,bench_p26_wt_logging,4,0,32768,64,64,42,2097152,0,0,3600000000000,0,536870912,usage,1909632,0,0,0,0,0,0,53197488,110.389900
42,bench_p26_wt,bench_p26_wt_logging,4,0,32768,64,64,42,2097152,0,0,3600000000000,0,1073741824,write,981824,87333452288,120863,1299,87333452288,9030561,5320704,3600323596787,120.111089
42,bench_p26_wt,bench_p26_wt_logging,4,0,32768,64,64,42,2097152,0,0,3600000000000,0,1073741824,stack,981824,0,0,0,0,0,0,1344,120.111174
42,bench_p26_wt,bench_p26_wt_logging,4,0,32768,64,64,42,2097152,0,0,3600000000000,0,1073741824,ctx,981824,0,0,0,0,0,0,384,120.111226
42,bench_p26_wt,bench_p26_wt_logging,4,0,32768,64,64,42,2097152,0,0,3600000000000,0,1073741824,heap,981824,0,0,0,0,0,0,1160,120.111256
42,bench_p26_wt,bench_p26_wt_logging,4,0,32768,64,64,42,2097152,0,0,3600000000000,0,1073741824,usage,981824,0,0,0,0,0,0,103503594,120.111284
43,bench_p26_wt,bench_p26_wt_logging,4,0,32768,64,64,42,2097152,0,0,3600000000000,0,2147483648,write,497088,88730429184,61094,659,88730429184,4547011,2699264,3603403094905,136.354784
43,bench_p26_wt,bench_p26_wt_logging,4,0,32768,64,64,42,2097152,0,0,3600000000000,0,2147483648,stack,497088,0,0,0,0,0,0,1344,136.354852
43,bench_p26_wt,bench_p26_wt_logging,4,0,32768,64,64,42,2097152,0,0,3600000000000,0,2147483648,ctx,497088,0,0,0,0,0,0,384,136.354881
43,bench_p26_wt,bench_p26_wt_logging,4,0,32768,64,64,42,2097152,0,0,3600000000000,0,2147483648,heap,497088,0,0,0,0,0,0,1160,136.354916
43,bench_p26_wt,bench_p26_wt_logging,4,0,32768,64,64,42,2097152,0,0,3600000000000,0,2147483648,usage,497088,0,0,0,0,0,0,205509380,136.354943
