i,suite,case,NO_FRUNCATE,FILE_SIZE,SEED,DISK_GEOMETRY,FS,DISK_SIZE,FILE_COUNT,SIM_SIZE,SIM_TIME,SIZE,SKIP_WARMUP,CHUNK,probe,n,bench_reads,bench_progs,bench_erases,bench_readed,bench_progged,bench_erased,bench_simtime,bench_runtime
13,bench_p26_wt,bench_p26_wt_linear,0,64,42,0,5,33554432,32768,0,3600000000000,2097152,0,64,write,243061312,65024,1120622,69917,65024,286879232,286380032,3600016577536,1.859028
13,bench_p26_wt,bench_p26_wt_linear,0,64,42,0,5,33554432,32768,0,3600000000000,2097152,0,64,stack,243061312,0,0,0,0,0,0,8704,1.859467
13,bench_p26_wt,bench_p26_wt_linear,0,64,42,0,5,33554432,32768,0,3600000000000,2097152,0,64,ctx,243061312,0,0,0,0,0,0,7168,1.859548
13,bench_p26_wt,bench_p26_wt_linear,0,64,42,0,5,33554432,32768,0,3600000000000,2097152,0,64,heap,243061312,0,0,0,0,0,0,163892,1.859600
13,bench_p26_wt,bench_p26_wt_linear,0,64,42,0,5,33554432,32768,0,3600000000000,2097152,0,64,usage,243061312,0,0,0,0,0,0,6259552,1.859655
14,bench_p26_wt,bench_p26_wt_linear,0,64,42,0,5,67108864,32768,0,3600000000000,2097152,0,64,write,243068224,62464,1120642,69917,62464,286884352,286380032,3600024574976,2.017736
14,bench_p26_wt,bench_p26_wt_linear,0,64,42,0,5,67108864,32768,0,3600000000000,2097152,0,64,stack,243068224,0,0,0,0,0,0,8704,2.017881
14,bench_p26_wt,bench_p26_wt_linear,0,64,42,0,5,67108864,32768,0,3600000000000,2097152,0,64,ctx,243068224,0,0,0,0,0,0,7168,2.017943
14,bench_p26_wt,bench_p26_wt_linear,0,64,42,0,5,67108864,32768,0,3600000000000,2097152,0,64,heap,243068224,0,0,0,0,0,0,305204,2.017990
14,bench_p26_wt,bench_p26_wt_linear,0,64,42,0,5,67108864,32768,0,3600000000000,2097152,0,64,usage,243068224,0,0,0,0,0,0,10532624,2.018034
15,bench_p26_wt,bench_p26_wt_linear,0,64,42,0,5,134217728,32768,0,3600000000000,2097152,0,64,write,243071680,60928,1120650,69917,60928,286886400,286380032,3600027753472,3.094571
15,bench_p26_wt,bench_p26_wt_linear,0,64,42,0,5,134217728,32768,0,3600000000000,2097152,0,64,stack,243071680,0,0,0,0,0,0,8704,3.094716
15,bench_p26_wt,bench_p26_wt_linear,0,64,42,0,5,134217728,32768,0,3600000000000,2097152,0,64,ctx,243071680,0,0,0,0,0,0,7168,3.094772
15,bench_p26_wt,bench_p26_wt_linear,0,64,42,0,5,134217728,32768,0,3600000000000,2097152,0,64,heap,243071680,0,0,0,0,0,0,587828,3.094824
15,bench_p26_wt,bench_p26_wt_linear,0,64,42,0,5,134217728,32768,0,3600000000000,2097152,0,64,usage,243071680,0,0,0,0,0,0,19075792,3.094865
12,bench_p26_wt,bench_p26_wt_linear,0,64,42,0,5,16777216,32768,0,3600000000000,2097152,0,64,write,243055360,70656,1120618,69917,70656,286878208,286380032,3600015182848,3.261696
12,bench_p26_wt,bench_p26_wt_linear,0,64,42,0,5,16777216,32768,0,3600000000000,2097152,0,64,stack,243055360,0,0,0,0,0,0,8704,3.261855
12,bench_p26_wt,bench_p26_wt_linear,0,64,42,0,5,16777216,32768,0,3600000000000,2097152,0,64,ctx,243055360,0,0,0,0,0,0,7168,3.261928
12,bench_p26_wt,bench_p26_wt_linear,0,64,42,0,5,16777216,32768,0,3600000000000,2097152,0,64,heap,243055360,0,0,0,0,0,0,93236,3.261981
12,bench_p26_wt,bench_p26_wt_linear,0,64,42,0,5,16777216,32768,0,3600000000000,2097152,0,64,usage,243055360,0,0,0,0,0,0,4120784,3.262030
16,bench_p26_wt,bench_p26_wt_linear,0,64,42,0,5,268435456,32768,0,3600000000000,2097152,0,64,write,243069248,60416,1120638,69917,60416,286883328,286380032,3600022873088,3.302217
16,bench_p26_wt,bench_p26_wt_linear,0,64,42,0,5,268435456,32768,0,3600000000000,2097152,0,64,stack,243069248,0,0,0,0,0,0,8704,3.302341
16,bench_p26_wt,bench_p26_wt_linear,0,64,42,0,5,268435456,32768,0,3600000000000,2097152,0,64,ctx,243069248,0,0,0,0,0,0,7168,3.302403
16,bench_p26_wt,bench_p26_wt_linear,0,64,42,0,5,268435456,32768,0,3600000000000,2097152,0,64,heap,243069248,0,0,0,0,0,0,1153076,3.302453
16,bench_p26_wt,bench_p26_wt_linear,0,64,42,0,5,268435456,32768,0,3600000000000,2097152,0,64,usage,243069248,0,0,0,0,0,0,36143776,3.302498
17,bench_p26_wt,bench_p26_wt_linear,0,64,42,0,5,536870912,32768,0,3600000000000,2097152,0,64,write,243070720,59904,1120642,69917,59904,286884352,286380032,3600024472576,4.062325
17,bench_p26_wt,bench_p26_wt_linear,0,64,42,0,5,536870912,32768,0,3600000000000,2097152,0,64,stack,243070720,0,0,0,0,0,0,8704,4.062435
17,bench_p26_wt,bench_p26_wt_linear,0,64,42,0,5,536870912,32768,0,3600000000000,2097152,0,64,ctx,243070720,0,0,0,0,0,0,7168,4.062493
17,bench_p26_wt,bench_p26_wt_linear,0,64,42,0,5,536870912,32768,0,3600000000000,2097152,0,64,heap,243070720,0,0,0,0,0,0,2283572,4.062530
17,bench_p26_wt,bench_p26_wt_linear,0,64,42,0,5,536870912,32768,0,3600000000000,2097152,0,64,usage,243070720,0,0,0,0,0,0,70291152,4.062563
18,bench_p26_wt,bench_p26_wt_linear,0,64,42,0,5,1073741824,32768,0,3600000000000,2097152,0,64,write,243069248,59904,1120634,69917,59904,286882304,286380032,3600021232640,5.517093
18,bench_p26_wt,bench_p26_wt_linear,0,64,42,0,5,1073741824,32768,0,3600000000000,2097152,0,64,stack,243069248,0,0,0,0,0,0,8704,5.517190
18,bench_p26_wt,bench_p26_wt_linear,0,64,42,0,5,1073741824,32768,0,3600000000000,2097152,0,64,ctx,243069248,0,0,0,0,0,0,7168,5.517231
18,bench_p26_wt,bench_p26_wt_linear,0,64,42,0,5,1073741824,32768,0,3600000000000,2097152,0,64,heap,243069248,0,0,0,0,0,0,4544564,5.517265
18,bench_p26_wt,bench_p26_wt_linear,0,64,42,0,5,1073741824,32768,0,3600000000000,2097152,0,64,usage,243069248,0,0,0,0,0,0,138576976,5.517297
19,bench_p26_wt,bench_p26_wt_linear,0,64,42,0,5,2147483648,32768,0,3600000000000,2097152,0,64,write,243069696,59904,1120638,69917,59904,286883328,286380032,3600022852608,7.358730
19,bench_p26_wt,bench_p26_wt_linear,0,64,42,0,5,2147483648,32768,0,3600000000000,2097152,0,64,stack,243069696,0,0,0,0,0,0,8704,7.358814
19,bench_p26_wt,bench_p26_wt_linear,0,64,42,0,5,2147483648,32768,0,3600000000000,2097152,0,64,ctx,243069696,0,0,0,0,0,0,7168,7.358849
19,bench_p26_wt,bench_p26_wt_linear,0,64,42,0,5,2147483648,32768,0,3600000000000,2097152,0,64,heap,243069696,0,0,0,0,0,0,9066548,7.358878
19,bench_p26_wt,bench_p26_wt_linear,0,64,42,0,5,2147483648,32768,0,3600000000000,2097152,0,64,usage,243069696,0,0,0,0,0,0,275152096,7.358905
20,bench_p26_wt,bench_p26_wt_linear,0,64,42,0,5,4294967296,32768,0,3600000000000,2097152,0,64,write,243074176,59904,1120658,69917,59904,286888448,286380032,3600030952448,12.483464
20,bench_p26_wt,bench_p26_wt_linear,0,64,42,0,5,4294967296,32768,0,3600000000000,2097152,0,64,stack,243074176,0,0,0,0,0,0,8704,12.483537
20,bench_p26_wt,bench_p26_wt_linear,0,64,42,0,5,4294967296,32768,0,3600000000000,2097152,0,64,ctx,243074176,0,0,0,0,0,0,7168,12.483568
20,bench_p26_wt,bench_p26_wt_linear,0,64,42,0,5,4294967296,32768,0,3600000000000,2097152,0,64,heap,243074176,0,0,0,0,0,0,18110516,12.483593
20,bench_p26_wt,bench_p26_wt_linear,0,64,42,0,5,4294967296,32768,0,3600000000000,2097152,0,64,usage,243074176,0,0,0,0,0,0,548314240,12.483615
21,bench_p26_wt,bench_p26_wt_random,0,64,42,0,5,16777216,32768,0,3600000000000,2097152,0,64,write,27645952,248207872,1117738,69723,248207872,286140928,285585408,3600044555264,1.033664
21,bench_p26_wt,bench_p26_wt_random,0,64,42,0,5,16777216,32768,0,3600000000000,2097152,0,64,stack,27645952,0,0,0,0,0,0,8688,1.033907
21,bench_p26_wt,bench_p26_wt_random,0,64,42,0,5,16777216,32768,0,3600000000000,2097152,0,64,ctx,27645952,0,0,0,0,0,0,7152,1.033973
21,bench_p26_wt,bench_p26_wt_random,0,64,42,0,5,16777216,32768,0,3600000000000,2097152,0,64,heap,27645952,0,0,0,0,0,0,93236,1.034027
21,bench_p26_wt,bench_p26_wt_random,0,64,42,0,5,16777216,32768,0,3600000000000,2097152,0,64,usage,27645952,0,0,0,0,0,0,4342000,1.034068
22,bench_p26_wt,bench_p26_wt_random,0,64,42,0,5,33554432,32768,0,3600000000000,2097152,0,64,write,27762176,248208384,1117742,69723,248208384,286141952,285585408,3600046195712,1.137708
22,bench_p26_wt,bench_p26_wt_random,0,64,42,0,5,33554432,32768,0,3600000000000,2097152,0,64,stack,27762176,0,0,0,0,0,0,8688,1.137953
22,bench_p26_wt,bench_p26_wt_random,0,64,42,0,5,33554432,32768,0,3600000000000,2097152,0,64,ctx,27762176,0,0,0,0,0,0,7152,1.138067
22,bench_p26_wt,bench_p26_wt_random,0,64,42,0,5,33554432,32768,0,3600000000000,2097152,0,64,heap,27762176,0,0,0,0,0,0,163892,1.138175
22,bench_p26_wt,bench_p26_wt_random,0,64,42,0,5,33554432,32768,0,3600000000000,2097152,0,64,usage,27762176,0,0,0,0,0,0,6474816,1.138234
23,bench_p26_wt,bench_p26_wt_random,0,64,42,0,5,67108864,32768,0,3600000000000,2097152,0,64,write,27763648,248209408,1117746,69723,248209408,286142976,285585408,3600047856640,1.627913
23,bench_p26_wt,bench_p26_wt_random,0,64,42,0,5,67108864,32768,0,3600000000000,2097152,0,64,stack,27763648,0,0,0,0,0,0,8688,1.628142
23,bench_p26_wt,bench_p26_wt_random,0,64,42,0,5,67108864,32768,0,3600000000000,2097152,0,64,ctx,27763648,0,0,0,0,0,0,7152,1.628248
23,bench_p26_wt,bench_p26_wt_random,0,64,42,0,5,67108864,32768,0,3600000000000,2097152,0,64,heap,27763648,0,0,0,0,0,0,305204,1.628319
23,bench_p26_wt,bench_p26_wt_random,0,64,42,0,5,67108864,32768,0,3600000000000,2097152,0,64,usage,27763648,0,0,0,0,0,0,10744416,1.628379
24,bench_p26_wt,bench_p26_wt_random,0,64,42,0,5,134217728,32768,0,3600000000000,2097152,0,64,write,27764032,248210432,1117750,69723,248210432,286144000,285585408,3600049517568,2.142167
24,bench_p26_wt,bench_p26_wt_random,0,64,42,0,5,134217728,32768,0,3600000000000,2097152,0,64,stack,27764032,0,0,0,0,0,0,8688,2.142401
24,bench_p26_wt,bench_p26_wt_random,0,64,42,0,5,134217728,32768,0,3600000000000,2097152,0,64,ctx,27764032,0,0,0,0,0,0,7152,2.142480
24,bench_p26_wt,bench_p26_wt_random,0,64,42,0,5,134217728,32768,0,3600000000000,2097152,0,64,heap,27764032,0,0,0,0,0,0,587828,2.142537
24,bench_p26_wt,bench_p26_wt_random,0,64,42,0,5,134217728,32768,0,3600000000000,2097152,0,64,usage,27764032,0,0,0,0,0,0,19280144,2.142585
25,bench_p26_wt,bench_p26_wt_random,0,64,42,0,5,268435456,32768,0,3600000000000,2097152,0,64,write,27763968,248208384,1117742,69723,248208384,286141952,285585408,3600046195712,2.305528
25,bench_p26_wt,bench_p26_wt_random,0,64,42,0,5,268435456,32768,0,3600000000000,2097152,0,64,stack,27763968,0,0,0,0,0,0,8688,2.305627
25,bench_p26_wt,bench_p26_wt_random,0,64,42,0,5,268435456,32768,0,3600000000000,2097152,0,64,ctx,27763968,0,0,0,0,0,0,7152,2.305660
25,bench_p26_wt,bench_p26_wt_random,0,64,42,0,5,268435456,32768,0,3600000000000,2097152,0,64,heap,27763968,0,0,0,0,0,0,1153076,2.305688
25,bench_p26_wt,bench_p26_wt_random,0,64,42,0,5,268435456,32768,0,3600000000000,2097152,0,64,usage,27763968,0,0,0,0,0,0,36350608,2.305713
26,bench_p26_wt,bench_p26_wt_random,0,64,42,0,5,536870912,32768,0,3600000000000,2097152,0,64,write,27764160,248209920,1117748,69723,248209920,286143488,285585408,3600048687104,2.707787
26,bench_p26_wt,bench_p26_wt_random,0,64,42,0,5,536870912,32768,0,3600000000000,2097152,0,64,stack,27764160,0,0,0,0,0,0,8688,2.707950
26,bench_p26_wt,bench_p26_wt_random,0,64,42,0,5,536870912,32768,0,3600000000000,2097152,0,64,ctx,27764160,0,0,0,0,0,0,7152,2.708000
26,bench_p26_wt,bench_p26_wt_random,0,64,42,0,5,536870912,32768,0,3600000000000,2097152,0,64,heap,27764160,0,0,0,0,0,0,2283572,2.708039
26,bench_p26_wt,bench_p26_wt_random,0,64,42,0,5,536870912,32768,0,3600000000000,2097152,0,64,usage,27764160,0,0,0,0,0,0,70496496,2.708076
27,bench_p26_wt,bench_p26_wt_random,0,64,42,0,5,1073741824,32768,0,3600000000000,2097152,0,64,write,27764032,248208384,1117740,69723,248208384,286141440,285585408,3600045385728,3.833801
27,bench_p26_wt,bench_p26_wt_random,0,64,42,0,5,1073741824,32768,0,3600000000000,2097152,0,64,stack,27764032,0,0,0,0,0,0,8688,3.833928
27,bench_p26_wt,bench_p26_wt_random,0,64,42,0,5,1073741824,32768,0,3600000000000,2097152,0,64,ctx,27764032,0,0,0,0,0,0,7152,3.833987
27,bench_p26_wt,bench_p26_wt_random,0,64,42,0,5,1073741824,32768,0,3600000000000,2097152,0,64,heap,27764032,0,0,0,0,0,0,4544564,3.834028
27,bench_p26_wt,bench_p26_wt_random,0,64,42,0,5,1073741824,32768,0,3600000000000,2097152,0,64,usage,27764032,0,0,0,0,0,0,138783808,3.834067
28,bench_p26_wt,bench_p26_wt_random,0,64,42,0,5,2147483648,32768,0,3600000000000,2097152,0,64,write,27764032,248208384,1117742,69723,248208384,286141952,285585408,3600046195712,6.316754
28,bench_p26_wt,bench_p26_wt_random,0,64,42,0,5,2147483648,32768,0,3600000000000,2097152,0,64,stack,27764032,0,0,0,0,0,0,8688,6.316839
28,bench_p26_wt,bench_p26_wt_random,0,64,42,0,5,2147483648,32768,0,3600000000000,2097152,0,64,ctx,27764032,0,0,0,0,0,0,7152,6.316873
28,bench_p26_wt,bench_p26_wt_random,0,64,42,0,5,2147483648,32768,0,3600000000000,2097152,0,64,heap,27764032,0,0,0,0,0,0,9066548,6.316914
28,bench_p26_wt,bench_p26_wt_random,0,64,42,0,5,2147483648,32768,0,3600000000000,2097152,0,64,usage,27764032,0,0,0,0,0,0,275362400,6.316941
29,bench_p26_wt,bench_p26_wt_random,0,64,42,0,5,4294967296,32768,0,3600000000000,2097152,0,64,write,27764160,248209920,1117748,69722,248209920,286143488,285581312,3600003688448,11.449643
29,bench_p26_wt,bench_p26_wt_random,0,64,42,0,5,4294967296,32768,0,3600000000000,2097152,0,64,stack,27764160,0,0,0,0,0,0,8688,11.449711
29,bench_p26_wt,bench_p26_wt_random,0,64,42,0,5,4294967296,32768,0,3600000000000,2097152,0,64,ctx,27764160,0,0,0,0,0,0,7152,11.449741
29,bench_p26_wt,bench_p26_wt_random,0,64,42,0,5,4294967296,32768,0,3600000000000,2097152,0,64,heap,27764160,0,0,0,0,0,0,18110516,11.449766
29,bench_p26_wt,bench_p26_wt_random,0,64,42,0,5,4294967296,32768,0,3600000000000,2097152,0,64,usage,27764160,0,0,0,0,0,0,548516112,11.449789
32,bench_p26_wt,bench_p26_wt_many,0,64,42,0,5,67108864,32768,0,3600000000000,2097152,0,64,write,8012352,176108032,1145672,69535,176108032,293292032,284815360,3600013860864,48.227884
32,bench_p26_wt,bench_p26_wt_many,0,64,42,0,5,67108864,32768,0,3600000000000,2097152,0,64,stack,8012352,0,0,0,0,0,0,8960,48.228072
32,bench_p26_wt,bench_p26_wt_many,0,64,42,0,5,67108864,32768,0,3600000000000,2097152,0,64,ctx,8012352,0,0,0,0,0,0,7424,48.228165
32,bench_p26_wt,bench_p26_wt_many,0,64,42,0,5,67108864,32768,0,3600000000000,2097152,0,64,heap,8012352,0,0,0,0,0,0,7870788,48.228239
32,bench_p26_wt,bench_p26_wt_many,0,64,42,0,5,67108864,32768,0,3600000000000,2097152,0,64,usage,8012352,0,0,0,0,0,0,44612288,48.228300
33,bench_p26_wt,bench_p26_wt_many,0,64,42,0,5,134217728,32768,0,3600000000000,2097152,0,64,write,9853568,161290240,1146216,69543,161290240,293431296,284848128,3600001454080,53.857299
33,bench_p26_wt,bench_p26_wt_many,0,64,42,0,5,134217728,32768,0,3600000000000,2097152,0,64,stack,9853568,0,0,0,0,0,0,8960,53.857467
33,bench_p26_wt,bench_p26_wt_many,0,64,42,0,5,134217728,32768,0,3600000000000,2097152,0,64,ctx,9853568,0,0,0,0,0,0,7424,53.857552
33,bench_p26_wt,bench_p26_wt_many,0,64,42,0,5,134217728,32768,0,3600000000000,2097152,0,64,heap,9853568,0,0,0,0,0,0,8118468,53.857619
33,bench_p26_wt,bench_p26_wt_many,0,64,42,0,5,134217728,32768,0,3600000000000,2097152,0,64,usage,9853568,0,0,0,0,0,0,53611776,53.857672
35,bench_p26_wt,bench_p26_wt_many,0,64,42,0,5,536870912,32768,0,3600000000000,2097152,0,64,write,10004736,160075776,1146256,69544,160075776,293441536,284852224,3600014073856,55.140622
35,bench_p26_wt,bench_p26_wt_many,0,64,42,0,5,536870912,32768,0,3600000000000,2097152,0,64,stack,10004736,0,0,0,0,0,0,8960,55.140744
35,bench_p26_wt,bench_p26_wt_many,0,64,42,0,5,536870912,32768,0,3600000000000,2097152,0,64,ctx,10004736,0,0,0,0,0,0,7424,55.140791
35,bench_p26_wt,bench_p26_wt_many,0,64,42,0,5,536870912,32768,0,3600000000000,2097152,0,64,heap,10004736,0,0,0,0,0,0,9051812,55.140828
35,bench_p26_wt,bench_p26_wt_many,0,64,42,0,5,536870912,32768,0,3600000000000,2097152,0,64,usage,10004736,0,0,0,0,0,0,104855904,55.140862
36,bench_p26_wt,bench_p26_wt_many,0,64,42,0,5,1073741824,32768,0,3600000000000,2097152,0,64,write,10004672,160074752,1146248,69544,160074752,293439488,284852224,3600010792960,58.974486
36,bench_p26_wt,bench_p26_wt_many,0,64,42,0,5,1073741824,32768,0,3600000000000,2097152,0,64,stack,10004672,0,0,0,0,0,0,8960,58.974598
36,bench_p26_wt,bench_p26_wt_many,0,64,42,0,5,1073741824,32768,0,3600000000000,2097152,0,64,ctx,10004672,0,0,0,0,0,0,7424,58.974644
36,bench_p26_wt,bench_p26_wt_many,0,64,42,0,5,1073741824,32768,0,3600000000000,2097152,0,64,heap,10004672,0,0,0,0,0,0,10264228,58.974681
36,bench_p26_wt,bench_p26_wt_many,0,64,42,0,5,1073741824,32768,0,3600000000000,2097152,0,64,usage,10004672,0,0,0,0,0,0,173147184,58.974718
37,bench_p26_wt,bench_p26_wt_many,0,64,42,0,5,2147483648,32768,0,3600000000000,2097152,0,64,write,10004800,160076800,1146264,69544,160076800,293443584,284852224,3600017354752,59.544236
37,bench_p26_wt,bench_p26_wt_many,0,64,42,0,5,2147483648,32768,0,3600000000000,2097152,0,64,stack,10004800,0,0,0,0,0,0,8960,59.544337
37,bench_p26_wt,bench_p26_wt_many,0,64,42,0,5,2147483648,32768,0,3600000000000,2097152,0,64,ctx,10004800,0,0,0,0,0,0,7424,59.544379
37,bench_p26_wt,bench_p26_wt_many,0,64,42,0,5,2147483648,32768,0,3600000000000,2097152,0,64,heap,10004800,0,0,0,0,0,0,12689060,59.544413
37,bench_p26_wt,bench_p26_wt_many,0,64,42,0,5,2147483648,32768,0,3600000000000,2097152,0,64,usage,10004800,0,0,0,0,0,0,309722304,59.544443
34,bench_p26_wt,bench_p26_wt_many,0,64,42,0,5,268435456,32768,0,3600000000000,2097152,0,64,write,9997056,160139776,1146266,69544,160139776,293444096,284852224,3600020683776,60.920231
34,bench_p26_wt,bench_p26_wt_many,0,64,42,0,5,268435456,32768,0,3600000000000,2097152,0,64,stack,9997056,0,0,0,0,0,0,8960,60.920340
34,bench_p26_wt,bench_p26_wt_many,0,64,42,0,5,268435456,32768,0,3600000000000,2097152,0,64,ctx,9997056,0,0,0,0,0,0,7424,60.920380
34,bench_p26_wt,bench_p26_wt_many,0,64,42,0,5,268435456,32768,0,3600000000000,2097152,0,64,heap,9997056,0,0,0,0,0,0,8445604,60.920411
34,bench_p26_wt,bench_p26_wt_many,0,64,42,0,5,268435456,32768,0,3600000000000,2097152,0,64,usage,9997056,0,0,0,0,0,0,70713488,60.920439
38,bench_p26_wt,bench_p26_wt_many,0,64,42,0,5,4294967296,32768,0,3600000000000,2097152,0,64,write,10004864,160077824,1146270,69544,160077824,293445120,284852224,3600019825664,63.484092
38,bench_p26_wt,bench_p26_wt_many,0,64,42,0,5,4294967296,32768,0,3600000000000,2097152,0,64,stack,10004864,0,0,0,0,0,0,8960,63.484167
38,bench_p26_wt,bench_p26_wt_many,0,64,42,0,5,4294967296,32768,0,3600000000000,2097152,0,64,ctx,10004864,0,0,0,0,0,0,7424,63.484197
38,bench_p26_wt,bench_p26_wt_many,0,64,42,0,5,4294967296,32768,0,3600000000000,2097152,0,64,heap,10004864,0,0,0,0,0,0,18110516,63.484221
38,bench_p26_wt,bench_p26_wt_many,0,64,42,0,5,4294967296,32768,0,3600000000000,2097152,0,64,usage,10004864,0,0,0,0,0,0,582875520,63.484272
41,bench_p26_wt,bench_p26_wt_logging,0,64,42,0,5,67108864,32768,0,3600000000000,2097152,0,64,write,14411968,124633600,1120940,69804,124633600,286960640,285917184,3600043259904,0.858092
41,bench_p26_wt,bench_p26_wt_logging,0,64,42,0,5,67108864,32768,0,3600000000000,2097152,0,64,stack,14411968,0,0,0,0,0,0,8768,0.858274
41,bench_p26_wt,bench_p26_wt_logging,0,64,42,0,5,67108864,32768,0,3600000000000,2097152,0,64,ctx,14411968,0,0,0,0,0,0,7232,0.858371
41,bench_p26_wt,bench_p26_wt_logging,0,64,42,0,5,67108864,32768,0,3600000000000,2097152,0,64,heap,14411968,0,0,0,0,0,0,305204,0.858424
41,bench_p26_wt,bench_p26_wt_logging,0,64,42,0,5,67108864,32768,0,3600000000000,2097152,0,64,usage,14411968,0,0,0,0,0,0,12649056,0.858475
39,bench_p26_wt,bench_p26_wt_logging,0,64,42,0,5,16777216,32768,0,3600000000000,2097152,0,64,write,12695296,139300864,1119174,69806,139300864,286508544,285925376,3600004731904,1.169867
39,bench_p26_wt,bench_p26_wt_logging,0,64,42,0,5,16777216,32768,0,3600000000000,2097152,0,64,stack,12695296,0,0,0,0,0,0,8944,1.170342
39,bench_p26_wt,bench_p26_wt_logging,0,64,42,0,5,16777216,32768,0,3600000000000,2097152,0,64,ctx,12695296,0,0,0,0,0,0,7232,1.170574
39,bench_p26_wt,bench_p26_wt_logging,0,64,42,0,5,16777216,32768,0,3600000000000,2097152,0,64,heap,12695296,0,0,0,0,0,0,105380,1.170666
39,bench_p26_wt,bench_p26_wt_logging,0,64,42,0,5,16777216,32768,0,3600000000000,2097152,0,64,usage,12695296,0,0,0,0,0,0,4458560,1.170731
40,bench_p26_wt,bench_p26_wt_logging,0,64,42,0,5,33554432,32768,0,3600000000000,2097152,0,64,write,13845440,129474048,1120358,69804,129474048,286811648,285917184,3600001172480,1.188644
40,bench_p26_wt,bench_p26_wt_logging,0,64,42,0,5,33554432,32768,0,3600000000000,2097152,0,64,stack,13845440,0,0,0,0,0,0,8944,1.189028
40,bench_p26_wt,bench_p26_wt_logging,0,64,42,0,5,33554432,32768,0,3600000000000,2097152,0,64,ctx,13845440,0,0,0,0,0,0,7232,1.189133
40,bench_p26_wt,bench_p26_wt_logging,0,64,42,0,5,33554432,32768,0,3600000000000,2097152,0,64,heap,13845440,0,0,0,0,0,0,163892,1.189202
40,bench_p26_wt,bench_p26_wt_logging,0,64,42,0,5,33554432,32768,0,3600000000000,2097152,0,64,usage,13845440,0,0,0,0,0,0,7795168,1.189255
42,bench_p26_wt,bench_p26_wt_logging,0,64,42,0,5,134217728,32768,0,3600000000000,2097152,0,64,write,14949184,119613952,1119574,69820,119613952,286610944,285982720,3600009233408,1.552691
42,bench_p26_wt,bench_p26_wt_logging,0,64,42,0,5,134217728,32768,0,3600000000000,2097152,0,64,stack,14949184,0,0,0,0,0,0,8944,1.552853
42,bench_p26_wt,bench_p26_wt_logging,0,64,42,0,5,134217728,32768,0,3600000000000,2097152,0,64,ctx,14949184,0,0,0,0,0,0,7232,1.552924
42,bench_p26_wt,bench_p26_wt_logging,0,64,42,0,5,134217728,32768,0,3600000000000,2097152,0,64,heap,14949184,0,0,0,0,0,0,587828,1.552970
42,bench_p26_wt,bench_p26_wt_logging,0,64,42,0,5,134217728,32768,0,3600000000000,2097152,0,64,usage,14949184,0,0,0,0,0,0,19562368,1.553010
43,bench_p26_wt,bench_p26_wt_logging,0,64,42,0,5,268435456,32768,0,3600000000000,2097152,0,64,write,14949184,119613952,1119576,69820,119613952,286611456,285982720,3600010043392,1.598732
43,bench_p26_wt,bench_p26_wt_logging,0,64,42,0,5,268435456,32768,0,3600000000000,2097152,0,64,stack,14949184,0,0,0,0,0,0,8944,1.598943
43,bench_p26_wt,bench_p26_wt_logging,0,64,42,0,5,268435456,32768,0,3600000000000,2097152,0,64,ctx,14949184,0,0,0,0,0,0,7232,1.599020
43,bench_p26_wt,bench_p26_wt_logging,0,64,42,0,5,268435456,32768,0,3600000000000,2097152,0,64,heap,14949184,0,0,0,0,0,0,1153076,1.599067
43,bench_p26_wt,bench_p26_wt_logging,0,64,42,0,5,268435456,32768,0,3600000000000,2097152,0,64,usage,14949184,0,0,0,0,0,0,36633328,1.599112
44,bench_p26_wt,bench_p26_wt_logging,0,64,42,0,5,536870912,32768,0,3600000000000,2097152,0,64,write,14949248,119614464,1119580,69820,119614464,286612480,285982720,3600011683840,2.299989
44,bench_p26_wt,bench_p26_wt_logging,0,64,42,0,5,536870912,32768,0,3600000000000,2097152,0,64,stack,14949248,0,0,0,0,0,0,8768,2.300166
44,bench_p26_wt,bench_p26_wt_logging,0,64,42,0,5,536870912,32768,0,3600000000000,2097152,0,64,ctx,14949248,0,0,0,0,0,0,7232,2.300242
44,bench_p26_wt,bench_p26_wt_logging,0,64,42,0,5,536870912,32768,0,3600000000000,2097152,0,64,heap,14949248,0,0,0,0,0,0,2283572,2.300399
44,bench_p26_wt,bench_p26_wt_logging,0,64,42,0,5,536870912,32768,0,3600000000000,2097152,0,64,usage,14949248,0,0,0,0,0,0,70779216,2.300450
45,bench_p26_wt,bench_p26_wt_logging,0,64,42,0,5,1073741824,32768,0,3600000000000,2097152,0,64,write,14949184,119613952,1119574,69820,119613952,286610944,285982720,3600009233408,3.597764
45,bench_p26_wt,bench_p26_wt_logging,0,64,42,0,5,1073741824,32768,0,3600000000000,2097152,0,64,stack,14949184,0,0,0,0,0,0,8944,3.597873
45,bench_p26_wt,bench_p26_wt_logging,0,64,42,0,5,1073741824,32768,0,3600000000000,2097152,0,64,ctx,14949184,0,0,0,0,0,0,7232,3.606228
45,bench_p26_wt,bench_p26_wt_logging,0,64,42,0,5,1073741824,32768,0,3600000000000,2097152,0,64,heap,14949184,0,0,0,0,0,0,4544564,3.606292
45,bench_p26_wt,bench_p26_wt_logging,0,64,42,0,5,1073741824,32768,0,3600000000000,2097152,0,64,usage,14949184,0,0,0,0,0,0,139066528,3.606331
46,bench_p26_wt,bench_p26_wt_logging,0,64,42,0,5,2147483648,32768,0,3600000000000,2097152,0,64,write,14949184,119613952,1119576,69820,119613952,286611456,285982720,3600010043392,6.064628
46,bench_p26_wt,bench_p26_wt_logging,0,64,42,0,5,2147483648,32768,0,3600000000000,2097152,0,64,stack,14949184,0,0,0,0,0,0,8944,6.064779
46,bench_p26_wt,bench_p26_wt_logging,0,64,42,0,5,2147483648,32768,0,3600000000000,2097152,0,64,ctx,14949184,0,0,0,0,0,0,7232,6.064855
46,bench_p26_wt,bench_p26_wt_logging,0,64,42,0,5,2147483648,32768,0,3600000000000,2097152,0,64,heap,14949184,0,0,0,0,0,0,9066548,6.064895
46,bench_p26_wt,bench_p26_wt_logging,0,64,42,0,5,2147483648,32768,0,3600000000000,2097152,0,64,usage,14949184,0,0,0,0,0,0,275645120,6.064929
47,bench_p26_wt,bench_p26_wt_logging,0,64,42,0,5,4294967296,32768,0,3600000000000,2097152,0,64,write,14949248,119614464,1119580,69820,119614464,286612480,285982720,3600011683840,11.340959
47,bench_p26_wt,bench_p26_wt_logging,0,64,42,0,5,4294967296,32768,0,3600000000000,2097152,0,64,stack,14949248,0,0,0,0,0,0,8768,11.341032
47,bench_p26_wt,bench_p26_wt_logging,0,64,42,0,5,4294967296,32768,0,3600000000000,2097152,0,64,ctx,14949248,0,0,0,0,0,0,7232,11.341071
47,bench_p26_wt,bench_p26_wt_logging,0,64,42,0,5,4294967296,32768,0,3600000000000,2097152,0,64,heap,14949248,0,0,0,0,0,0,18110516,11.341096
47,bench_p26_wt,bench_p26_wt_logging,0,64,42,0,5,4294967296,32768,0,3600000000000,2097152,0,64,usage,14949248,0,0,0,0,0,0,548798336,11.341119
