i,suite,case,FILE_COUNT,FILE_SIZE,SIM_SIZE,SKIP_WARMUP,SIZE,DISK_GEOMETRY,CHUNK,DISK_SIZE,NO_FRUNCATE,SEED,SIM_TIME,FS,probe,n,bench_reads,bench_progs,bench_erases,bench_readed,bench_progged,bench_erased,bench_simtime,bench_runtime
13,bench_p26_wt,bench_p26_wt_linear,32768,64,0,0,2097152,1,64,33554432,0,42,3600000000000,5,write,6495132736,3368,13469398,52615,1724416,6896331776,6896353280,3600001045504,43.637120
13,bench_p26_wt,bench_p26_wt_linear,32768,64,0,0,2097152,1,64,33554432,0,42,3600000000000,5,stack,6495132736,0,0,0,0,0,0,8704,43.637350
13,bench_p26_wt,bench_p26_wt_linear,32768,64,0,0,2097152,1,64,33554432,0,42,3600000000000,5,ctx,6495132736,0,0,0,0,0,0,7168,43.637408
13,bench_p26_wt,bench_p26_wt_linear,32768,64,0,0,2097152,1,64,33554432,0,42,3600000000000,5,heap,6495132736,0,0,0,0,0,0,65348,43.637465
13,bench_p26_wt,bench_p26_wt_linear,32768,64,0,0,2097152,1,64,33554432,0,42,3600000000000,5,usage,6495132736,0,0,0,0,0,0,2731504,43.637513
14,bench_p26_wt,bench_p26_wt_linear,32768,64,0,0,2097152,1,64,67108864,0,42,3600000000000,5,write,6495211584,3234,13469423,52614,1655808,6896344576,6896222208,3600000972288,43.711887
14,bench_p26_wt,bench_p26_wt_linear,32768,64,0,0,2097152,1,64,67108864,0,42,3600000000000,5,stack,6495211584,0,0,0,0,0,0,8704,43.711994
14,bench_p26_wt,bench_p26_wt_linear,32768,64,0,0,2097152,1,64,67108864,0,42,3600000000000,5,ctx,6495211584,0,0,0,0,0,0,7168,43.712050
14,bench_p26_wt,bench_p26_wt_linear,32768,64,0,0,2097152,1,64,67108864,0,42,3600000000000,5,heap,6495211584,0,0,0,0,0,0,75652,43.712098
14,bench_p26_wt,bench_p26_wt_linear,32768,64,0,0,2097152,1,64,67108864,0,42,3600000000000,5,usage,6495211584,0,0,0,0,0,0,4532512,43.712143
16,bench_p26_wt,bench_p26_wt_linear,32768,64,0,0,2097152,1,64,268435456,0,42,3600000000000,5,write,6495268160,3133,13469436,52614,1604096,6896351232,6896222208,3600000882176,45.050091
16,bench_p26_wt,bench_p26_wt_linear,32768,64,0,0,2097152,1,64,268435456,0,42,3600000000000,5,stack,6495268160,0,0,0,0,0,0,8704,45.050220
16,bench_p26_wt,bench_p26_wt_linear,32768,64,0,0,2097152,1,64,268435456,0,42,3600000000000,5,ctx,6495268160,0,0,0,0,0,0,7168,45.050279
16,bench_p26_wt,bench_p26_wt_linear,32768,64,0,0,2097152,1,64,268435456,0,42,3600000000000,5,heap,6495268160,0,0,0,0,0,0,137476,45.050327
16,bench_p26_wt,bench_p26_wt_linear,32768,64,0,0,2097152,1,64,268435456,0,42,3600000000000,5,usage,6495268160,0,0,0,0,0,0,14908032,45.050373
12,bench_p26_wt,bench_p26_wt_linear,32768,64,0,0,2097152,1,64,16777216,0,42,3600000000000,5,write,6494982976,3634,13469362,52615,1860608,6896313344,6896353280,3600000825344,61.287709
12,bench_p26_wt,bench_p26_wt_linear,32768,64,0,0,2097152,1,64,16777216,0,42,3600000000000,5,stack,6494982976,0,0,0,0,0,0,8704,61.287844
12,bench_p26_wt,bench_p26_wt_linear,32768,64,0,0,2097152,1,64,16777216,0,42,3600000000000,5,ctx,6494982976,0,0,0,0,0,0,7168,61.287899
12,bench_p26_wt,bench_p26_wt_linear,32768,64,0,0,2097152,1,64,16777216,0,42,3600000000000,5,heap,6494982976,0,0,0,0,0,0,60196,61.287946
12,bench_p26_wt,bench_p26_wt_linear,32768,64,0,0,2097152,1,64,16777216,0,42,3600000000000,5,usage,6494982976,0,0,0,0,0,0,1720640,61.287992
15,bench_p26_wt,bench_p26_wt_linear,32768,64,0,0,2097152,1,64,134217728,0,42,3600000000000,5,write,6495245824,3166,13469424,52615,1620992,6896345088,6896353280,3600000865280,62.505198
15,bench_p26_wt,bench_p26_wt_linear,32768,64,0,0,2097152,1,64,134217728,0,42,3600000000000,5,stack,6495245824,0,0,0,0,0,0,8704,62.505310
15,bench_p26_wt,bench_p26_wt_linear,32768,64,0,0,2097152,1,64,134217728,0,42,3600000000000,5,ctx,6495245824,0,0,0,0,0,0,7168,62.513627
15,bench_p26_wt,bench_p26_wt_linear,32768,64,0,0,2097152,1,64,134217728,0,42,3600000000000,5,heap,6495245824,0,0,0,0,0,0,96260,62.513680
15,bench_p26_wt,bench_p26_wt_linear,32768,64,0,0,2097152,1,64,134217728,0,42,3600000000000,5,usage,6495245824,0,0,0,0,0,0,8004080,62.513726
17,bench_p26_wt,bench_p26_wt_linear,32768,64,0,0,2097152,1,64,536870912,0,42,3600000000000,5,write,6495274112,3116,13469431,52615,1595392,6896348672,6896353280,3600000967168,64.347369
17,bench_p26_wt,bench_p26_wt_linear,32768,64,0,0,2097152,1,64,536870912,0,42,3600000000000,5,stack,6495274112,0,0,0,0,0,0,8704,64.347458
17,bench_p26_wt,bench_p26_wt_linear,32768,64,0,0,2097152,1,64,536870912,0,42,3600000000000,5,ctx,6495274112,0,0,0,0,0,0,7168,64.347513
17,bench_p26_wt,bench_p26_wt_linear,32768,64,0,0,2097152,1,64,536870912,0,42,3600000000000,5,heap,6495274112,0,0,0,0,0,0,227012,64.347548
17,bench_p26_wt,bench_p26_wt_linear,32768,64,0,0,2097152,1,64,536870912,0,42,3600000000000,5,usage,6495274112,0,0,0,0,0,0,28797280,64.347581
18,bench_p26_wt,bench_p26_wt_linear,32768,64,0,0,2097152,1,64,1073741824,0,42,3600000000000,5,write,6495279040,3107,13469432,52615,1590784,6896349184,6896353280,3600000918016,64.309350
18,bench_p26_wt,bench_p26_wt_linear,32768,64,0,0,2097152,1,64,1073741824,0,42,3600000000000,5,stack,6495279040,0,0,0,0,0,0,8704,64.309434
18,bench_p26_wt,bench_p26_wt_linear,32768,64,0,0,2097152,1,64,1073741824,0,42,3600000000000,5,ctx,6495279040,0,0,0,0,0,0,7168,64.309473
18,bench_p26_wt,bench_p26_wt_linear,32768,64,0,0,2097152,1,64,1073741824,0,42,3600000000000,5,heap,6495279040,0,0,0,0,0,0,424644,64.309505
18,bench_p26_wt,bench_p26_wt_linear,32768,64,0,0,2097152,1,64,1073741824,0,42,3600000000000,5,usage,6495279040,0,0,0,0,0,0,56445328,64.309537
19,bench_p26_wt,bench_p26_wt_linear,32768,64,0,0,2097152,1,64,2147483648,0,42,3600000000000,5,write,6495284992,3103,13469440,52614,1588736,6896353280,6896222208,3600000891392,66.209077
19,bench_p26_wt,bench_p26_wt_linear,32768,64,0,0,2097152,1,64,2147483648,0,42,3600000000000,5,stack,6495284992,0,0,0,0,0,0,8704,66.209167
19,bench_p26_wt,bench_p26_wt_linear,32768,64,0,0,2097152,1,64,2147483648,0,42,3600000000000,5,ctx,6495284992,0,0,0,0,0,0,7168,66.217506
19,bench_p26_wt,bench_p26_wt_linear,32768,64,0,0,2097152,1,64,2147483648,0,42,3600000000000,5,heap,6495284992,0,0,0,0,0,0,819908,66.217556
19,bench_p26_wt,bench_p26_wt_linear,32768,64,0,0,2097152,1,64,2147483648,0,42,3600000000000,5,usage,6495284992,0,0,0,0,0,0,111867904,66.217592
20,bench_p26_wt,bench_p26_wt_linear,32768,64,0,0,2097152,1,64,4294967296,0,42,3600000000000,5,write,6495282560,3101,13469433,52615,1587712,6896349696,6896353280,3600000971776,70.753832
20,bench_p26_wt,bench_p26_wt_linear,32768,64,0,0,2097152,1,64,4294967296,0,42,3600000000000,5,stack,6495282560,0,0,0,0,0,0,8704,70.753910
20,bench_p26_wt,bench_p26_wt_linear,32768,64,0,0,2097152,1,64,4294967296,0,42,3600000000000,5,ctx,6495282560,0,0,0,0,0,0,7168,70.753941
20,bench_p26_wt,bench_p26_wt_linear,32768,64,0,0,2097152,1,64,4294967296,0,42,3600000000000,5,heap,6495282560,0,0,0,0,0,0,1610436,70.753967
20,bench_p26_wt,bench_p26_wt_linear,32768,64,0,0,2097152,1,64,4294967296,0,42,3600000000000,5,usage,6495282560,0,0,0,0,0,0,222564752,70.753990
21,bench_p26_wt,bench_p26_wt_random,32768,64,0,0,2097152,1,64,16777216,0,42,3600000000000,5,write,659747712,11643681,11975364,46775,5961564672,6131386368,6130892800,3600001113600,15.143008
21,bench_p26_wt,bench_p26_wt_random,32768,64,0,0,2097152,1,64,16777216,0,42,3600000000000,5,stack,659747712,0,0,0,0,0,0,8688,15.143164
21,bench_p26_wt,bench_p26_wt_random,32768,64,0,0,2097152,1,64,16777216,0,42,3600000000000,5,ctx,659747712,0,0,0,0,0,0,7152,15.143222
21,bench_p26_wt,bench_p26_wt_random,32768,64,0,0,2097152,1,64,16777216,0,42,3600000000000,5,heap,659747712,0,0,0,0,0,0,60196,15.143271
21,bench_p26_wt,bench_p26_wt_random,32768,64,0,0,2097152,1,64,16777216,0,42,3600000000000,5,usage,659747712,0,0,0,0,0,0,3728448,15.143319
22,bench_p26_wt,bench_p26_wt_random,32768,64,0,0,2097152,1,64,33554432,0,42,3600000000000,5,write,661705216,11643680,11975363,46775,5961564160,6131385856,6130892800,3600000819712,15.570034
22,bench_p26_wt,bench_p26_wt_random,32768,64,0,0,2097152,1,64,33554432,0,42,3600000000000,5,stack,661705216,0,0,0,0,0,0,8688,15.570215
22,bench_p26_wt,bench_p26_wt_random,32768,64,0,0,2097152,1,64,33554432,0,42,3600000000000,5,ctx,661705216,0,0,0,0,0,0,7152,15.570297
22,bench_p26_wt,bench_p26_wt_random,32768,64,0,0,2097152,1,64,33554432,0,42,3600000000000,5,heap,661705216,0,0,0,0,0,0,65348,15.570349
22,bench_p26_wt,bench_p26_wt_random,32768,64,0,0,2097152,1,64,33554432,0,42,3600000000000,5,usage,661705216,0,0,0,0,0,0,4589520,15.570415
24,bench_p26_wt,bench_p26_wt_random,32768,64,0,0,2097152,1,64,134217728,0,42,3600000000000,5,write,661735104,11643680,11975363,46775,5961564160,6131385856,6130892800,3600000819712,20.315481
24,bench_p26_wt,bench_p26_wt_random,32768,64,0,0,2097152,1,64,134217728,0,42,3600000000000,5,stack,661735104,0,0,0,0,0,0,8688,20.315620
24,bench_p26_wt,bench_p26_wt_random,32768,64,0,0,2097152,1,64,134217728,0,42,3600000000000,5,ctx,661735104,0,0,0,0,0,0,7152,20.315670
24,bench_p26_wt,bench_p26_wt_random,32768,64,0,0,2097152,1,64,134217728,0,42,3600000000000,5,heap,661735104,0,0,0,0,0,0,96260,20.315712
24,bench_p26_wt,bench_p26_wt_random,32768,64,0,0,2097152,1,64,134217728,0,42,3600000000000,5,usage,661735104,0,0,0,0,0,0,9749008,20.315762
25,bench_p26_wt,bench_p26_wt_random,32768,64,0,0,2097152,1,64,268435456,0,42,3600000000000,5,write,661738624,11643680,11975363,46775,5961564160,6131385856,6130892800,3600000819712,20.924510
25,bench_p26_wt,bench_p26_wt_random,32768,64,0,0,2097152,1,64,268435456,0,42,3600000000000,5,stack,661738624,0,0,0,0,0,0,8688,20.924660
25,bench_p26_wt,bench_p26_wt_random,32768,64,0,0,2097152,1,64,268435456,0,42,3600000000000,5,ctx,661738624,0,0,0,0,0,0,7152,20.933096
25,bench_p26_wt,bench_p26_wt_random,32768,64,0,0,2097152,1,64,268435456,0,42,3600000000000,5,heap,661738624,0,0,0,0,0,0,137476,20.933259
25,bench_p26_wt,bench_p26_wt_random,32768,64,0,0,2097152,1,64,268435456,0,42,3600000000000,5,usage,661738624,0,0,0,0,0,0,16627168,20.933315
23,bench_p26_wt,bench_p26_wt_random,32768,64,0,0,2097152,1,64,67108864,0,42,3600000000000,5,write,661728128,11643681,11975364,46775,5961564672,6131386368,6130892800,3600001113600,21.341939
23,bench_p26_wt,bench_p26_wt_random,32768,64,0,0,2097152,1,64,67108864,0,42,3600000000000,5,stack,661728128,0,0,0,0,0,0,8688,21.342087
23,bench_p26_wt,bench_p26_wt_random,32768,64,0,0,2097152,1,64,67108864,0,42,3600000000000,5,ctx,661728128,0,0,0,0,0,0,7152,21.342133
23,bench_p26_wt,bench_p26_wt_random,32768,64,0,0,2097152,1,64,67108864,0,42,3600000000000,5,heap,661728128,0,0,0,0,0,0,75652,21.342172
23,bench_p26_wt,bench_p26_wt_random,32768,64,0,0,2097152,1,64,67108864,0,42,3600000000000,5,usage,661728128,0,0,0,0,0,0,6308192,21.342206
26,bench_p26_wt,bench_p26_wt_random,32768,64,0,0,2097152,1,64,536870912,0,42,3600000000000,5,write,661740800,11643686,11975369,46775,5961567232,6131388928,6130892800,3600002583040,21.150807
26,bench_p26_wt,bench_p26_wt_random,32768,64,0,0,2097152,1,64,536870912,0,42,3600000000000,5,stack,661740800,0,0,0,0,0,0,8688,21.150915
26,bench_p26_wt,bench_p26_wt_random,32768,64,0,0,2097152,1,64,536870912,0,42,3600000000000,5,ctx,661740800,0,0,0,0,0,0,7152,21.150963
26,bench_p26_wt,bench_p26_wt_random,32768,64,0,0,2097152,1,64,536870912,0,42,3600000000000,5,heap,661740800,0,0,0,0,0,0,227012,21.151003
26,bench_p26_wt,bench_p26_wt_random,32768,64,0,0,2097152,1,64,536870912,0,42,3600000000000,5,usage,661740800,0,0,0,0,0,0,30513936,21.151045
27,bench_p26_wt,bench_p26_wt_random,32768,64,0,0,2097152,1,64,1073741824,0,42,3600000000000,5,write,661741376,11643680,11975363,46775,5961564160,6131385856,6130892800,3600000819712,22.948941
27,bench_p26_wt,bench_p26_wt_random,32768,64,0,0,2097152,1,64,1073741824,0,42,3600000000000,5,stack,661741376,0,0,0,0,0,0,8688,22.949039
27,bench_p26_wt,bench_p26_wt_random,32768,64,0,0,2097152,1,64,1073741824,0,42,3600000000000,5,ctx,661741376,0,0,0,0,0,0,7152,22.949079
27,bench_p26_wt,bench_p26_wt_random,32768,64,0,0,2097152,1,64,1073741824,0,42,3600000000000,5,heap,661741376,0,0,0,0,0,0,424644,22.949109
27,bench_p26_wt,bench_p26_wt_random,32768,64,0,0,2097152,1,64,1073741824,0,42,3600000000000,5,usage,661741376,0,0,0,0,0,0,58157024,22.949137
28,bench_p26_wt,bench_p26_wt_random,32768,64,0,0,2097152,1,64,2147483648,0,42,3600000000000,5,write,661742592,11643693,11975376,46774,5961570816,6131392512,6130761728,3600002674176,23.280139
28,bench_p26_wt,bench_p26_wt_random,32768,64,0,0,2097152,1,64,2147483648,0,42,3600000000000,5,stack,661742592,0,0,0,0,0,0,8688,23.280223
28,bench_p26_wt,bench_p26_wt_random,32768,64,0,0,2097152,1,64,2147483648,0,42,3600000000000,5,ctx,661742592,0,0,0,0,0,0,7152,23.280269
28,bench_p26_wt,bench_p26_wt_random,32768,64,0,0,2097152,1,64,2147483648,0,42,3600000000000,5,heap,661742592,0,0,0,0,0,0,819908,23.280299
28,bench_p26_wt,bench_p26_wt_random,32768,64,0,0,2097152,1,64,2147483648,0,42,3600000000000,5,usage,661742592,0,0,0,0,0,0,113573648,23.280327
29,bench_p26_wt,bench_p26_wt_random,32768,64,0,0,2097152,1,64,4294967296,0,42,3600000000000,5,write,661742080,11643680,11975363,46775,5961564160,6131385856,6130892800,3600000819712,24.313681
29,bench_p26_wt,bench_p26_wt_random,32768,64,0,0,2097152,1,64,4294967296,0,42,3600000000000,5,stack,661742080,0,0,0,0,0,0,8688,24.313760
29,bench_p26_wt,bench_p26_wt_random,32768,64,0,0,2097152,1,64,4294967296,0,42,3600000000000,5,ctx,661742080,0,0,0,0,0,0,7152,24.322087
29,bench_p26_wt,bench_p26_wt_random,32768,64,0,0,2097152,1,64,4294967296,0,42,3600000000000,5,heap,661742080,0,0,0,0,0,0,1610436,24.322135
29,bench_p26_wt,bench_p26_wt_random,32768,64,0,0,2097152,1,64,4294967296,0,42,3600000000000,5,usage,661742080,0,0,0,0,0,0,224272976,24.322165
30,bench_p26_wt,bench_p26_wt_many,32768,64,0,0,2097152,1,64,16777216,0,42,3600000000000,5,write,2859904,11601375,11980930,46784,5939904000,6134236160,6132072448,3600012387840,55.986232
30,bench_p26_wt,bench_p26_wt_many,32768,64,0,0,2097152,1,64,16777216,0,42,3600000000000,5,stack,2859904,0,0,0,0,0,0,9072,55.986418
30,bench_p26_wt,bench_p26_wt_many,32768,64,0,0,2097152,1,64,16777216,0,42,3600000000000,5,ctx,2859904,0,0,0,0,0,0,7424,55.986517
30,bench_p26_wt,bench_p26_wt_many,32768,64,0,0,2097152,1,64,16777216,0,42,3600000000000,5,heap,2859904,0,0,0,0,0,0,3669780,55.986627
30,bench_p26_wt,bench_p26_wt_many,32768,64,0,0,2097152,1,64,16777216,0,42,3600000000000,5,usage,2859904,0,0,0,0,0,0,16777216,55.986702
31,bench_p26_wt,bench_p26_wt_many,32768,64,0,0,2097152,1,64,33554432,0,42,3600000000000,5,write,5150912,11552895,11987723,46791,5915082240,6137714176,6132989952,3600126446592,74.961388
31,bench_p26_wt,bench_p26_wt_many,32768,64,0,0,2097152,1,64,33554432,0,42,3600000000000,5,stack,5150912,0,0,0,0,0,0,9072,74.961554
31,bench_p26_wt,bench_p26_wt_many,32768,64,0,0,2097152,1,64,33554432,0,42,3600000000000,5,ctx,5150912,0,0,0,0,0,0,7424,74.961652
31,bench_p26_wt,bench_p26_wt_many,32768,64,0,0,2097152,1,64,33554432,0,42,3600000000000,5,heap,5150912,0,0,0,0,0,0,7039412,74.961725
31,bench_p26_wt,bench_p26_wt_many,32768,64,0,0,2097152,1,64,33554432,0,42,3600000000000,5,usage,5150912,0,0,0,0,0,0,33554432,74.961787
32,bench_p26_wt,bench_p26_wt_many,32768,64,0,0,2097152,1,64,67108864,0,42,3600000000000,5,write,151319616,9516744,12248810,47782,4872572928,6271390720,6262882304,3600000715776,942.606691
32,bench_p26_wt,bench_p26_wt_many,32768,64,0,0,2097152,1,64,67108864,0,42,3600000000000,5,stack,151319616,0,0,0,0,0,0,8960,942.606889
32,bench_p26_wt,bench_p26_wt_many,32768,64,0,0,2097152,1,64,67108864,0,42,3600000000000,5,ctx,151319616,0,0,0,0,0,0,7424,942.607000
32,bench_p26_wt,bench_p26_wt_many,32768,64,0,0,2097152,1,64,67108864,0,42,3600000000000,5,heap,151319616,0,0,0,0,0,0,7914868,942.607089
32,bench_p26_wt,bench_p26_wt_many,32768,64,0,0,2097152,1,64,67108864,0,42,3600000000000,5,usage,151319616,0,0,0,0,0,0,40102160,942.607165
33,bench_p26_wt,bench_p26_wt_many,32768,64,0,0,2097152,1,64,134217728,0,42,3600000000000,5,write,229816256,8426349,12388754,48330,4314290688,6343042048,6334709760,3600000440832,1337.370728
33,bench_p26_wt,bench_p26_wt_many,32768,64,0,0,2097152,1,64,134217728,0,42,3600000000000,5,stack,229816256,0,0,0,0,0,0,8960,1337.370956
33,bench_p26_wt,bench_p26_wt_many,32768,64,0,0,2097152,1,64,134217728,0,42,3600000000000,5,ctx,229816256,0,0,0,0,0,0,7424,1337.371078
33,bench_p26_wt,bench_p26_wt_many,32768,64,0,0,2097152,1,64,134217728,0,42,3600000000000,5,heap,229816256,0,0,0,0,0,0,7935476,1337.371179
33,bench_p26_wt,bench_p26_wt_many,32768,64,0,0,2097152,1,64,134217728,0,42,3600000000000,5,usage,229816256,0,0,0,0,0,0,43666480,1337.371279
37,bench_p26_wt,bench_p26_wt_many,32768,64,0,0,2097152,1,64,2147483648,0,42,3600000000000,5,write,257387904,8043375,12437924,48520,4118208000,6368217088,6359613440,3600000201216,1431.754898
37,bench_p26_wt,bench_p26_wt_many,32768,64,0,0,2097152,1,64,2147483648,0,42,3600000000000,5,stack,257387904,0,0,0,0,0,0,8960,1431.755082
37,bench_p26_wt,bench_p26_wt_many,32768,64,0,0,2097152,1,64,2147483648,0,42,3600000000000,5,ctx,257387904,0,0,0,0,0,0,7424,1431.755160
37,bench_p26_wt,bench_p26_wt_many,32768,64,0,0,2097152,1,64,2147483648,0,42,3600000000000,5,heap,257387904,0,0,0,0,0,0,8553716,1431.755222
37,bench_p26_wt,bench_p26_wt_many,32768,64,0,0,2097152,1,64,2147483648,0,42,3600000000000,5,usage,257387904,0,0,0,0,0,0,147364144,1431.755279
35,bench_p26_wt,bench_p26_wt_many,32768,64,0,0,2097152,1,64,536870912,0,42,3600000000000,5,write,257331584,8044145,12437814,48521,4118602240,6368160768,6359744512,3600000027136,1451.247404
35,bench_p26_wt,bench_p26_wt_many,32768,64,0,0,2097152,1,64,536870912,0,42,3600000000000,5,stack,257331584,0,0,0,0,0,0,8960,1451.247526
35,bench_p26_wt,bench_p26_wt_many,32768,64,0,0,2097152,1,64,536870912,0,42,3600000000000,5,ctx,257331584,0,0,0,0,0,0,7424,1451.247582
35,bench_p26_wt,bench_p26_wt_many,32768,64,0,0,2097152,1,64,536870912,0,42,3600000000000,5,heap,257331584,0,0,0,0,0,0,8059124,1451.247627
35,bench_p26_wt,bench_p26_wt_many,32768,64,0,0,2097152,1,64,536870912,0,42,3600000000000,5,usage,257331584,0,0,0,0,0,0,64431408,1451.247669
36,bench_p26_wt,bench_p26_wt_many,32768,64,0,0,2097152,1,64,1073741824,0,42,3600000000000,5,write,257387392,8043364,12437912,48522,4118202368,6368210944,6359875584,3600000641024,1453.872944
36,bench_p26_wt,bench_p26_wt_many,32768,64,0,0,2097152,1,64,1073741824,0,42,3600000000000,5,stack,257387392,0,0,0,0,0,0,8960,1453.873071
36,bench_p26_wt,bench_p26_wt_many,32768,64,0,0,2097152,1,64,1073741824,0,42,3600000000000,5,ctx,257387392,0,0,0,0,0,0,7424,1453.873167
36,bench_p26_wt,bench_p26_wt_many,32768,64,0,0,2097152,1,64,1073741824,0,42,3600000000000,5,heap,257387392,0,0,0,0,0,0,8223988,1453.873229
36,bench_p26_wt,bench_p26_wt_many,32768,64,0,0,2097152,1,64,1073741824,0,42,3600000000000,5,usage,257387392,0,0,0,0,0,0,92074496,1453.873289
34,bench_p26_wt,bench_p26_wt_many,32768,64,0,0,2097152,1,64,268435456,0,42,3600000000000,5,write,254295040,8086330,12432406,48499,4140200960,6365391872,6356860928,3600000057344,1489.737367
34,bench_p26_wt,bench_p26_wt_many,32768,64,0,0,2097152,1,64,268435456,0,42,3600000000000,5,stack,254295040,0,0,0,0,0,0,8960,1489.737461
34,bench_p26_wt,bench_p26_wt_many,32768,64,0,0,2097152,1,64,268435456,0,42,3600000000000,5,ctx,254295040,0,0,0,0,0,0,7424,1489.737504
34,bench_p26_wt,bench_p26_wt_many,32768,64,0,0,2097152,1,64,268435456,0,42,3600000000000,5,heap,254295040,0,0,0,0,0,0,7976692,1489.737539
34,bench_p26_wt,bench_p26_wt_many,32768,64,0,0,2097152,1,64,268435456,0,42,3600000000000,5,usage,254295040,0,0,0,0,0,0,50548112,1489.737575
38,bench_p26_wt,bench_p26_wt_many,32768,64,0,0,2097152,1,64,4294967296,0,42,3600000000000,5,write,257387776,8043369,12437923,48521,4118204928,6368216576,6359744512,3600001701888,1497.571558
38,bench_p26_wt,bench_p26_wt_many,32768,64,0,0,2097152,1,64,4294967296,0,42,3600000000000,5,stack,257387776,0,0,0,0,0,0,8960,1497.571641
38,bench_p26_wt,bench_p26_wt_many,32768,64,0,0,2097152,1,64,4294967296,0,42,3600000000000,5,ctx,257387776,0,0,0,0,0,0,7424,1497.571677
38,bench_p26_wt,bench_p26_wt_many,32768,64,0,0,2097152,1,64,4294967296,0,42,3600000000000,5,heap,257387776,0,0,0,0,0,0,9213172,1497.571705
38,bench_p26_wt,bench_p26_wt_many,32768,64,0,0,2097152,1,64,4294967296,0,42,3600000000000,5,usage,257387776,0,0,0,0,0,0,258193920,1497.571731
40,bench_p26_wt,bench_p26_wt_logging,32768,64,0,0,2097152,1,64,33554432,0,42,3600000000000,5,write,338959488,6483249,12637746,49359,3319423488,6470525952,6469582848,3600001774080,10.983316
40,bench_p26_wt,bench_p26_wt_logging,32768,64,0,0,2097152,1,64,33554432,0,42,3600000000000,5,stack,338959488,0,0,0,0,0,0,8944,10.983531
40,bench_p26_wt,bench_p26_wt_logging,32768,64,0,0,2097152,1,64,33554432,0,42,3600000000000,5,ctx,338959488,0,0,0,0,0,0,7232,10.983653
40,bench_p26_wt,bench_p26_wt_logging,32768,64,0,0,2097152,1,64,33554432,0,42,3600000000000,5,heap,338959488,0,0,0,0,0,0,84596,10.983727
40,bench_p26_wt,bench_p26_wt_logging,32768,64,0,0,2097152,1,64,33554432,0,42,3600000000000,5,usage,338959488,0,0,0,0,0,0,5918800,10.983788
43,bench_p26_wt,bench_p26_wt_logging,32768,64,0,0,2097152,1,64,268435456,0,42,3600000000000,5,write,377388480,5897767,12712892,49652,3019656704,6509000704,6507986944,3600000160256,13.258759
43,bench_p26_wt,bench_p26_wt_logging,32768,64,0,0,2097152,1,64,268435456,0,42,3600000000000,5,stack,377388480,0,0,0,0,0,0,8944,13.258946
43,bench_p26_wt,bench_p26_wt_logging,32768,64,0,0,2097152,1,64,268435456,0,42,3600000000000,5,ctx,377388480,0,0,0,0,0,0,7232,13.259030
43,bench_p26_wt,bench_p26_wt_logging,32768,64,0,0,2097152,1,64,268435456,0,42,3600000000000,5,heap,377388480,0,0,0,0,0,0,156724,13.259094
43,bench_p26_wt,bench_p26_wt_logging,32768,64,0,0,2097152,1,64,268435456,0,42,3600000000000,5,usage,377388480,0,0,0,0,0,0,18639936,13.259151
44,bench_p26_wt,bench_p26_wt_logging,32768,64,0,0,2097152,1,64,536870912,0,42,3600000000000,5,write,377388672,5897770,12712899,49651,3019658240,6509004288,6507855872,3600000114176,13.360235
44,bench_p26_wt,bench_p26_wt_logging,32768,64,0,0,2097152,1,64,536870912,0,42,3600000000000,5,stack,377388672,0,0,0,0,0,0,8944,13.360435
44,bench_p26_wt,bench_p26_wt_logging,32768,64,0,0,2097152,1,64,536870912,0,42,3600000000000,5,ctx,377388672,0,0,0,0,0,0,7232,13.360533
44,bench_p26_wt,bench_p26_wt_logging,32768,64,0,0,2097152,1,64,536870912,0,42,3600000000000,5,heap,377388672,0,0,0,0,0,0,239156,13.360591
44,bench_p26_wt,bench_p26_wt_logging,32768,64,0,0,2097152,1,64,536870912,0,42,3600000000000,5,usage,377388672,0,0,0,0,0,0,32530672,13.360645
39,bench_p26_wt,bench_p26_wt_logging,32768,64,0,0,2097152,1,64,16777216,0,42,3600000000000,5,write,288559104,7251124,12539181,48974,3712575488,6420060672,6419120128,3600000120320,15.498725
39,bench_p26_wt,bench_p26_wt_logging,32768,64,0,0,2097152,1,64,16777216,0,42,3600000000000,5,stack,288559104,0,0,0,0,0,0,8768,15.498885
39,bench_p26_wt,bench_p26_wt_logging,32768,64,0,0,2097152,1,64,16777216,0,42,3600000000000,5,ctx,288559104,0,0,0,0,0,0,7232,15.498950
39,bench_p26_wt,bench_p26_wt_logging,32768,64,0,0,2097152,1,64,16777216,0,42,3600000000000,5,heap,288559104,0,0,0,0,0,0,79444,15.499007
39,bench_p26_wt,bench_p26_wt_logging,32768,64,0,0,2097152,1,64,16777216,0,42,3600000000000,5,usage,288559104,0,0,0,0,0,0,4988784,15.499059
42,bench_p26_wt,bench_p26_wt_logging,32768,64,0,0,2097152,1,64,134217728,0,42,3600000000000,5,write,377388480,5897767,12712892,49652,3019656704,6509000704,6507986944,3600000160256,15.908249
42,bench_p26_wt,bench_p26_wt_logging,32768,64,0,0,2097152,1,64,134217728,0,42,3600000000000,5,stack,377388480,0,0,0,0,0,0,8944,15.908407
42,bench_p26_wt,bench_p26_wt_logging,32768,64,0,0,2097152,1,64,134217728,0,42,3600000000000,5,ctx,377388480,0,0,0,0,0,0,7232,15.908490
42,bench_p26_wt,bench_p26_wt_logging,32768,64,0,0,2097152,1,64,134217728,0,42,3600000000000,5,heap,377388480,0,0,0,0,0,0,115508,15.908548
42,bench_p26_wt,bench_p26_wt_logging,32768,64,0,0,2097152,1,64,134217728,0,42,3600000000000,5,usage,377388480,0,0,0,0,0,0,11761776,15.908603
41,bench_p26_wt,bench_p26_wt_logging,32768,64,0,0,2097152,1,64,67108864,0,42,3600000000000,5,write,362442432,6125475,12683664,49538,3136243200,6494035968,6493044736,3600000201216,16.365708
41,bench_p26_wt,bench_p26_wt_logging,32768,64,0,0,2097152,1,64,67108864,0,42,3600000000000,5,stack,362442432,0,0,0,0,0,0,8768,16.365817
41,bench_p26_wt,bench_p26_wt_logging,32768,64,0,0,2097152,1,64,67108864,0,42,3600000000000,5,ctx,362442432,0,0,0,0,0,0,7232,16.365865
41,bench_p26_wt,bench_p26_wt_logging,32768,64,0,0,2097152,1,64,67108864,0,42,3600000000000,5,heap,362442432,0,0,0,0,0,0,94900,16.365902
41,bench_p26_wt,bench_p26_wt_logging,32768,64,0,0,2097152,1,64,67108864,0,42,3600000000000,5,usage,362442432,0,0,0,0,0,0,8055104,16.365936
45,bench_p26_wt,bench_p26_wt_logging,32768,64,0,0,2097152,1,64,1073741824,0,42,3600000000000,5,write,377388480,5897767,12712892,49652,3019656704,6509000704,6507986944,3600000160256,18.527216
45,bench_p26_wt,bench_p26_wt_logging,32768,64,0,0,2097152,1,64,1073741824,0,42,3600000000000,5,stack,377388480,0,0,0,0,0,0,8768,18.527429
45,bench_p26_wt,bench_p26_wt_logging,32768,64,0,0,2097152,1,64,1073741824,0,42,3600000000000,5,ctx,377388480,0,0,0,0,0,0,7232,18.527475
45,bench_p26_wt,bench_p26_wt_logging,32768,64,0,0,2097152,1,64,1073741824,0,42,3600000000000,5,heap,377388480,0,0,0,0,0,0,424644,18.527511
45,bench_p26_wt,bench_p26_wt_logging,32768,64,0,0,2097152,1,64,1073741824,0,42,3600000000000,5,usage,377388480,0,0,0,0,0,0,60169792,18.527544
46,bench_p26_wt,bench_p26_wt_logging,32768,64,0,0,2097152,1,64,2147483648,0,42,3600000000000,5,write,377388928,5897774,12712900,49651,3019660288,6509004800,6507855872,3600000510976,19.963465
46,bench_p26_wt,bench_p26_wt_logging,32768,64,0,0,2097152,1,64,2147483648,0,42,3600000000000,5,stack,377388928,0,0,0,0,0,0,8944,19.963552
46,bench_p26_wt,bench_p26_wt_logging,32768,64,0,0,2097152,1,64,2147483648,0,42,3600000000000,5,ctx,377388928,0,0,0,0,0,0,7232,19.963591
46,bench_p26_wt,bench_p26_wt_logging,32768,64,0,0,2097152,1,64,2147483648,0,42,3600000000000,5,heap,377388928,0,0,0,0,0,0,819908,19.963624
46,bench_p26_wt,bench_p26_wt_logging,32768,64,0,0,2097152,1,64,2147483648,0,42,3600000000000,5,usage,377388928,0,0,0,0,0,0,115583440,19.963654
47,bench_p26_wt,bench_p26_wt_logging,32768,64,0,0,2097152,1,64,4294967296,0,42,3600000000000,5,write,377388480,5897767,12712892,49652,3019656704,6509000704,6507986944,3600000160256,24.530976
47,bench_p26_wt,bench_p26_wt_logging,32768,64,0,0,2097152,1,64,4294967296,0,42,3600000000000,5,stack,377388480,0,0,0,0,0,0,8768,24.531062
47,bench_p26_wt,bench_p26_wt_logging,32768,64,0,0,2097152,1,64,4294967296,0,42,3600000000000,5,ctx,377388480,0,0,0,0,0,0,7232,24.531095
47,bench_p26_wt,bench_p26_wt_logging,32768,64,0,0,2097152,1,64,4294967296,0,42,3600000000000,5,heap,377388480,0,0,0,0,0,0,1610436,24.531121
47,bench_p26_wt,bench_p26_wt_logging,32768,64,0,0,2097152,1,64,4294967296,0,42,3600000000000,5,usage,377388480,0,0,0,0,0,0,226285744,24.531145
