i,suite,case,NO_SET,SEED,FS,CHUNK,NO_FRUNCATE,SIM_SIZE,SKIP_WARMUP,FILE_SIZE,READ_SIZE,SIZE,DISK_GEOMETRY,FILE_COUNT,SIM_TIME,DISK_SIZE,probe,n,bench_reads,bench_progs,bench_erases,bench_readed,bench_progged,bench_erased,bench_simtime,bench_runtime
22,bench_p26_wt,bench_p26_wt_linear,1,42,33,64,0,0,0,64,1024,2097152,0,32768,3600000000000,134217728,write,254420032,1578835968,1179905,67993,1578835968,271794057,278499328,3600024171051,9.482761
22,bench_p26_wt,bench_p26_wt_linear,1,42,33,64,0,0,0,64,1024,2097152,0,32768,3600000000000,134217728,stack,254420032,0,0,0,0,0,0,3312,9.483000
22,bench_p26_wt,bench_p26_wt_linear,1,42,33,64,0,0,0,64,1024,2097152,0,32768,3600000000000,134217728,ctx,254420032,0,0,0,0,0,0,624,9.483060
22,bench_p26_wt,bench_p26_wt_linear,1,42,33,64,0,0,0,64,1024,2097152,0,32768,3600000000000,134217728,heap,254420032,0,0,0,0,0,0,2320,9.483110
22,bench_p26_wt,bench_p26_wt_linear,1,42,33,64,0,0,0,64,1024,2097152,0,32768,3600000000000,134217728,usage,254420032,0,0,0,0,0,0,716800,9.483175
23,bench_p26_wt,bench_p26_wt_linear,1,42,33,64,0,0,0,64,2048,2097152,0,32768,3600000000000,134217728,write,252430400,2272952320,1170246,67463,2272952320,269550522,276328448,3600032073934,9.490236
23,bench_p26_wt,bench_p26_wt_linear,1,42,33,64,0,0,0,64,2048,2097152,0,32768,3600000000000,134217728,stack,252430400,0,0,0,0,0,0,3312,9.490318
23,bench_p26_wt,bench_p26_wt_linear,1,42,33,64,0,0,0,64,2048,2097152,0,32768,3600000000000,134217728,ctx,252430400,0,0,0,0,0,0,624,9.490375
23,bench_p26_wt,bench_p26_wt_linear,1,42,33,64,0,0,0,64,2048,2097152,0,32768,3600000000000,134217728,heap,252430400,0,0,0,0,0,0,4368,9.490438
23,bench_p26_wt,bench_p26_wt_linear,1,42,33,64,0,0,0,64,2048,2097152,0,32768,3600000000000,134217728,usage,252430400,0,0,0,0,0,0,827392,9.490489
21,bench_p26_wt,bench_p26_wt_linear,1,42,33,64,0,0,0,64,512,2097152,0,32768,3600000000000,134217728,write,255717952,1123017728,1186212,68342,1123017728,273249573,279928832,3600047234495,9.698109
21,bench_p26_wt,bench_p26_wt_linear,1,42,33,64,0,0,0,64,512,2097152,0,32768,3600000000000,134217728,stack,255717952,0,0,0,0,0,0,3312,9.698228
21,bench_p26_wt,bench_p26_wt_linear,1,42,33,64,0,0,0,64,512,2097152,0,32768,3600000000000,134217728,ctx,255717952,0,0,0,0,0,0,624,9.698332
21,bench_p26_wt,bench_p26_wt_linear,1,42,33,64,0,0,0,64,512,2097152,0,32768,3600000000000,134217728,heap,255717952,0,0,0,0,0,0,1296,9.698386
21,bench_p26_wt,bench_p26_wt_linear,1,42,33,64,0,0,0,64,512,2097152,0,32768,3600000000000,134217728,usage,255717952,0,0,0,0,0,0,2060288,9.698435
20,bench_p26_wt,bench_p26_wt_linear,1,42,33,64,0,0,0,64,256,2097152,0,32768,3600000000000,134217728,write,256885056,720249856,1191673,68652,720249856,274519152,281198592,3600095323984,9.745681
20,bench_p26_wt,bench_p26_wt_linear,1,42,33,64,0,0,0,64,256,2097152,0,32768,3600000000000,134217728,stack,256885056,0,0,0,0,0,0,3312,9.745777
20,bench_p26_wt,bench_p26_wt_linear,1,42,33,64,0,0,0,64,256,2097152,0,32768,3600000000000,134217728,ctx,256885056,0,0,0,0,0,0,624,9.745835
20,bench_p26_wt,bench_p26_wt_linear,1,42,33,64,0,0,0,64,256,2097152,0,32768,3600000000000,134217728,heap,256885056,0,0,0,0,0,0,784,9.745884
20,bench_p26_wt,bench_p26_wt_linear,1,42,33,64,0,0,0,64,256,2097152,0,32768,3600000000000,134217728,usage,256885056,0,0,0,0,0,0,1097728,9.745934
18,bench_p26_wt,bench_p26_wt_linear,1,42,33,64,0,0,0,64,64,2097152,0,32768,3600000000000,134217728,write,258171200,275538944,1197582,68993,275538944,275887957,282595328,3600041792847,9.886179
18,bench_p26_wt,bench_p26_wt_linear,1,42,33,64,0,0,0,64,64,2097152,0,32768,3600000000000,134217728,stack,258171200,0,0,0,0,0,0,3312,9.886280
18,bench_p26_wt,bench_p26_wt_linear,1,42,33,64,0,0,0,64,64,2097152,0,32768,3600000000000,134217728,ctx,258171200,0,0,0,0,0,0,624,9.886337
18,bench_p26_wt,bench_p26_wt_linear,1,42,33,64,0,0,0,64,64,2097152,0,32768,3600000000000,134217728,heap,258171200,0,0,0,0,0,0,784,9.886386
18,bench_p26_wt,bench_p26_wt_linear,1,42,33,64,0,0,0,64,64,2097152,0,32768,3600000000000,134217728,usage,258171200,0,0,0,0,0,0,258048,9.886440
19,bench_p26_wt,bench_p26_wt_linear,1,42,33,64,0,0,0,64,128,2097152,0,32768,3600000000000,134217728,write,257671488,442614400,1195354,68864,442614400,275365333,282066944,3600018569423,9.941816
19,bench_p26_wt,bench_p26_wt_linear,1,42,33,64,0,0,0,64,128,2097152,0,32768,3600000000000,134217728,stack,257671488,0,0,0,0,0,0,3312,9.941931
19,bench_p26_wt,bench_p26_wt_linear,1,42,33,64,0,0,0,64,128,2097152,0,32768,3600000000000,134217728,ctx,257671488,0,0,0,0,0,0,624,9.941989
19,bench_p26_wt,bench_p26_wt_linear,1,42,33,64,0,0,0,64,128,2097152,0,32768,3600000000000,134217728,heap,257671488,0,0,0,0,0,0,784,9.942037
19,bench_p26_wt,bench_p26_wt_linear,1,42,33,64,0,0,0,64,128,2097152,0,32768,3600000000000,134217728,usage,257671488,0,0,0,0,0,0,1908736,9.942085
17,bench_p26_wt,bench_p26_wt_linear,1,42,33,64,0,0,0,64,32,2097152,0,32768,3600000000000,134217728,write,258429248,185571520,1198774,69062,185571520,276162569,282877952,3600030173355,9.965883
17,bench_p26_wt,bench_p26_wt_linear,1,42,33,64,0,0,0,64,32,2097152,0,32768,3600000000000,134217728,stack,258429248,0,0,0,0,0,0,3312,9.965971
17,bench_p26_wt,bench_p26_wt_linear,1,42,33,64,0,0,0,64,32,2097152,0,32768,3600000000000,134217728,ctx,258429248,0,0,0,0,0,0,624,9.966030
17,bench_p26_wt,bench_p26_wt_linear,1,42,33,64,0,0,0,64,32,2097152,0,32768,3600000000000,134217728,heap,258429248,0,0,0,0,0,0,784,9.966083
17,bench_p26_wt,bench_p26_wt_linear,1,42,33,64,0,0,0,64,32,2097152,0,32768,3600000000000,134217728,usage,258429248,0,0,0,0,0,0,524288,9.966137
12,bench_p26_wt,bench_p26_wt_linear,1,42,33,64,0,0,0,64,1,2097152,0,32768,3600000000000,134217728,write,258715968,86387406,1200116,69140,86387406,276470753,283197440,3600115531235,10.073585
12,bench_p26_wt,bench_p26_wt_linear,1,42,33,64,0,0,0,64,1,2097152,0,32768,3600000000000,134217728,stack,258715968,0,0,0,0,0,0,3312,10.073687
12,bench_p26_wt,bench_p26_wt_linear,1,42,33,64,0,0,0,64,1,2097152,0,32768,3600000000000,134217728,ctx,258715968,0,0,0,0,0,0,624,10.073739
12,bench_p26_wt,bench_p26_wt_linear,1,42,33,64,0,0,0,64,1,2097152,0,32768,3600000000000,134217728,heap,258715968,0,0,0,0,0,0,784,10.073782
12,bench_p26_wt,bench_p26_wt_linear,1,42,33,64,0,0,0,64,1,2097152,0,32768,3600000000000,134217728,usage,258715968,0,0,0,0,0,0,823296,10.073823
16,bench_p26_wt,bench_p26_wt_linear,1,42,33,64,0,0,0,64,16,2097152,0,32768,3600000000000,134217728,write,258556224,141691680,1199365,69096,141691680,276298346,283017216,3600043989470,10.096515
16,bench_p26_wt,bench_p26_wt_linear,1,42,33,64,0,0,0,64,16,2097152,0,32768,3600000000000,134217728,stack,258556224,0,0,0,0,0,0,3312,10.096618
16,bench_p26_wt,bench_p26_wt_linear,1,42,33,64,0,0,0,64,16,2097152,0,32768,3600000000000,134217728,ctx,258556224,0,0,0,0,0,0,624,10.096664
16,bench_p26_wt,bench_p26_wt_linear,1,42,33,64,0,0,0,64,16,2097152,0,32768,3600000000000,134217728,heap,258556224,0,0,0,0,0,0,784,10.096700
16,bench_p26_wt,bench_p26_wt_linear,1,42,33,64,0,0,0,64,16,2097152,0,32768,3600000000000,134217728,usage,258556224,0,0,0,0,0,0,655360,10.096734
15,bench_p26_wt,bench_p26_wt_linear,1,42,33,64,0,0,0,64,8,2097152,0,32768,3600000000000,134217728,write,258617664,119713736,1199656,69114,119713736,276365352,283090944,3600092557880,10.316871
15,bench_p26_wt,bench_p26_wt_linear,1,42,33,64,0,0,0,64,8,2097152,0,32768,3600000000000,134217728,stack,258617664,0,0,0,0,0,0,3312,10.317019
15,bench_p26_wt,bench_p26_wt_linear,1,42,33,64,0,0,0,64,8,2097152,0,32768,3600000000000,134217728,ctx,258617664,0,0,0,0,0,0,624,10.317061
15,bench_p26_wt,bench_p26_wt_linear,1,42,33,64,0,0,0,64,8,2097152,0,32768,3600000000000,134217728,heap,258617664,0,0,0,0,0,0,784,10.317095
15,bench_p26_wt,bench_p26_wt_linear,1,42,33,64,0,0,0,64,8,2097152,0,32768,3600000000000,134217728,usage,258617664,0,0,0,0,0,0,720896,10.317127
13,bench_p26_wt,bench_p26_wt_linear,1,42,33,64,0,0,0,64,2,2097152,0,32768,3600000000000,134217728,write,258679104,98677360,1199938,69129,98677360,276429934,283152384,3600040145834,10.393423
13,bench_p26_wt,bench_p26_wt_linear,1,42,33,64,0,0,0,64,2,2097152,0,32768,3600000000000,134217728,stack,258679104,0,0,0,0,0,0,3312,10.393523
13,bench_p26_wt,bench_p26_wt_linear,1,42,33,64,0,0,0,64,2,2097152,0,32768,3600000000000,134217728,ctx,258679104,0,0,0,0,0,0,624,10.393582
13,bench_p26_wt,bench_p26_wt_linear,1,42,33,64,0,0,0,64,2,2097152,0,32768,3600000000000,134217728,heap,258679104,0,0,0,0,0,0,784,10.393617
13,bench_p26_wt,bench_p26_wt_linear,1,42,33,64,0,0,0,64,2,2097152,0,32768,3600000000000,134217728,usage,258679104,0,0,0,0,0,0,782336,10.393649
14,bench_p26_wt,bench_p26_wt_linear,1,42,33,64,0,0,0,64,4,2097152,0,32768,3600000000000,134217728,write,258654528,106412512,1199826,69123,106412512,276404100,283127808,3600034254796,10.445052
14,bench_p26_wt,bench_p26_wt_linear,1,42,33,64,0,0,0,64,4,2097152,0,32768,3600000000000,134217728,stack,258654528,0,0,0,0,0,0,3312,10.445113
14,bench_p26_wt,bench_p26_wt_linear,1,42,33,64,0,0,0,64,4,2097152,0,32768,3600000000000,134217728,ctx,258654528,0,0,0,0,0,0,624,10.445148
14,bench_p26_wt,bench_p26_wt_linear,1,42,33,64,0,0,0,64,4,2097152,0,32768,3600000000000,134217728,heap,258654528,0,0,0,0,0,0,784,10.445177
14,bench_p26_wt,bench_p26_wt_linear,1,42,33,64,0,0,0,64,4,2097152,0,32768,3600000000000,134217728,usage,258654528,0,0,0,0,0,0,757760,10.445203
24,bench_p26_wt,bench_p26_wt_linear,1,42,33,64,0,0,0,64,4096,2097152,0,32768,3600000000000,134217728,write,255320128,1481367552,1180817,68073,1481367552,272216678,278827008,3600098273426,3.751893
24,bench_p26_wt,bench_p26_wt_linear,1,42,33,64,0,0,0,64,4096,2097152,0,32768,3600000000000,134217728,stack,255320128,0,0,0,0,0,0,3312,3.751962
24,bench_p26_wt,bench_p26_wt_linear,1,42,33,64,0,0,0,64,4096,2097152,0,32768,3600000000000,134217728,ctx,255320128,0,0,0,0,0,0,624,3.751993
24,bench_p26_wt,bench_p26_wt_linear,1,42,33,64,0,0,0,64,4096,2097152,0,32768,3600000000000,134217728,heap,255320128,0,0,0,0,0,0,8464,3.752019
24,bench_p26_wt,bench_p26_wt_linear,1,42,33,64,0,0,0,64,4096,2097152,0,32768,3600000000000,134217728,usage,255320128,0,0,0,0,0,0,1634304,3.752043
36,bench_p26_wt,bench_p26_wt_random,1,42,33,64,0,0,0,64,2048,2097152,0,32768,3600000000000,134217728,write,6217664,19154352128,1602939,48651,19154352128,173574690,199274496,3600082393478,14.622053
36,bench_p26_wt,bench_p26_wt_random,1,42,33,64,0,0,0,64,2048,2097152,0,32768,3600000000000,134217728,stack,6217664,0,0,0,0,0,0,3296,14.622198
36,bench_p26_wt,bench_p26_wt_random,1,42,33,64,0,0,0,64,2048,2097152,0,32768,3600000000000,134217728,ctx,6217664,0,0,0,0,0,0,608,14.622263
36,bench_p26_wt,bench_p26_wt_random,1,42,33,64,0,0,0,64,2048,2097152,0,32768,3600000000000,134217728,heap,6217664,0,0,0,0,0,0,4368,14.622319
36,bench_p26_wt,bench_p26_wt_random,1,42,33,64,0,0,0,64,2048,2097152,0,32768,3600000000000,134217728,usage,6217664,0,0,0,0,0,0,4780032,14.622374
35,bench_p26_wt,bench_p26_wt_random,1,42,33,64,0,0,0,64,1024,2097152,0,32768,3600000000000,134217728,write,6631232,14427185152,1711901,51878,14427185152,185310241,212492288,3600028099955,15.782457
35,bench_p26_wt,bench_p26_wt_random,1,42,33,64,0,0,0,64,1024,2097152,0,32768,3600000000000,134217728,stack,6631232,0,0,0,0,0,0,3296,15.782573
35,bench_p26_wt,bench_p26_wt_random,1,42,33,64,0,0,0,64,1024,2097152,0,32768,3600000000000,134217728,ctx,6631232,0,0,0,0,0,0,608,15.782635
35,bench_p26_wt,bench_p26_wt_random,1,42,33,64,0,0,0,64,1024,2097152,0,32768,3600000000000,134217728,heap,6631232,0,0,0,0,0,0,2320,15.782691
35,bench_p26_wt,bench_p26_wt_random,1,42,33,64,0,0,0,64,1024,2097152,0,32768,3600000000000,134217728,usage,6631232,0,0,0,0,0,0,4759552,15.782744
34,bench_p26_wt,bench_p26_wt_random,1,42,33,64,0,0,0,64,512,2097152,0,32768,3600000000000,134217728,write,7017600,9941312512,1815211,54947,9941312512,196484436,225062912,3600243603004,16.839266
34,bench_p26_wt,bench_p26_wt_random,1,42,33,64,0,0,0,64,512,2097152,0,32768,3600000000000,134217728,stack,7017600,0,0,0,0,0,0,3296,16.839375
34,bench_p26_wt,bench_p26_wt_random,1,42,33,64,0,0,0,64,512,2097152,0,32768,3600000000000,134217728,ctx,7017600,0,0,0,0,0,0,608,16.839438
34,bench_p26_wt,bench_p26_wt_random,1,42,33,64,0,0,0,64,512,2097152,0,32768,3600000000000,134217728,heap,7017600,0,0,0,0,0,0,1296,16.839492
34,bench_p26_wt,bench_p26_wt_random,1,42,33,64,0,0,0,64,512,2097152,0,32768,3600000000000,134217728,usage,7017600,0,0,0,0,0,0,4849664,16.839558
33,bench_p26_wt,bench_p26_wt_random,1,42,33,64,0,0,0,64,256,2097152,0,32768,3600000000000,134217728,write,7321984,6443467520,1895374,57335,6443467520,205133604,234844160,3600026388908,17.388387
33,bench_p26_wt,bench_p26_wt_random,1,42,33,64,0,0,0,64,256,2097152,0,32768,3600000000000,134217728,stack,7321984,0,0,0,0,0,0,3296,17.388500
33,bench_p26_wt,bench_p26_wt_random,1,42,33,64,0,0,0,64,256,2097152,0,32768,3600000000000,134217728,ctx,7321984,0,0,0,0,0,0,608,17.388572
33,bench_p26_wt,bench_p26_wt_random,1,42,33,64,0,0,0,64,256,2097152,0,32768,3600000000000,134217728,heap,7321984,0,0,0,0,0,0,784,17.388623
33,bench_p26_wt,bench_p26_wt_random,1,42,33,64,0,0,0,64,256,2097152,0,32768,3600000000000,134217728,usage,7321984,0,0,0,0,0,0,4820992,17.388672
30,bench_p26_wt,bench_p26_wt_random,1,42,33,64,0,0,0,64,32,2097152,0,32768,3600000000000,134217728,write,7726912,1714593184,2004012,60569,1714593184,216896441,248090624,3600089668539,17.587625
30,bench_p26_wt,bench_p26_wt_random,1,42,33,64,0,0,0,64,32,2097152,0,32768,3600000000000,134217728,stack,7726912,0,0,0,0,0,0,3296,17.587734
30,bench_p26_wt,bench_p26_wt_random,1,42,33,64,0,0,0,64,32,2097152,0,32768,3600000000000,134217728,ctx,7726912,0,0,0,0,0,0,608,17.587793
30,bench_p26_wt,bench_p26_wt_random,1,42,33,64,0,0,0,64,32,2097152,0,32768,3600000000000,134217728,heap,7726912,0,0,0,0,0,0,784,17.587848
30,bench_p26_wt,bench_p26_wt_random,1,42,33,64,0,0,0,64,32,2097152,0,32768,3600000000000,134217728,usage,7726912,0,0,0,0,0,0,4784128,17.587900
32,bench_p26_wt,bench_p26_wt_random,1,42,33,64,0,0,0,64,128,2097152,0,32768,3600000000000,134217728,write,7538304,3912987392,1953374,59068,3912987392,211396339,241942528,3600116270601,17.783460
32,bench_p26_wt,bench_p26_wt_random,1,42,33,64,0,0,0,64,128,2097152,0,32768,3600000000000,134217728,stack,7538304,0,0,0,0,0,0,3296,17.783570
32,bench_p26_wt,bench_p26_wt_random,1,42,33,64,0,0,0,64,128,2097152,0,32768,3600000000000,134217728,ctx,7538304,0,0,0,0,0,0,608,17.783630
32,bench_p26_wt,bench_p26_wt_random,1,42,33,64,0,0,0,64,128,2097152,0,32768,3600000000000,134217728,heap,7538304,0,0,0,0,0,0,784,17.783682
32,bench_p26_wt,bench_p26_wt_random,1,42,33,64,0,0,0,64,128,2097152,0,32768,3600000000000,134217728,usage,7538304,0,0,0,0,0,0,4747264,17.783731
31,bench_p26_wt,bench_p26_wt_random,1,42,33,64,0,0,0,64,64,2097152,0,32768,3600000000000,134217728,write,7653056,2546998784,1984511,60002,2546998784,214788912,245768192,3600028715408,18.218590
31,bench_p26_wt,bench_p26_wt_random,1,42,33,64,0,0,0,64,64,2097152,0,32768,3600000000000,134217728,stack,7653056,0,0,0,0,0,0,3296,18.218700
31,bench_p26_wt,bench_p26_wt_random,1,42,33,64,0,0,0,64,64,2097152,0,32768,3600000000000,134217728,ctx,7653056,0,0,0,0,0,0,608,18.218759
31,bench_p26_wt,bench_p26_wt_random,1,42,33,64,0,0,0,64,64,2097152,0,32768,3600000000000,134217728,heap,7653056,0,0,0,0,0,0,784,18.218811
31,bench_p26_wt,bench_p26_wt_random,1,42,33,64,0,0,0,64,64,2097152,0,32768,3600000000000,134217728,usage,7653056,0,0,0,0,0,0,4706304,18.218861
25,bench_p26_wt,bench_p26_wt_random,1,42,33,64,0,0,0,64,1,2097152,0,32768,3600000000000,134217728,write,7800256,843240476,2023461,61169,843240476,219014615,250548224,3600057088597,18.800754
25,bench_p26_wt,bench_p26_wt_random,1,42,33,64,0,0,0,64,1,2097152,0,32768,3600000000000,134217728,stack,7800256,0,0,0,0,0,0,3296,18.800848
25,bench_p26_wt,bench_p26_wt_random,1,42,33,64,0,0,0,64,1,2097152,0,32768,3600000000000,134217728,ctx,7800256,0,0,0,0,0,0,608,18.800896
25,bench_p26_wt,bench_p26_wt_random,1,42,33,64,0,0,0,64,1,2097152,0,32768,3600000000000,134217728,heap,7800256,0,0,0,0,0,0,784,18.800956
25,bench_p26_wt,bench_p26_wt_random,1,42,33,64,0,0,0,64,1,2097152,0,32768,3600000000000,134217728,usage,7800256,0,0,0,0,0,0,4820992,18.800995
29,bench_p26_wt,bench_p26_wt_random,1,42,33,64,0,0,0,64,16,2097152,0,32768,3600000000000,134217728,write,7765760,1289338592,2013395,60863,1289338592,217919850,249294848,3600082935518,19.006803
29,bench_p26_wt,bench_p26_wt_random,1,42,33,64,0,0,0,64,16,2097152,0,32768,3600000000000,134217728,stack,7765760,0,0,0,0,0,0,3296,19.006932
29,bench_p26_wt,bench_p26_wt_random,1,42,33,64,0,0,0,64,16,2097152,0,32768,3600000000000,134217728,ctx,7765760,0,0,0,0,0,0,608,19.006979
29,bench_p26_wt,bench_p26_wt_random,1,42,33,64,0,0,0,64,16,2097152,0,32768,3600000000000,134217728,heap,7765760,0,0,0,0,0,0,784,19.007010
29,bench_p26_wt,bench_p26_wt_random,1,42,33,64,0,0,0,64,16,2097152,0,32768,3600000000000,134217728,usage,7765760,0,0,0,0,0,0,4743168,19.007039
28,bench_p26_wt,bench_p26_wt_random,1,42,33,64,0,0,0,64,8,2097152,0,32768,3600000000000,134217728,write,7780352,1104374752,2017548,60993,1104374752,218372903,249827328,3600204546789,20.519519
28,bench_p26_wt,bench_p26_wt_random,1,42,33,64,0,0,0,64,8,2097152,0,32768,3600000000000,134217728,stack,7780352,0,0,0,0,0,0,3296,20.519616
28,bench_p26_wt,bench_p26_wt_random,1,42,33,64,0,0,0,64,8,2097152,0,32768,3600000000000,134217728,ctx,7780352,0,0,0,0,0,0,608,20.519668
28,bench_p26_wt,bench_p26_wt_random,1,42,33,64,0,0,0,64,8,2097152,0,32768,3600000000000,134217728,heap,7780352,0,0,0,0,0,0,784,20.519712
28,bench_p26_wt,bench_p26_wt_random,1,42,33,64,0,0,0,64,8,2097152,0,32768,3600000000000,134217728,usage,7780352,0,0,0,0,0,0,4767744,20.519750
27,bench_p26_wt,bench_p26_wt_random,1,42,33,64,0,0,0,64,4,2097152,0,32768,3600000000000,134217728,write,7789696,973822824,2020292,61083,973822824,218680698,250195968,3600136148046,21.348667
27,bench_p26_wt,bench_p26_wt_random,1,42,33,64,0,0,0,64,4,2097152,0,32768,3600000000000,134217728,stack,7789696,0,0,0,0,0,0,3296,21.348759
27,bench_p26_wt,bench_p26_wt_random,1,42,33,64,0,0,0,64,4,2097152,0,32768,3600000000000,134217728,ctx,7789696,0,0,0,0,0,0,608,21.348842
27,bench_p26_wt,bench_p26_wt_random,1,42,33,64,0,0,0,64,4,2097152,0,32768,3600000000000,134217728,heap,7789696,0,0,0,0,0,0,784,21.348909
27,bench_p26_wt,bench_p26_wt_random,1,42,33,64,0,0,0,64,4,2097152,0,32768,3600000000000,134217728,usage,7789696,0,0,0,0,0,0,4816896,21.348997
26,bench_p26_wt,bench_p26_wt_random,1,42,33,64,0,0,0,64,2,2097152,0,32768,3600000000000,134217728,write,7794240,912798084,2021794,61124,912798084,218838369,250363904,3600144091347,22.119184
26,bench_p26_wt,bench_p26_wt_random,1,42,33,64,0,0,0,64,2,2097152,0,32768,3600000000000,134217728,stack,7794240,0,0,0,0,0,0,3296,22.119262
26,bench_p26_wt,bench_p26_wt_random,1,42,33,64,0,0,0,64,2,2097152,0,32768,3600000000000,134217728,ctx,7794240,0,0,0,0,0,0,608,22.119298
26,bench_p26_wt,bench_p26_wt_random,1,42,33,64,0,0,0,64,2,2097152,0,32768,3600000000000,134217728,heap,7794240,0,0,0,0,0,0,784,22.119328
26,bench_p26_wt,bench_p26_wt_random,1,42,33,64,0,0,0,64,2,2097152,0,32768,3600000000000,134217728,usage,7794240,0,0,0,0,0,0,4804608,22.119356
37,bench_p26_wt,bench_p26_wt_random,1,42,33,64,0,0,0,64,4096,2097152,0,32768,3600000000000,134217728,write,6248384,18768773120,1611936,48916,18768773120,174547746,200359936,3600202316678,6.181529
37,bench_p26_wt,bench_p26_wt_random,1,42,33,64,0,0,0,64,4096,2097152,0,32768,3600000000000,134217728,stack,6248384,0,0,0,0,0,0,3296,6.181597
37,bench_p26_wt,bench_p26_wt_random,1,42,33,64,0,0,0,64,4096,2097152,0,32768,3600000000000,134217728,ctx,6248384,0,0,0,0,0,0,608,6.181630
37,bench_p26_wt,bench_p26_wt_random,1,42,33,64,0,0,0,64,4096,2097152,0,32768,3600000000000,134217728,heap,6248384,0,0,0,0,0,0,8464,6.181656
37,bench_p26_wt,bench_p26_wt_random,1,42,33,64,0,0,0,64,4096,2097152,0,32768,3600000000000,134217728,usage,6248384,0,0,0,0,0,0,4780032,6.181681
49,bench_p26_wt,bench_p26_wt_many,1,42,33,64,0,0,0,64,2048,2097152,0,32768,3600000000000,134217728,write,34678016,41998395392,1075127,33057,41998395392,125682839,135401472,3600032777269,45.470645
49,bench_p26_wt,bench_p26_wt_many,1,42,33,64,0,0,0,64,2048,2097152,0,32768,3600000000000,134217728,stack,34678016,0,0,0,0,0,0,3488,45.470781
49,bench_p26_wt,bench_p26_wt_many,1,42,33,64,0,0,0,64,2048,2097152,0,32768,3600000000000,134217728,ctx,34678016,0,0,0,0,0,0,848,45.470843
49,bench_p26_wt,bench_p26_wt_many,1,42,33,64,0,0,0,64,2048,2097152,0,32768,3600000000000,134217728,heap,34678016,0,0,0,0,0,0,4368,45.470910
49,bench_p26_wt,bench_p26_wt_many,1,42,33,64,0,0,0,64,2048,2097152,0,32768,3600000000000,134217728,usage,34678016,0,0,0,0,0,0,31965184,45.470963
48,bench_p26_wt,bench_p26_wt_many,1,42,33,64,0,0,0,64,1024,2097152,0,32768,3600000000000,134217728,write,37068992,39055275008,1141830,35076,39055275008,133594691,143671296,3600000311545,47.887274
48,bench_p26_wt,bench_p26_wt_many,1,42,33,64,0,0,0,64,1024,2097152,0,32768,3600000000000,134217728,stack,37068992,0,0,0,0,0,0,3488,47.887383
48,bench_p26_wt,bench_p26_wt_many,1,42,33,64,0,0,0,64,1024,2097152,0,32768,3600000000000,134217728,ctx,37068992,0,0,0,0,0,0,848,47.887444
48,bench_p26_wt,bench_p26_wt_many,1,42,33,64,0,0,0,64,1024,2097152,0,32768,3600000000000,134217728,heap,37068992,0,0,0,0,0,0,2320,47.887497
48,bench_p26_wt,bench_p26_wt_many,1,42,33,64,0,0,0,64,1024,2097152,0,32768,3600000000000,134217728,usage,37068992,0,0,0,0,0,0,31965184,47.887564
47,bench_p26_wt,bench_p26_wt_many,1,42,33,64,0,0,0,64,512,2097152,0,32768,3600000000000,134217728,write,43669632,31073876992,1325435,40529,31073876992,155306654,166006784,3600000090810,57.661006
47,bench_p26_wt,bench_p26_wt_many,1,42,33,64,0,0,0,64,512,2097152,0,32768,3600000000000,134217728,stack,43669632,0,0,0,0,0,0,3488,57.661119
47,bench_p26_wt,bench_p26_wt_many,1,42,33,64,0,0,0,64,512,2097152,0,32768,3600000000000,134217728,ctx,43669632,0,0,0,0,0,0,848,57.661179
47,bench_p26_wt,bench_p26_wt_many,1,42,33,64,0,0,0,64,512,2097152,0,32768,3600000000000,134217728,heap,43669632,0,0,0,0,0,0,1296,57.661230
47,bench_p26_wt,bench_p26_wt_many,1,42,33,64,0,0,0,64,512,2097152,0,32768,3600000000000,134217728,usage,43669632,0,0,0,0,0,0,31965184,57.661279
46,bench_p26_wt,bench_p26_wt_many,1,42,33,64,0,0,0,64,256,2097152,0,32768,3600000000000,134217728,write,49793920,23690496000,1495846,45569,23690496000,175429424,186650624,3600026622608,60.291499
46,bench_p26_wt,bench_p26_wt_many,1,42,33,64,0,0,0,64,256,2097152,0,32768,3600000000000,134217728,stack,49793920,0,0,0,0,0,0,3488,60.291612
46,bench_p26_wt,bench_p26_wt_many,1,42,33,64,0,0,0,64,256,2097152,0,32768,3600000000000,134217728,ctx,49793920,0,0,0,0,0,0,848,60.291675
46,bench_p26_wt,bench_p26_wt_many,1,42,33,64,0,0,0,64,256,2097152,0,32768,3600000000000,134217728,heap,49793920,0,0,0,0,0,0,784,60.291728
46,bench_p26_wt,bench_p26_wt_many,1,42,33,64,0,0,0,64,256,2097152,0,32768,3600000000000,134217728,usage,49793920,0,0,0,0,0,0,31965184,60.291782
38,bench_p26_wt,bench_p26_wt_many,1,42,33,64,0,0,0,64,1,2097152,0,32768,3600000000000,134217728,write,64232256,6207258790,1897616,57517,6207258790,222942364,235589632,3600003248516,72.397738
38,bench_p26_wt,bench_p26_wt_many,1,42,33,64,0,0,0,64,1,2097152,0,32768,3600000000000,134217728,stack,64232256,0,0,0,0,0,0,3488,72.397851
38,bench_p26_wt,bench_p26_wt_many,1,42,33,64,0,0,0,64,1,2097152,0,32768,3600000000000,134217728,ctx,64232256,0,0,0,0,0,0,848,72.397909
38,bench_p26_wt,bench_p26_wt_many,1,42,33,64,0,0,0,64,1,2097152,0,32768,3600000000000,134217728,heap,64232256,0,0,0,0,0,0,784,72.397959
38,bench_p26_wt,bench_p26_wt_many,1,42,33,64,0,0,0,64,1,2097152,0,32768,3600000000000,134217728,usage,64232256,0,0,0,0,0,0,31965184,72.398005
44,bench_p26_wt,bench_p26_wt_many,1,42,33,64,0,0,0,64,64,2097152,0,32768,3600000000000,134217728,write,59302656,12104480384,1760684,53500,12104480384,206788458,219136000,3600035259614,72.650145
44,bench_p26_wt,bench_p26_wt_many,1,42,33,64,0,0,0,64,64,2097152,0,32768,3600000000000,134217728,stack,59302656,0,0,0,0,0,0,3488,72.650254
44,bench_p26_wt,bench_p26_wt_many,1,42,33,64,0,0,0,64,64,2097152,0,32768,3600000000000,134217728,ctx,59302656,0,0,0,0,0,0,848,72.650309
44,bench_p26_wt,bench_p26_wt_many,1,42,33,64,0,0,0,64,64,2097152,0,32768,3600000000000,134217728,heap,59302656,0,0,0,0,0,0,784,72.650357
44,bench_p26_wt,bench_p26_wt_many,1,42,33,64,0,0,0,64,64,2097152,0,32768,3600000000000,134217728,usage,59302656,0,0,0,0,0,0,31965184,72.650407
45,bench_p26_wt,bench_p26_wt_many,1,42,33,64,0,0,0,64,128,2097152,0,32768,3600000000000,134217728,write,55307008,17011932416,1649226,50134,17011932416,193567050,205348864,3600019191422,73.013843
45,bench_p26_wt,bench_p26_wt_many,1,42,33,64,0,0,0,64,128,2097152,0,32768,3600000000000,134217728,stack,55307008,0,0,0,0,0,0,3488,73.013957
45,bench_p26_wt,bench_p26_wt_many,1,42,33,64,0,0,0,64,128,2097152,0,32768,3600000000000,134217728,ctx,55307008,0,0,0,0,0,0,848,73.014013
45,bench_p26_wt,bench_p26_wt_many,1,42,33,64,0,0,0,64,128,2097152,0,32768,3600000000000,134217728,heap,55307008,0,0,0,0,0,0,784,73.014060
45,bench_p26_wt,bench_p26_wt_many,1,42,33,64,0,0,0,64,128,2097152,0,32768,3600000000000,134217728,usage,55307008,0,0,0,0,0,0,31965184,73.014108
42,bench_p26_wt,bench_p26_wt_many,1,42,33,64,0,0,0,64,16,2097152,0,32768,3600000000000,134217728,write,63162432,7493605248,1867922,56639,7493605248,219436964,231993344,3600000283436,75.853780
42,bench_p26_wt,bench_p26_wt_many,1,42,33,64,0,0,0,64,16,2097152,0,32768,3600000000000,134217728,stack,63162432,0,0,0,0,0,0,3488,75.853884
42,bench_p26_wt,bench_p26_wt_many,1,42,33,64,0,0,0,64,16,2097152,0,32768,3600000000000,134217728,ctx,63162432,0,0,0,0,0,0,848,75.853940
42,bench_p26_wt,bench_p26_wt_many,1,42,33,64,0,0,0,64,16,2097152,0,32768,3600000000000,134217728,heap,63162432,0,0,0,0,0,0,784,75.853988
42,bench_p26_wt,bench_p26_wt_many,1,42,33,64,0,0,0,64,16,2097152,0,32768,3600000000000,134217728,usage,63162432,0,0,0,0,0,0,31965184,75.854035
43,bench_p26_wt,bench_p26_wt_many,1,42,33,64,0,0,0,64,32,2097152,0,32768,3600000000000,134217728,write,61771456,9177996864,1829196,55488,9177996864,214859544,227278848,3600000167112,78.330772
43,bench_p26_wt,bench_p26_wt_many,1,42,33,64,0,0,0,64,32,2097152,0,32768,3600000000000,134217728,stack,61771456,0,0,0,0,0,0,3488,78.330874
43,bench_p26_wt,bench_p26_wt_many,1,42,33,64,0,0,0,64,32,2097152,0,32768,3600000000000,134217728,ctx,61771456,0,0,0,0,0,0,848,78.330927
43,bench_p26_wt,bench_p26_wt_many,1,42,33,64,0,0,0,64,32,2097152,0,32768,3600000000000,134217728,heap,61771456,0,0,0,0,0,0,784,78.330973
43,bench_p26_wt,bench_p26_wt_many,1,42,33,64,0,0,0,64,32,2097152,0,32768,3600000000000,134217728,usage,61771456,0,0,0,0,0,0,31965184,78.331017
41,bench_p26_wt,bench_p26_wt_many,1,42,33,64,0,0,0,64,8,2097152,0,32768,3600000000000,134217728,write,63631232,6916434728,1881001,57036,6916434728,220999122,233619456,3600040884182,85.116038
41,bench_p26_wt,bench_p26_wt_many,1,42,33,64,0,0,0,64,8,2097152,0,32768,3600000000000,134217728,stack,63631232,0,0,0,0,0,0,3488,85.116135
41,bench_p26_wt,bench_p26_wt_many,1,42,33,64,0,0,0,64,8,2097152,0,32768,3600000000000,134217728,ctx,63631232,0,0,0,0,0,0,848,85.116185
41,bench_p26_wt,bench_p26_wt_many,1,42,33,64,0,0,0,64,8,2097152,0,32768,3600000000000,134217728,heap,63631232,0,0,0,0,0,0,784,85.116228
41,bench_p26_wt,bench_p26_wt_many,1,42,33,64,0,0,0,64,8,2097152,0,32768,3600000000000,134217728,usage,63631232,0,0,0,0,0,0,31965184,85.116268
39,bench_p26_wt,bench_p26_wt_many,1,42,33,64,0,0,0,64,2,2097152,0,32768,3600000000000,134217728,write,64210560,6237294436,1897008,57496,6237294436,222869914,235503616,3600015048206,85.888618
39,bench_p26_wt,bench_p26_wt_many,1,42,33,64,0,0,0,64,2,2097152,0,32768,3600000000000,134217728,stack,64210560,0,0,0,0,0,0,3488,85.888698
39,bench_p26_wt,bench_p26_wt_many,1,42,33,64,0,0,0,64,2,2097152,0,32768,3600000000000,134217728,ctx,64210560,0,0,0,0,0,0,848,85.888738
39,bench_p26_wt,bench_p26_wt_many,1,42,33,64,0,0,0,64,2,2097152,0,32768,3600000000000,134217728,heap,64210560,0,0,0,0,0,0,784,85.888771
39,bench_p26_wt,bench_p26_wt_many,1,42,33,64,0,0,0,64,2,2097152,0,32768,3600000000000,134217728,usage,64210560,0,0,0,0,0,0,31965184,85.888801
40,bench_p26_wt,bench_p26_wt_many,1,42,33,64,0,0,0,64,4,2097152,0,32768,3600000000000,134217728,write,64004608,6470270992,1891347,57340,6470270992,222209891,234864640,3600036655065,88.665097
40,bench_p26_wt,bench_p26_wt_many,1,42,33,64,0,0,0,64,4,2097152,0,32768,3600000000000,134217728,stack,64004608,0,0,0,0,0,0,3488,88.665172
40,bench_p26_wt,bench_p26_wt_many,1,42,33,64,0,0,0,64,4,2097152,0,32768,3600000000000,134217728,ctx,64004608,0,0,0,0,0,0,848,88.665207
40,bench_p26_wt,bench_p26_wt_many,1,42,33,64,0,0,0,64,4,2097152,0,32768,3600000000000,134217728,heap,64004608,0,0,0,0,0,0,784,88.665248
40,bench_p26_wt,bench_p26_wt_many,1,42,33,64,0,0,0,64,4,2097152,0,32768,3600000000000,134217728,usage,64004608,0,0,0,0,0,0,31965184,88.665276
50,bench_p26_wt,bench_p26_wt_many,1,42,33,64,0,0,0,64,4096,2097152,0,32768,3600000000000,134217728,write,46753664,27375140864,1411169,43051,27375140864,165413966,176336896,3600033869002,24.997495
50,bench_p26_wt,bench_p26_wt_many,1,42,33,64,0,0,0,64,4096,2097152,0,32768,3600000000000,134217728,stack,46753664,0,0,0,0,0,0,3488,24.997567
50,bench_p26_wt,bench_p26_wt_many,1,42,33,64,0,0,0,64,4096,2097152,0,32768,3600000000000,134217728,ctx,46753664,0,0,0,0,0,0,848,24.997599
50,bench_p26_wt,bench_p26_wt_many,1,42,33,64,0,0,0,64,4096,2097152,0,32768,3600000000000,134217728,heap,46753664,0,0,0,0,0,0,8464,24.997624
50,bench_p26_wt,bench_p26_wt_many,1,42,33,64,0,0,0,64,4096,2097152,0,32768,3600000000000,134217728,usage,46753664,0,0,0,0,0,0,31965184,24.997648
62,bench_p26_wt,bench_p26_wt_logging,1,42,33,64,0,0,0,64,2048,2097152,0,32768,3600000000000,134217728,write,12595072,20802000896,2069536,43040,20802000896,169223653,176291840,3600116740095,15.680647
62,bench_p26_wt,bench_p26_wt_logging,1,42,33,64,0,0,0,64,2048,2097152,0,32768,3600000000000,134217728,stack,12595072,0,0,0,0,0,0,3264,15.680779
62,bench_p26_wt,bench_p26_wt_logging,1,42,33,64,0,0,0,64,2048,2097152,0,32768,3600000000000,134217728,ctx,12595072,0,0,0,0,0,0,624,15.680843
62,bench_p26_wt,bench_p26_wt_logging,1,42,33,64,0,0,0,64,2048,2097152,0,32768,3600000000000,134217728,heap,12595072,0,0,0,0,0,0,4368,15.680898
62,bench_p26_wt,bench_p26_wt_logging,1,42,33,64,0,0,0,64,2048,2097152,0,32768,3600000000000,134217728,usage,12595072,0,0,0,0,0,0,2445312,15.680951
61,bench_p26_wt,bench_p26_wt_logging,1,42,33,64,0,0,0,64,1024,2097152,0,32768,3600000000000,134217728,write,13727680,14152735744,2266146,47193,14152735744,185576412,193302528,3600005420884,16.806020
61,bench_p26_wt,bench_p26_wt_logging,1,42,33,64,0,0,0,64,1024,2097152,0,32768,3600000000000,134217728,stack,13727680,0,0,0,0,0,0,3264,16.806135
61,bench_p26_wt,bench_p26_wt_logging,1,42,33,64,0,0,0,64,1024,2097152,0,32768,3600000000000,134217728,ctx,13727680,0,0,0,0,0,0,624,16.806196
61,bench_p26_wt,bench_p26_wt_logging,1,42,33,64,0,0,0,64,1024,2097152,0,32768,3600000000000,134217728,heap,13727680,0,0,0,0,0,0,2320,16.806251
61,bench_p26_wt,bench_p26_wt_logging,1,42,33,64,0,0,0,64,1024,2097152,0,32768,3600000000000,134217728,usage,13727680,0,0,0,0,0,0,2449408,16.806302
60,bench_p26_wt,bench_p26_wt_logging,1,42,33,64,0,0,0,64,512,2097152,0,32768,3600000000000,134217728,write,14490752,9684468224,2398481,49984,9684468224,196566592,204734464,3600025721280,17.913146
60,bench_p26_wt,bench_p26_wt_logging,1,42,33,64,0,0,0,64,512,2097152,0,32768,3600000000000,134217728,stack,14490752,0,0,0,0,0,0,3264,17.913260
60,bench_p26_wt,bench_p26_wt_logging,1,42,33,64,0,0,0,64,512,2097152,0,32768,3600000000000,134217728,ctx,14490752,0,0,0,0,0,0,624,17.913321
60,bench_p26_wt,bench_p26_wt_logging,1,42,33,64,0,0,0,64,512,2097152,0,32768,3600000000000,134217728,heap,14490752,0,0,0,0,0,0,1296,17.913373
60,bench_p26_wt,bench_p26_wt_logging,1,42,33,64,0,0,0,64,512,2097152,0,32768,3600000000000,134217728,usage,14490752,0,0,0,0,0,0,2449408,17.913424
57,bench_p26_wt,bench_p26_wt_logging,1,42,33,64,0,0,0,64,64,2097152,0,32768,3600000000000,134217728,write,15666624,2772736448,2602865,54304,2772736448,213569490,222429184,3600053460374,18.746767
57,bench_p26_wt,bench_p26_wt_logging,1,42,33,64,0,0,0,64,64,2097152,0,32768,3600000000000,134217728,stack,15666624,0,0,0,0,0,0,3264,18.746878
57,bench_p26_wt,bench_p26_wt_logging,1,42,33,64,0,0,0,64,64,2097152,0,32768,3600000000000,134217728,ctx,15666624,0,0,0,0,0,0,624,18.746936
57,bench_p26_wt,bench_p26_wt_logging,1,42,33,64,0,0,0,64,64,2097152,0,32768,3600000000000,134217728,heap,15666624,0,0,0,0,0,0,784,18.746986
57,bench_p26_wt,bench_p26_wt_logging,1,42,33,64,0,0,0,64,64,2097152,0,32768,3600000000000,134217728,usage,15666624,0,0,0,0,0,0,2449408,18.747051
59,bench_p26_wt,bench_p26_wt_logging,1,42,33,64,0,0,0,64,256,2097152,0,32768,3600000000000,134217728,write,14989376,6757088768,2485038,51813,6757088768,203767578,212226048,3600003782894,19.016051
59,bench_p26_wt,bench_p26_wt_logging,1,42,33,64,0,0,0,64,256,2097152,0,32768,3600000000000,134217728,stack,14989376,0,0,0,0,0,0,3264,19.016154
59,bench_p26_wt,bench_p26_wt_logging,1,42,33,64,0,0,0,64,256,2097152,0,32768,3600000000000,134217728,ctx,14989376,0,0,0,0,0,0,624,19.016211
59,bench_p26_wt,bench_p26_wt_logging,1,42,33,64,0,0,0,64,256,2097152,0,32768,3600000000000,134217728,heap,14989376,0,0,0,0,0,0,784,19.016261
59,bench_p26_wt,bench_p26_wt_logging,1,42,33,64,0,0,0,64,256,2097152,0,32768,3600000000000,134217728,usage,14989376,0,0,0,0,0,0,2449408,19.016309
58,bench_p26_wt,bench_p26_wt_logging,1,42,33,64,0,0,0,64,128,2097152,0,32768,3600000000000,134217728,write,15417600,4247141632,2559353,53381,4247141632,209936889,218648576,3600016519291,19.298842
58,bench_p26_wt,bench_p26_wt_logging,1,42,33,64,0,0,0,64,128,2097152,0,32768,3600000000000,134217728,stack,15417600,0,0,0,0,0,0,3264,19.298944
58,bench_p26_wt,bench_p26_wt_logging,1,42,33,64,0,0,0,64,128,2097152,0,32768,3600000000000,134217728,ctx,15417600,0,0,0,0,0,0,624,19.299001
58,bench_p26_wt,bench_p26_wt_logging,1,42,33,64,0,0,0,64,128,2097152,0,32768,3600000000000,134217728,heap,15417600,0,0,0,0,0,0,784,19.299053
58,bench_p26_wt,bench_p26_wt_logging,1,42,33,64,0,0,0,64,128,2097152,0,32768,3600000000000,134217728,usage,15417600,0,0,0,0,0,0,2449408,19.299102
51,bench_p26_wt,bench_p26_wt_logging,1,42,33,64,0,0,0,64,1,2097152,0,32768,3600000000000,134217728,write,15992704,840673598,2659584,55515,840673598,218324755,227389440,3600049528857,20.150649
51,bench_p26_wt,bench_p26_wt_logging,1,42,33,64,0,0,0,64,1,2097152,0,32768,3600000000000,134217728,stack,15992704,0,0,0,0,0,0,3264,20.150759
51,bench_p26_wt,bench_p26_wt_logging,1,42,33,64,0,0,0,64,1,2097152,0,32768,3600000000000,134217728,ctx,15992704,0,0,0,0,0,0,624,20.150815
51,bench_p26_wt,bench_p26_wt_logging,1,42,33,64,0,0,0,64,1,2097152,0,32768,3600000000000,134217728,heap,15992704,0,0,0,0,0,0,784,20.150864
51,bench_p26_wt,bench_p26_wt_logging,1,42,33,64,0,0,0,64,1,2097152,0,32768,3600000000000,134217728,usage,15992704,0,0,0,0,0,0,2449408,20.150911
56,bench_p26_wt,bench_p26_wt_logging,1,42,33,64,0,0,0,64,32,2097152,0,32768,3600000000000,134217728,write,15826560,1832315168,2630664,54891,1832315168,215878618,224833536,3600017851950,20.446121
56,bench_p26_wt,bench_p26_wt_logging,1,42,33,64,0,0,0,64,32,2097152,0,32768,3600000000000,134217728,stack,15826560,0,0,0,0,0,0,3264,20.446232
56,bench_p26_wt,bench_p26_wt_logging,1,42,33,64,0,0,0,64,32,2097152,0,32768,3600000000000,134217728,ctx,15826560,0,0,0,0,0,0,624,20.446284
56,bench_p26_wt,bench_p26_wt_logging,1,42,33,64,0,0,0,64,32,2097152,0,32768,3600000000000,134217728,heap,15826560,0,0,0,0,0,0,784,20.446333
56,bench_p26_wt,bench_p26_wt_logging,1,42,33,64,0,0,0,64,32,2097152,0,32768,3600000000000,134217728,usage,15826560,0,0,0,0,0,0,2449408,20.446378
55,bench_p26_wt,bench_p26_wt_logging,1,42,33,64,0,0,0,64,16,2097152,0,32768,3600000000000,134217728,write,15907264,1349129360,2644727,55195,1349129360,217068813,226078720,3600019624823,20.529482
55,bench_p26_wt,bench_p26_wt_logging,1,42,33,64,0,0,0,64,16,2097152,0,32768,3600000000000,134217728,stack,15907264,0,0,0,0,0,0,3264,20.529572
55,bench_p26_wt,bench_p26_wt_logging,1,42,33,64,0,0,0,64,16,2097152,0,32768,3600000000000,134217728,ctx,15907264,0,0,0,0,0,0,624,20.529619
55,bench_p26_wt,bench_p26_wt_logging,1,42,33,64,0,0,0,64,16,2097152,0,32768,3600000000000,134217728,heap,15907264,0,0,0,0,0,0,784,20.529661
55,bench_p26_wt,bench_p26_wt_logging,1,42,33,64,0,0,0,64,16,2097152,0,32768,3600000000000,134217728,usage,15907264,0,0,0,0,0,0,2449408,20.529703
54,bench_p26_wt,bench_p26_wt_logging,1,42,33,64,0,0,0,64,8,2097152,0,32768,3600000000000,134217728,write,15940992,1150803328,2650579,55319,1150803328,217556389,226586624,3600017229887,22.165550
54,bench_p26_wt,bench_p26_wt_logging,1,42,33,64,0,0,0,64,8,2097152,0,32768,3600000000000,134217728,stack,15940992,0,0,0,0,0,0,3264,22.165654
54,bench_p26_wt,bench_p26_wt_logging,1,42,33,64,0,0,0,64,8,2097152,0,32768,3600000000000,134217728,ctx,15940992,0,0,0,0,0,0,624,22.165698
54,bench_p26_wt,bench_p26_wt_logging,1,42,33,64,0,0,0,64,8,2097152,0,32768,3600000000000,134217728,heap,15940992,0,0,0,0,0,0,784,22.165734
54,bench_p26_wt,bench_p26_wt_logging,1,42,33,64,0,0,0,64,8,2097152,0,32768,3600000000000,134217728,usage,15940992,0,0,0,0,0,0,2445312,22.165780
53,bench_p26_wt,bench_p26_wt_logging,1,42,33,64,0,0,0,64,4,2097152,0,32768,3600000000000,134217728,write,15965056,1004605364,2654797,55411,1004605364,217918901,226963456,3600003815311,22.600538
53,bench_p26_wt,bench_p26_wt_logging,1,42,33,64,0,0,0,64,4,2097152,0,32768,3600000000000,134217728,stack,15965056,0,0,0,0,0,0,3264,22.600625
53,bench_p26_wt,bench_p26_wt_logging,1,42,33,64,0,0,0,64,4,2097152,0,32768,3600000000000,134217728,ctx,15965056,0,0,0,0,0,0,624,22.600665
53,bench_p26_wt,bench_p26_wt_logging,1,42,33,64,0,0,0,64,4,2097152,0,32768,3600000000000,134217728,heap,15965056,0,0,0,0,0,0,784,22.600699
53,bench_p26_wt,bench_p26_wt_logging,1,42,33,64,0,0,0,64,4,2097152,0,32768,3600000000000,134217728,usage,15965056,0,0,0,0,0,0,2449408,22.600730
52,bench_p26_wt,bench_p26_wt_logging,1,42,33,64,0,0,0,64,2,2097152,0,32768,3600000000000,134217728,write,15977344,930277520,2656926,55458,930277520,218098989,227155968,3600000932567,23.402820
52,bench_p26_wt,bench_p26_wt_logging,1,42,33,64,0,0,0,64,2,2097152,0,32768,3600000000000,134217728,stack,15977344,0,0,0,0,0,0,3264,23.402901
52,bench_p26_wt,bench_p26_wt_logging,1,42,33,64,0,0,0,64,2,2097152,0,32768,3600000000000,134217728,ctx,15977344,0,0,0,0,0,0,624,23.402944
52,bench_p26_wt,bench_p26_wt_logging,1,42,33,64,0,0,0,64,2,2097152,0,32768,3600000000000,134217728,heap,15977344,0,0,0,0,0,0,784,23.402987
52,bench_p26_wt,bench_p26_wt_logging,1,42,33,64,0,0,0,64,2,2097152,0,32768,3600000000000,134217728,usage,15977344,0,0,0,0,0,0,2449408,23.403020
63,bench_p26_wt,bench_p26_wt_logging,1,42,33,64,0,0,0,64,4096,2097152,0,32768,3600000000000,134217728,write,13530944,15306268672,2231999,46473,15306268672,182737843,190353408,3600030602057,6.415931
63,bench_p26_wt,bench_p26_wt_logging,1,42,33,64,0,0,0,64,4096,2097152,0,32768,3600000000000,134217728,stack,13530944,0,0,0,0,0,0,3264,6.415999
63,bench_p26_wt,bench_p26_wt_logging,1,42,33,64,0,0,0,64,4096,2097152,0,32768,3600000000000,134217728,ctx,13530944,0,0,0,0,0,0,624,6.416032
63,bench_p26_wt,bench_p26_wt_logging,1,42,33,64,0,0,0,64,4096,2097152,0,32768,3600000000000,134217728,heap,13530944,0,0,0,0,0,0,8464,6.416059
63,bench_p26_wt,bench_p26_wt_logging,1,42,33,64,0,0,0,64,4096,2097152,0,32768,3600000000000,134217728,usage,13530944,0,0,0,0,0,0,2449408,6.416083
