i,suite,case,FS,FILE_SIZE,NO_FRUNCATE,SKIP_WARMUP,CHUNK,SIM_SIZE,SIM_TIME,READ_SIZE,DISK_GEOMETRY,NO_SET,FILE_COUNT,SEED,DISK_SIZE,SIZE,probe,n,bench_reads,bench_progs,bench_erases,bench_readed,bench_progged,bench_erased,bench_simtime,bench_runtime
13,bench_p26_wt,bench_p26_wt_linear,32,64,1,0,64,0,3600000000000,2,1,0,32768,42,134217728,2097152,write,3768454720,50764699,8730829,34115,997624738,4470184448,4471521280,3600004446982,81.261635
13,bench_p26_wt,bench_p26_wt_linear,32,64,1,0,64,0,3600000000000,2,1,0,32768,42,134217728,2097152,stack,3768454720,0,0,0,0,0,0,3312,81.261846
13,bench_p26_wt,bench_p26_wt_linear,32,64,1,0,64,0,3600000000000,2,1,0,32768,42,134217728,2097152,ctx,3768454720,0,0,0,0,0,0,624,81.261898
13,bench_p26_wt,bench_p26_wt_linear,32,64,1,0,64,0,3600000000000,2,1,0,32768,42,134217728,2097152,heap,3768454720,0,0,0,0,0,0,1296,81.261960
13,bench_p26_wt,bench_p26_wt_linear,32,64,1,0,64,0,3600000000000,2,1,0,32768,42,134217728,2097152,usage,3768454720,0,0,0,0,0,0,2621440,81.262009
14,bench_p26_wt,bench_p26_wt_linear,32,64,1,0,64,0,3600000000000,4,1,0,32768,42,134217728,2097152,write,3699245632,52491752,8570492,33488,1019191488,4388091904,4389339136,3600004617792,83.160768
14,bench_p26_wt,bench_p26_wt_linear,32,64,1,0,64,0,3600000000000,4,1,0,32768,42,134217728,2097152,stack,3699245632,0,0,0,0,0,0,3312,83.160872
14,bench_p26_wt,bench_p26_wt_linear,32,64,1,0,64,0,3600000000000,4,1,0,32768,42,134217728,2097152,ctx,3699245632,0,0,0,0,0,0,624,83.160923
14,bench_p26_wt,bench_p26_wt_linear,32,64,1,0,64,0,3600000000000,4,1,0,32768,42,134217728,2097152,heap,3699245632,0,0,0,0,0,0,1296,83.160968
14,bench_p26_wt,bench_p26_wt_linear,32,64,1,0,64,0,3600000000000,4,1,0,32768,42,134217728,2097152,usage,3699245632,0,0,0,0,0,0,2621440,83.161011
15,bench_p26_wt,bench_p26_wt_linear,32,64,1,0,64,0,3600000000000,8,1,0,32768,42,134217728,2097152,write,4004928576,44671229,9278741,36256,1172627648,4750715392,4752146432,3600014949440,86.949560
15,bench_p26_wt,bench_p26_wt_linear,32,64,1,0,64,0,3600000000000,8,1,0,32768,42,134217728,2097152,stack,4004928576,0,0,0,0,0,0,3312,86.949664
15,bench_p26_wt,bench_p26_wt_linear,32,64,1,0,64,0,3600000000000,8,1,0,32768,42,134217728,2097152,ctx,4004928576,0,0,0,0,0,0,624,86.949716
15,bench_p26_wt,bench_p26_wt_linear,32,64,1,0,64,0,3600000000000,8,1,0,32768,42,134217728,2097152,heap,4004928576,0,0,0,0,0,0,1296,86.949760
15,bench_p26_wt,bench_p26_wt_linear,32,64,1,0,64,0,3600000000000,8,1,0,32768,42,134217728,2097152,usage,4004928576,0,0,0,0,0,0,2228224,86.949803
12,bench_p26_wt,bench_p26_wt_linear,32,64,1,0,64,0,3600000000000,1,1,0,32768,42,134217728,2097152,write,4630589504,28918859,10728232,41919,1158180569,5492854784,5494407168,3600008792603,91.549204
12,bench_p26_wt,bench_p26_wt_linear,32,64,1,0,64,0,3600000000000,1,1,0,32768,42,134217728,2097152,stack,4630589504,0,0,0,0,0,0,3312,91.549308
12,bench_p26_wt,bench_p26_wt_linear,32,64,1,0,64,0,3600000000000,1,1,0,32768,42,134217728,2097152,ctx,4630589504,0,0,0,0,0,0,624,91.549359
12,bench_p26_wt,bench_p26_wt_linear,32,64,1,0,64,0,3600000000000,1,1,0,32768,42,134217728,2097152,heap,4630589504,0,0,0,0,0,0,1296,91.549401
12,bench_p26_wt,bench_p26_wt_linear,32,64,1,0,64,0,3600000000000,1,1,0,32768,42,134217728,2097152,usage,4630589504,0,0,0,0,0,0,786432,91.549440
16,bench_p26_wt,bench_p26_wt_linear,32,64,1,0,64,0,3600000000000,16,1,0,32768,42,134217728,2097152,write,4524879936,31402412,10483351,40963,1390490240,5367475712,5369102336,3600011712896,95.889131
16,bench_p26_wt,bench_p26_wt_linear,32,64,1,0,64,0,3600000000000,16,1,0,32768,42,134217728,2097152,stack,4524879936,0,0,0,0,0,0,3312,95.889235
16,bench_p26_wt,bench_p26_wt_linear,32,64,1,0,64,0,3600000000000,16,1,0,32768,42,134217728,2097152,ctx,4524879936,0,0,0,0,0,0,624,95.889283
16,bench_p26_wt,bench_p26_wt_linear,32,64,1,0,64,0,3600000000000,16,1,0,32768,42,134217728,2097152,heap,4524879936,0,0,0,0,0,0,1296,95.889325
16,bench_p26_wt,bench_p26_wt_linear,32,64,1,0,64,0,3600000000000,16,1,0,32768,42,134217728,2097152,usage,4524879936,0,0,0,0,0,0,2097152,95.889363
19,bench_p26_wt,bench_p26_wt_linear,32,64,1,0,64,0,3600000000000,128,1,0,32768,42,134217728,2097152,write,5079083072,16504867,11767333,45979,2598714112,6024874496,6026559488,3600008941312,98.489538
19,bench_p26_wt,bench_p26_wt_linear,32,64,1,0,64,0,3600000000000,128,1,0,32768,42,134217728,2097152,stack,5079083072,0,0,0,0,0,0,3312,98.489661
19,bench_p26_wt,bench_p26_wt_linear,32,64,1,0,64,0,3600000000000,128,1,0,32768,42,134217728,2097152,ctx,5079083072,0,0,0,0,0,0,624,98.489712
19,bench_p26_wt,bench_p26_wt_linear,32,64,1,0,64,0,3600000000000,128,1,0,32768,42,134217728,2097152,heap,5079083072,0,0,0,0,0,0,1296,98.489759
19,bench_p26_wt,bench_p26_wt_linear,32,64,1,0,64,0,3600000000000,128,1,0,32768,42,134217728,2097152,usage,5079083072,0,0,0,0,0,0,2621440,98.489805
21,bench_p26_wt,bench_p26_wt_linear,32,64,1,0,64,0,3600000000000,512,1,0,32768,42,134217728,2097152,write,5035505216,14050727,11666326,45584,7193972224,5973158912,5974786048,3600009498112,100.385725
21,bench_p26_wt,bench_p26_wt_linear,32,64,1,0,64,0,3600000000000,512,1,0,32768,42,134217728,2097152,stack,5035505216,0,0,0,0,0,0,3312,100.385825
21,bench_p26_wt,bench_p26_wt_linear,32,64,1,0,64,0,3600000000000,512,1,0,32768,42,134217728,2097152,ctx,5035505216,0,0,0,0,0,0,624,100.385874
21,bench_p26_wt,bench_p26_wt_linear,32,64,1,0,64,0,3600000000000,512,1,0,32768,42,134217728,2097152,heap,5035505216,0,0,0,0,0,0,1552,100.385919
21,bench_p26_wt,bench_p26_wt_linear,32,64,1,0,64,0,3600000000000,512,1,0,32768,42,134217728,2097152,usage,5035505216,0,0,0,0,0,0,917504,100.385962
17,bench_p26_wt,bench_p26_wt_linear,32,64,1,0,64,0,3600000000000,32,1,0,32768,42,134217728,2097152,write,4834992192,23398826,11201832,43770,1636439456,5735337984,5737021440,3600013576928,100.781684
17,bench_p26_wt,bench_p26_wt_linear,32,64,1,0,64,0,3600000000000,32,1,0,32768,42,134217728,2097152,stack,4834992192,0,0,0,0,0,0,3312,100.781776
17,bench_p26_wt,bench_p26_wt_linear,32,64,1,0,64,0,3600000000000,32,1,0,32768,42,134217728,2097152,ctx,4834992192,0,0,0,0,0,0,624,100.781823
17,bench_p26_wt,bench_p26_wt_linear,32,64,1,0,64,0,3600000000000,32,1,0,32768,42,134217728,2097152,heap,4834992192,0,0,0,0,0,0,1296,100.781862
17,bench_p26_wt,bench_p26_wt_linear,32,64,1,0,64,0,3600000000000,32,1,0,32768,42,134217728,2097152,usage,4834992192,0,0,0,0,0,0,1835008,100.781904
18,bench_p26_wt,bench_p26_wt_linear,32,64,1,0,64,0,3600000000000,64,1,0,32768,42,134217728,2097152,write,5014850624,18637948,11618504,45398,1933174400,5948674048,5950406656,3600010365824,100.969607
18,bench_p26_wt,bench_p26_wt_linear,32,64,1,0,64,0,3600000000000,64,1,0,32768,42,134217728,2097152,stack,5014850624,0,0,0,0,0,0,3312,100.969685
18,bench_p26_wt,bench_p26_wt_linear,32,64,1,0,64,0,3600000000000,64,1,0,32768,42,134217728,2097152,ctx,5014850624,0,0,0,0,0,0,624,100.978065
18,bench_p26_wt,bench_p26_wt_linear,32,64,1,0,64,0,3600000000000,64,1,0,32768,42,134217728,2097152,heap,5014850624,0,0,0,0,0,0,1296,100.978145
18,bench_p26_wt,bench_p26_wt_linear,32,64,1,0,64,0,3600000000000,64,1,0,32768,42,134217728,2097152,usage,5014850624,0,0,0,0,0,0,1310720,100.978185
20,bench_p26_wt,bench_p26_wt_linear,32,64,1,0,64,0,3600000000000,256,1,0,32768,42,134217728,2097152,write,5051386944,16037854,11703117,45728,4105690624,5991995904,5993660416,3600001251328,101.887928
20,bench_p26_wt,bench_p26_wt_linear,32,64,1,0,64,0,3600000000000,256,1,0,32768,42,134217728,2097152,stack,5051386944,0,0,0,0,0,0,3312,101.888015
20,bench_p26_wt,bench_p26_wt_linear,32,64,1,0,64,0,3600000000000,256,1,0,32768,42,134217728,2097152,ctx,5051386944,0,0,0,0,0,0,624,101.888055
20,bench_p26_wt,bench_p26_wt_linear,32,64,1,0,64,0,3600000000000,256,1,0,32768,42,134217728,2097152,heap,5051386944,0,0,0,0,0,0,1296,101.888088
20,bench_p26_wt,bench_p26_wt_linear,32,64,1,0,64,0,3600000000000,256,1,0,32768,42,134217728,2097152,usage,5051386944,0,0,0,0,0,0,2097152,101.888119
22,bench_p26_wt,bench_p26_wt_linear,32,64,1,0,64,0,3600000000000,1024,1,0,32768,42,134217728,2097152,write,7527203904,16638009,10276059,67309,17037321216,8817284096,8822325248,3600003086336,120.440107
22,bench_p26_wt,bench_p26_wt_linear,32,64,1,0,64,0,3600000000000,1024,1,0,32768,42,134217728,2097152,stack,7527203904,0,0,0,0,0,0,3280,120.440186
22,bench_p26_wt,bench_p26_wt_linear,32,64,1,0,64,0,3600000000000,1024,1,0,32768,42,134217728,2097152,ctx,7527203904,0,0,0,0,0,0,624,120.440233
22,bench_p26_wt,bench_p26_wt_linear,32,64,1,0,64,0,3600000000000,1024,1,0,32768,42,134217728,2097152,heap,7527203904,0,0,0,0,0,0,2576,120.440265
22,bench_p26_wt,bench_p26_wt_linear,32,64,1,0,64,0,3600000000000,1024,1,0,32768,42,134217728,2097152,usage,7527203904,0,0,0,0,0,0,1179648,120.440293
23,bench_p26_wt,bench_p26_wt_linear,32,64,1,0,64,0,3600000000000,2048,1,0,32768,42,134217728,2097152,write,10234728512,16379765,8648517,89625,33545758720,11736775680,11747328000,3600011041792,145.112578
23,bench_p26_wt,bench_p26_wt_linear,32,64,1,0,64,0,3600000000000,2048,1,0,32768,42,134217728,2097152,stack,10234728512,0,0,0,0,0,0,3312,145.112655
23,bench_p26_wt,bench_p26_wt_linear,32,64,1,0,64,0,3600000000000,2048,1,0,32768,42,134217728,2097152,ctx,10234728512,0,0,0,0,0,0,624,145.112689
23,bench_p26_wt,bench_p26_wt_linear,32,64,1,0,64,0,3600000000000,2048,1,0,32768,42,134217728,2097152,heap,10234728512,0,0,0,0,0,0,4624,145.112716
23,bench_p26_wt,bench_p26_wt_linear,32,64,1,0,64,0,3600000000000,2048,1,0,32768,42,134217728,2097152,usage,10234728512,0,0,0,0,0,0,1310720,145.112741
24,bench_p26_wt,bench_p26_wt_linear,32,64,1,0,64,0,3600000000000,4096,1,0,32768,42,134217728,2097152,write,10879373376,19107512,7926118,91317,39132184576,11946779648,11969101824,3600011201536,90.374530
24,bench_p26_wt,bench_p26_wt_linear,32,64,1,0,64,0,3600000000000,4096,1,0,32768,42,134217728,2097152,stack,10879373376,0,0,0,0,0,0,3280,90.374603
24,bench_p26_wt,bench_p26_wt_linear,32,64,1,0,64,0,3600000000000,4096,1,0,32768,42,134217728,2097152,ctx,10879373376,0,0,0,0,0,0,624,90.374634
24,bench_p26_wt,bench_p26_wt_linear,32,64,1,0,64,0,3600000000000,4096,1,0,32768,42,134217728,2097152,heap,10879373376,0,0,0,0,0,0,8720,90.374660
24,bench_p26_wt,bench_p26_wt_linear,32,64,1,0,64,0,3600000000000,4096,1,0,32768,42,134217728,2097152,usage,10879373376,0,0,0,0,0,0,2097152,90.374684
26,bench_p26_wt,bench_p26_wt_random,32,64,1,0,64,0,3600000000000,2,1,0,32768,42,134217728,2097152,write,8035008,125276681,1801855,8170,1969166452,922549760,1070858240,3600009476764,36.166947
26,bench_p26_wt,bench_p26_wt_random,32,64,1,0,64,0,3600000000000,2,1,0,32768,42,134217728,2097152,stack,8035008,0,0,0,0,0,0,3120,36.167069
26,bench_p26_wt,bench_p26_wt_random,32,64,1,0,64,0,3600000000000,2,1,0,32768,42,134217728,2097152,ctx,8035008,0,0,0,0,0,0,608,36.167130
26,bench_p26_wt,bench_p26_wt_random,32,64,1,0,64,0,3600000000000,2,1,0,32768,42,134217728,2097152,heap,8035008,0,0,0,0,0,0,1296,36.167192
26,bench_p26_wt,bench_p26_wt_random,32,64,1,0,64,0,3600000000000,2,1,0,32768,42,134217728,2097152,usage,8035008,0,0,0,0,0,0,5767168,36.167243
27,bench_p26_wt,bench_p26_wt_random,32,64,1,0,64,0,3600000000000,4,1,0,32768,42,134217728,2097152,write,8207424,124751911,1841580,8350,2093408116,942888960,1094451200,3600139189660,37.013858
27,bench_p26_wt,bench_p26_wt_random,32,64,1,0,64,0,3600000000000,4,1,0,32768,42,134217728,2097152,stack,8207424,0,0,0,0,0,0,3120,37.013963
27,bench_p26_wt,bench_p26_wt_random,32,64,1,0,64,0,3600000000000,4,1,0,32768,42,134217728,2097152,ctx,8207424,0,0,0,0,0,0,608,37.014022
27,bench_p26_wt,bench_p26_wt_random,32,64,1,0,64,0,3600000000000,4,1,0,32768,42,134217728,2097152,heap,8207424,0,0,0,0,0,0,1296,37.014074
27,bench_p26_wt,bench_p26_wt_random,32,64,1,0,64,0,3600000000000,4,1,0,32768,42,134217728,2097152,usage,8207424,0,0,0,0,0,0,5242880,37.014122
28,bench_p26_wt,bench_p26_wt_random,32,64,1,0,64,0,3600000000000,8,1,0,32768,42,134217728,2097152,write,10204800,119280194,2294723,10396,2807892560,1174898176,1362624512,3600892749296,40.535878
28,bench_p26_wt,bench_p26_wt_random,32,64,1,0,64,0,3600000000000,8,1,0,32768,42,134217728,2097152,stack,10204800,0,0,0,0,0,0,3120,40.535987
28,bench_p26_wt,bench_p26_wt_random,32,64,1,0,64,0,3600000000000,8,1,0,32768,42,134217728,2097152,ctx,10204800,0,0,0,0,0,0,608,40.536048
28,bench_p26_wt,bench_p26_wt_random,32,64,1,0,64,0,3600000000000,8,1,0,32768,42,134217728,2097152,heap,10204800,0,0,0,0,0,0,1296,40.536110
28,bench_p26_wt,bench_p26_wt_random,32,64,1,0,64,0,3600000000000,8,1,0,32768,42,134217728,2097152,usage,10204800,0,0,0,0,0,0,5505024,40.536159
36,bench_p26_wt,bench_p26_wt_random,32,64,1,0,64,0,3600000000000,2048,1,0,32768,42,134217728,2097152,write,12891392,44424919,2906416,13167,90982234112,1488084992,1725825024,3600795723776,44.742099
36,bench_p26_wt,bench_p26_wt_random,32,64,1,0,64,0,3600000000000,2048,1,0,32768,42,134217728,2097152,stack,12891392,0,0,0,0,0,0,3072,44.742212
36,bench_p26_wt,bench_p26_wt_random,32,64,1,0,64,0,3600000000000,2048,1,0,32768,42,134217728,2097152,ctx,12891392,0,0,0,0,0,0,608,44.742267
36,bench_p26_wt,bench_p26_wt_random,32,64,1,0,64,0,3600000000000,2048,1,0,32768,42,134217728,2097152,heap,12891392,0,0,0,0,0,0,4624,44.742314
36,bench_p26_wt,bench_p26_wt_random,32,64,1,0,64,0,3600000000000,2048,1,0,32768,42,134217728,2097152,usage,12891392,0,0,0,0,0,0,5373952,44.742359
25,bench_p26_wt,bench_p26_wt_random,32,64,1,0,64,0,3600000000000,1,1,0,32768,42,134217728,2097152,write,13076096,111871247,2948980,13361,3107402239,1509877760,1751252992,3600165228013,45.889334
25,bench_p26_wt,bench_p26_wt_random,32,64,1,0,64,0,3600000000000,1,1,0,32768,42,134217728,2097152,stack,13076096,0,0,0,0,0,0,3120,45.889441
25,bench_p26_wt,bench_p26_wt_random,32,64,1,0,64,0,3600000000000,1,1,0,32768,42,134217728,2097152,ctx,13076096,0,0,0,0,0,0,608,45.889498
25,bench_p26_wt,bench_p26_wt_random,32,64,1,0,64,0,3600000000000,1,1,0,32768,42,134217728,2097152,heap,13076096,0,0,0,0,0,0,1296,45.889548
25,bench_p26_wt,bench_p26_wt_random,32,64,1,0,64,0,3600000000000,1,1,0,32768,42,134217728,2097152,usage,13076096,0,0,0,0,0,0,5373952,45.889596
35,bench_p26_wt,bench_p26_wt_random,32,64,1,0,64,0,3600000000000,1024,1,0,32768,42,134217728,2097152,write,15673216,60179582,3539926,16029,61623891968,1812442112,2100953088,3600249801728,47.665955
35,bench_p26_wt,bench_p26_wt_random,32,64,1,0,64,0,3600000000000,1024,1,0,32768,42,134217728,2097152,stack,15673216,0,0,0,0,0,0,3072,47.666067
35,bench_p26_wt,bench_p26_wt_random,32,64,1,0,64,0,3600000000000,1024,1,0,32768,42,134217728,2097152,ctx,15673216,0,0,0,0,0,0,608,47.666124
35,bench_p26_wt,bench_p26_wt_random,32,64,1,0,64,0,3600000000000,1024,1,0,32768,42,134217728,2097152,heap,15673216,0,0,0,0,0,0,2576,47.666173
35,bench_p26_wt,bench_p26_wt_random,32,64,1,0,64,0,3600000000000,1024,1,0,32768,42,134217728,2097152,usage,15673216,0,0,0,0,0,0,4849664,47.666217
29,bench_p26_wt,bench_p26_wt_random,32,64,1,0,64,0,3600000000000,16,1,0,32768,42,134217728,2097152,write,13691904,109505661,3089143,13995,4188786544,1581641216,1834352640,3600205455184,50.483267
29,bench_p26_wt,bench_p26_wt_random,32,64,1,0,64,0,3600000000000,16,1,0,32768,42,134217728,2097152,stack,13691904,0,0,0,0,0,0,3120,50.483375
29,bench_p26_wt,bench_p26_wt_random,32,64,1,0,64,0,3600000000000,16,1,0,32768,42,134217728,2097152,ctx,13691904,0,0,0,0,0,0,608,50.483431
29,bench_p26_wt,bench_p26_wt_random,32,64,1,0,64,0,3600000000000,16,1,0,32768,42,134217728,2097152,heap,13691904,0,0,0,0,0,0,1296,50.483481
29,bench_p26_wt,bench_p26_wt_random,32,64,1,0,64,0,3600000000000,16,1,0,32768,42,134217728,2097152,usage,13691904,0,0,0,0,0,0,5111808,50.483528
30,bench_p26_wt,bench_p26_wt_random,32,64,1,0,64,0,3600000000000,32,1,0,32768,42,134217728,2097152,write,16669888,100703925,3765641,17062,6012710624,1928008192,2236350464,3600186572960,51.374239
30,bench_p26_wt,bench_p26_wt_random,32,64,1,0,64,0,3600000000000,32,1,0,32768,42,134217728,2097152,stack,16669888,0,0,0,0,0,0,3120,51.374338
30,bench_p26_wt,bench_p26_wt_random,32,64,1,0,64,0,3600000000000,32,1,0,32768,42,134217728,2097152,ctx,16669888,0,0,0,0,0,0,608,51.374390
30,bench_p26_wt,bench_p26_wt_random,32,64,1,0,64,0,3600000000000,32,1,0,32768,42,134217728,2097152,heap,16669888,0,0,0,0,0,0,1296,51.374439
30,bench_p26_wt,bench_p26_wt_random,32,64,1,0,64,0,3600000000000,32,1,0,32768,42,134217728,2097152,usage,16669888,0,0,0,0,0,0,4718592,51.374485
32,bench_p26_wt,bench_p26_wt_random,32,64,1,0,64,0,3600000000000,128,1,0,32768,42,134217728,2097152,write,18499392,90571365,4175908,18916,13333452800,2138064896,2479357952,3600406740992,52.752587
32,bench_p26_wt,bench_p26_wt_random,32,64,1,0,64,0,3600000000000,128,1,0,32768,42,134217728,2097152,stack,18499392,0,0,0,0,0,0,3072,52.752689
32,bench_p26_wt,bench_p26_wt_random,32,64,1,0,64,0,3600000000000,128,1,0,32768,42,134217728,2097152,ctx,18499392,0,0,0,0,0,0,608,52.752739
32,bench_p26_wt,bench_p26_wt_random,32,64,1,0,64,0,3600000000000,128,1,0,32768,42,134217728,2097152,heap,18499392,0,0,0,0,0,0,1296,52.752784
32,bench_p26_wt,bench_p26_wt_random,32,64,1,0,64,0,3600000000000,128,1,0,32768,42,134217728,2097152,usage,18499392,0,0,0,0,0,0,5767168,52.752829
31,bench_p26_wt,bench_p26_wt_random,32,64,1,0,64,0,3600000000000,64,1,0,32768,42,134217728,2097152,write,18096960,95094492,4084608,18504,8779278784,2091319296,2425356288,3600527759680,54.766626
31,bench_p26_wt,bench_p26_wt_random,32,64,1,0,64,0,3600000000000,64,1,0,32768,42,134217728,2097152,stack,18096960,0,0,0,0,0,0,3088,54.766714
31,bench_p26_wt,bench_p26_wt_random,32,64,1,0,64,0,3600000000000,64,1,0,32768,42,134217728,2097152,ctx,18096960,0,0,0,0,0,0,608,54.766757
31,bench_p26_wt,bench_p26_wt_random,32,64,1,0,64,0,3600000000000,64,1,0,32768,42,134217728,2097152,heap,18096960,0,0,0,0,0,0,1296,54.766792
31,bench_p26_wt,bench_p26_wt_random,32,64,1,0,64,0,3600000000000,64,1,0,32768,42,134217728,2097152,usage,18096960,0,0,0,0,0,0,5242880,54.766825
34,bench_p26_wt,bench_p26_wt_random,32,64,1,0,64,0,3600000000000,512,1,0,32768,42,134217728,2097152,write,17734208,73655198,4002551,18132,37711461376,2049306112,2376597504,3601315073536,55.273217
34,bench_p26_wt,bench_p26_wt_random,32,64,1,0,64,0,3600000000000,512,1,0,32768,42,134217728,2097152,stack,17734208,0,0,0,0,0,0,3072,55.273304
34,bench_p26_wt,bench_p26_wt_random,32,64,1,0,64,0,3600000000000,512,1,0,32768,42,134217728,2097152,ctx,17734208,0,0,0,0,0,0,608,55.273344
34,bench_p26_wt,bench_p26_wt_random,32,64,1,0,64,0,3600000000000,512,1,0,32768,42,134217728,2097152,heap,17734208,0,0,0,0,0,0,1552,55.273376
34,bench_p26_wt,bench_p26_wt_random,32,64,1,0,64,0,3600000000000,512,1,0,32768,42,134217728,2097152,usage,17734208,0,0,0,0,0,0,6291456,55.273404
33,bench_p26_wt,bench_p26_wt_random,32,64,1,0,64,0,3600000000000,256,1,0,32768,42,134217728,2097152,write,18130304,84988505,4090256,18530,21773146880,2094211072,2428764160,3600563765504,55.471332
33,bench_p26_wt,bench_p26_wt_random,32,64,1,0,64,0,3600000000000,256,1,0,32768,42,134217728,2097152,stack,18130304,0,0,0,0,0,0,3072,55.471412
33,bench_p26_wt,bench_p26_wt_random,32,64,1,0,64,0,3600000000000,256,1,0,32768,42,134217728,2097152,ctx,18130304,0,0,0,0,0,0,608,55.471447
33,bench_p26_wt,bench_p26_wt_random,32,64,1,0,64,0,3600000000000,256,1,0,32768,42,134217728,2097152,heap,18130304,0,0,0,0,0,0,1296,55.471476
33,bench_p26_wt,bench_p26_wt_random,32,64,1,0,64,0,3600000000000,256,1,0,32768,42,134217728,2097152,usage,18130304,0,0,0,0,0,0,4980736,55.471503
37,bench_p26_wt,bench_p26_wt_random,32,64,1,0,64,0,3600000000000,4096,1,0,32768,42,134217728,2097152,write,8148224,48976634,1829776,8291,100304146432,936845312,1086717952,3600709881856,15.588494
37,bench_p26_wt,bench_p26_wt_random,32,64,1,0,64,0,3600000000000,4096,1,0,32768,42,134217728,2097152,stack,8148224,0,0,0,0,0,0,3072,15.588580
37,bench_p26_wt,bench_p26_wt_random,32,64,1,0,64,0,3600000000000,4096,1,0,32768,42,134217728,2097152,ctx,8148224,0,0,0,0,0,0,608,15.588614
37,bench_p26_wt,bench_p26_wt_random,32,64,1,0,64,0,3600000000000,4096,1,0,32768,42,134217728,2097152,heap,8148224,0,0,0,0,0,0,8720,15.588643
37,bench_p26_wt,bench_p26_wt_random,32,64,1,0,64,0,3600000000000,4096,1,0,32768,42,134217728,2097152,usage,8148224,0,0,0,0,0,0,4980736,15.588671
39,bench_p26_wt,bench_p26_wt_many,32,64,1,0,64,0,3600000000000,2,1,0,32768,42,134217728,2097152,write,10612032,135022995,220648,910,11716790408,112971776,119275520,3600009966104,176.222937
39,bench_p26_wt,bench_p26_wt_many,32,64,1,0,64,0,3600000000000,2,1,0,32768,42,134217728,2097152,stack,10612032,0,0,0,0,0,0,3312,176.223071
39,bench_p26_wt,bench_p26_wt_many,32,64,1,0,64,0,3600000000000,2,1,0,32768,42,134217728,2097152,ctx,10612032,0,0,0,0,0,0,848,176.223146
39,bench_p26_wt,bench_p26_wt_many,32,64,1,0,64,0,3600000000000,2,1,0,32768,42,134217728,2097152,heap,10612032,0,0,0,0,0,0,1296,176.223201
39,bench_p26_wt,bench_p26_wt_many,32,64,1,0,64,0,3600000000000,2,1,0,32768,42,134217728,2097152,usage,10612032,0,0,0,0,0,0,34078720,176.223250
40,bench_p26_wt,bench_p26_wt_many,32,64,1,0,64,0,3600000000000,4,1,0,32768,42,134217728,2097152,write,11175360,134205810,232762,964,12602651704,119174144,126353408,3600008961064,184.386282
40,bench_p26_wt,bench_p26_wt_many,32,64,1,0,64,0,3600000000000,4,1,0,32768,42,134217728,2097152,stack,11175360,0,0,0,0,0,0,3312,184.386394
40,bench_p26_wt,bench_p26_wt_many,32,64,1,0,64,0,3600000000000,4,1,0,32768,42,134217728,2097152,ctx,11175360,0,0,0,0,0,0,848,184.386452
40,bench_p26_wt,bench_p26_wt_many,32,64,1,0,64,0,3600000000000,4,1,0,32768,42,134217728,2097152,heap,11175360,0,0,0,0,0,0,1296,184.386507
40,bench_p26_wt,bench_p26_wt_many,32,64,1,0,64,0,3600000000000,4,1,0,32768,42,134217728,2097152,usage,11175360,0,0,0,0,0,0,34340864,184.386557
41,bench_p26_wt,bench_p26_wt_many,32,64,1,0,64,0,3600000000000,8,1,0,32768,42,134217728,2097152,write,12504832,132601887,260119,1070,14292573904,133180928,140247040,3600009315184,204.667348
41,bench_p26_wt,bench_p26_wt_many,32,64,1,0,64,0,3600000000000,8,1,0,32768,42,134217728,2097152,stack,12504832,0,0,0,0,0,0,3312,204.667462
41,bench_p26_wt,bench_p26_wt_many,32,64,1,0,64,0,3600000000000,8,1,0,32768,42,134217728,2097152,ctx,12504832,0,0,0,0,0,0,848,204.667522
41,bench_p26_wt,bench_p26_wt_many,32,64,1,0,64,0,3600000000000,8,1,0,32768,42,134217728,2097152,heap,12504832,0,0,0,0,0,0,1296,204.667573
41,bench_p26_wt,bench_p26_wt_many,32,64,1,0,64,0,3600000000000,8,1,0,32768,42,134217728,2097152,usage,12504832,0,0,0,0,0,0,34340864,204.667620
38,bench_p26_wt,bench_p26_wt_many,32,64,1,0,64,0,3600000000000,1,1,0,32768,42,134217728,2097152,write,13886336,131426228,288678,1183,15411009979,147803136,155058176,3600002231521,222.487366
38,bench_p26_wt,bench_p26_wt_many,32,64,1,0,64,0,3600000000000,1,1,0,32768,42,134217728,2097152,stack,13886336,0,0,0,0,0,0,3312,222.487477
38,bench_p26_wt,bench_p26_wt_many,32,64,1,0,64,0,3600000000000,1,1,0,32768,42,134217728,2097152,ctx,13886336,0,0,0,0,0,0,848,222.487533
38,bench_p26_wt,bench_p26_wt_many,32,64,1,0,64,0,3600000000000,1,1,0,32768,42,134217728,2097152,heap,13886336,0,0,0,0,0,0,1296,222.487581
38,bench_p26_wt,bench_p26_wt_many,32,64,1,0,64,0,3600000000000,1,1,0,32768,42,134217728,2097152,usage,13886336,0,0,0,0,0,0,34340864,222.487629
42,bench_p26_wt,bench_p26_wt_many,32,64,1,0,64,0,3600000000000,16,1,0,32768,42,134217728,2097152,write,14896448,129383874,309312,1261,17762775328,158367744,165281792,3600002491744,223.543285
42,bench_p26_wt,bench_p26_wt_many,32,64,1,0,64,0,3600000000000,16,1,0,32768,42,134217728,2097152,stack,14896448,0,0,0,0,0,0,3312,223.543386
42,bench_p26_wt,bench_p26_wt_many,32,64,1,0,64,0,3600000000000,16,1,0,32768,42,134217728,2097152,ctx,14896448,0,0,0,0,0,0,848,223.543440
42,bench_p26_wt,bench_p26_wt_many,32,64,1,0,64,0,3600000000000,16,1,0,32768,42,134217728,2097152,heap,14896448,0,0,0,0,0,0,1296,223.543487
42,bench_p26_wt,bench_p26_wt_many,32,64,1,0,64,0,3600000000000,16,1,0,32768,42,134217728,2097152,usage,14896448,0,0,0,0,0,0,34340864,223.543533
44,bench_p26_wt,bench_p26_wt_many,32,64,1,0,64,0,3600000000000,64,1,0,32768,42,134217728,2097152,write,16784384,125939849,348396,1415,21669349632,178378752,185466880,3600035402496,231.505452
44,bench_p26_wt,bench_p26_wt_many,32,64,1,0,64,0,3600000000000,64,1,0,32768,42,134217728,2097152,stack,16784384,0,0,0,0,0,0,3264,231.505561
44,bench_p26_wt,bench_p26_wt_many,32,64,1,0,64,0,3600000000000,64,1,0,32768,42,134217728,2097152,ctx,16784384,0,0,0,0,0,0,848,231.505617
44,bench_p26_wt,bench_p26_wt_many,32,64,1,0,64,0,3600000000000,64,1,0,32768,42,134217728,2097152,heap,16784384,0,0,0,0,0,0,1296,231.505666
44,bench_p26_wt,bench_p26_wt_many,32,64,1,0,64,0,3600000000000,64,1,0,32768,42,134217728,2097152,usage,16784384,0,0,0,0,0,0,34340864,231.505725
45,bench_p26_wt,bench_p26_wt_many,32,64,1,0,64,0,3600000000000,128,1,0,32768,42,134217728,2097152,write,16859328,123196170,349816,1419,25196851584,179105792,185991168,3600005758080,232.976608
45,bench_p26_wt,bench_p26_wt_many,32,64,1,0,64,0,3600000000000,128,1,0,32768,42,134217728,2097152,stack,16859328,0,0,0,0,0,0,3264,232.976707
45,bench_p26_wt,bench_p26_wt_many,32,64,1,0,64,0,3600000000000,128,1,0,32768,42,134217728,2097152,ctx,16859328,0,0,0,0,0,0,848,232.976759
45,bench_p26_wt,bench_p26_wt_many,32,64,1,0,64,0,3600000000000,128,1,0,32768,42,134217728,2097152,heap,16859328,0,0,0,0,0,0,1296,232.976806
45,bench_p26_wt,bench_p26_wt_many,32,64,1,0,64,0,3600000000000,128,1,0,32768,42,134217728,2097152,usage,16859328,0,0,0,0,0,0,34340864,232.976850
46,bench_p26_wt,bench_p26_wt_many,32,64,1,0,64,0,3600000000000,256,1,0,32768,42,134217728,2097152,write,16852416,119104419,349708,1419,30490731264,179050496,185991168,3600002564352,245.259606
46,bench_p26_wt,bench_p26_wt_many,32,64,1,0,64,0,3600000000000,256,1,0,32768,42,134217728,2097152,stack,16852416,0,0,0,0,0,0,3264,245.259715
46,bench_p26_wt,bench_p26_wt_many,32,64,1,0,64,0,3600000000000,256,1,0,32768,42,134217728,2097152,ctx,16852416,0,0,0,0,0,0,848,245.259773
46,bench_p26_wt,bench_p26_wt_many,32,64,1,0,64,0,3600000000000,256,1,0,32768,42,134217728,2097152,heap,16852416,0,0,0,0,0,0,1296,245.259820
46,bench_p26_wt,bench_p26_wt_many,32,64,1,0,64,0,3600000000000,256,1,0,32768,42,134217728,2097152,usage,16852416,0,0,0,0,0,0,34340864,245.259862
43,bench_p26_wt,bench_p26_wt_many,32,64,1,0,64,0,3600000000000,32,1,0,32768,42,134217728,2097152,write,16320640,127671098,339135,1383,19558505152,173637120,181272576,3600009610816,245.863756
43,bench_p26_wt,bench_p26_wt_many,32,64,1,0,64,0,3600000000000,32,1,0,32768,42,134217728,2097152,stack,16320640,0,0,0,0,0,0,3264,245.863844
43,bench_p26_wt,bench_p26_wt_many,32,64,1,0,64,0,3600000000000,32,1,0,32768,42,134217728,2097152,ctx,16320640,0,0,0,0,0,0,848,245.863887
43,bench_p26_wt,bench_p26_wt_many,32,64,1,0,64,0,3600000000000,32,1,0,32768,42,134217728,2097152,heap,16320640,0,0,0,0,0,0,1296,245.863925
43,bench_p26_wt,bench_p26_wt_many,32,64,1,0,64,0,3600000000000,32,1,0,32768,42,134217728,2097152,usage,16320640,0,0,0,0,0,0,34340864,245.863959
47,bench_p26_wt,bench_p26_wt_many,32,64,1,0,64,0,3600000000000,512,1,0,32768,42,134217728,2097152,write,19303616,101822512,400293,1617,52133126144,204950016,211943424,3600008261120,265.160320
47,bench_p26_wt,bench_p26_wt_many,32,64,1,0,64,0,3600000000000,512,1,0,32768,42,134217728,2097152,stack,19303616,0,0,0,0,0,0,3264,265.160414
47,bench_p26_wt,bench_p26_wt_many,32,64,1,0,64,0,3600000000000,512,1,0,32768,42,134217728,2097152,ctx,19303616,0,0,0,0,0,0,848,265.160459
47,bench_p26_wt,bench_p26_wt_many,32,64,1,0,64,0,3600000000000,512,1,0,32768,42,134217728,2097152,heap,19303616,0,0,0,0,0,0,1552,265.160498
47,bench_p26_wt,bench_p26_wt_many,32,64,1,0,64,0,3600000000000,512,1,0,32768,42,134217728,2097152,usage,19303616,0,0,0,0,0,0,34340864,265.160537
49,bench_p26_wt,bench_p26_wt_many,32,64,1,0,64,0,3600000000000,2048,1,0,32768,42,134217728,2097152,write,21732480,54810034,450614,1817,112250949632,230714368,238157824,3600323990528,275.069122
49,bench_p26_wt,bench_p26_wt_many,32,64,1,0,64,0,3600000000000,2048,1,0,32768,42,134217728,2097152,stack,21732480,0,0,0,0,0,0,3248,275.069213
49,bench_p26_wt,bench_p26_wt_many,32,64,1,0,64,0,3600000000000,2048,1,0,32768,42,134217728,2097152,ctx,21732480,0,0,0,0,0,0,848,275.069255
49,bench_p26_wt,bench_p26_wt_many,32,64,1,0,64,0,3600000000000,2048,1,0,32768,42,134217728,2097152,heap,21732480,0,0,0,0,0,0,4624,275.069293
49,bench_p26_wt,bench_p26_wt_many,32,64,1,0,64,0,3600000000000,2048,1,0,32768,42,134217728,2097152,usage,21732480,0,0,0,0,0,0,34340864,275.069328
48,bench_p26_wt,bench_p26_wt_many,32,64,1,0,64,0,3600000000000,1024,1,0,32768,42,134217728,2097152,write,22209664,78963482,460140,1851,80858605568,235591680,242614272,3600004235264,278.438740
48,bench_p26_wt,bench_p26_wt_many,32,64,1,0,64,0,3600000000000,1024,1,0,32768,42,134217728,2097152,stack,22209664,0,0,0,0,0,0,3248,278.438828
48,bench_p26_wt,bench_p26_wt_many,32,64,1,0,64,0,3600000000000,1024,1,0,32768,42,134217728,2097152,ctx,22209664,0,0,0,0,0,0,848,278.438869
48,bench_p26_wt,bench_p26_wt_many,32,64,1,0,64,0,3600000000000,1024,1,0,32768,42,134217728,2097152,heap,22209664,0,0,0,0,0,0,2576,278.438907
48,bench_p26_wt,bench_p26_wt_many,32,64,1,0,64,0,3600000000000,1024,1,0,32768,42,134217728,2097152,usage,22209664,0,0,0,0,0,0,34340864,278.438943
50,bench_p26_wt,bench_p26_wt_many,32,64,1,0,64,0,3600000000000,4096,1,0,32768,42,134217728,2097152,write,14476416,55436120,300731,1229,113533173760,153974272,161087488,3600009654784,92.358047
50,bench_p26_wt,bench_p26_wt_many,32,64,1,0,64,0,3600000000000,4096,1,0,32768,42,134217728,2097152,stack,14476416,0,0,0,0,0,0,3248,92.358122
50,bench_p26_wt,bench_p26_wt_many,32,64,1,0,64,0,3600000000000,4096,1,0,32768,42,134217728,2097152,ctx,14476416,0,0,0,0,0,0,848,92.358155
50,bench_p26_wt,bench_p26_wt_many,32,64,1,0,64,0,3600000000000,4096,1,0,32768,42,134217728,2097152,heap,14476416,0,0,0,0,0,0,8720,92.358183
50,bench_p26_wt,bench_p26_wt_many,32,64,1,0,64,0,3600000000000,4096,1,0,32768,42,134217728,2097152,usage,14476416,0,0,0,0,0,0,34340864,92.358211
52,bench_p26_wt,bench_p26_wt_logging,32,64,1,0,64,0,3600000000000,2,1,0,32768,42,134217728,2097152,write,67866112,108266662,3345054,13095,2377488584,1712667648,1716387840,3600002083544,44.919782
52,bench_p26_wt,bench_p26_wt_logging,32,64,1,0,64,0,3600000000000,2,1,0,32768,42,134217728,2097152,stack,67866112,0,0,0,0,0,0,3296,44.919907
52,bench_p26_wt,bench_p26_wt_logging,32,64,1,0,64,0,3600000000000,2,1,0,32768,42,134217728,2097152,ctx,67866112,0,0,0,0,0,0,624,44.919963
52,bench_p26_wt,bench_p26_wt_logging,32,64,1,0,64,0,3600000000000,2,1,0,32768,42,134217728,2097152,heap,67866112,0,0,0,0,0,0,1296,44.920012
52,bench_p26_wt,bench_p26_wt_logging,32,64,1,0,64,0,3600000000000,2,1,0,32768,42,134217728,2097152,usage,67866112,0,0,0,0,0,0,3801088,44.920056
53,bench_p26_wt,bench_p26_wt_logging,32,64,1,0,64,0,3600000000000,4,1,0,32768,42,134217728,2097152,write,71045248,106474467,3501527,13707,2494488032,1792781824,1796603904,3600001216928,46.378398
53,bench_p26_wt,bench_p26_wt_logging,32,64,1,0,64,0,3600000000000,4,1,0,32768,42,134217728,2097152,stack,71045248,0,0,0,0,0,0,3296,46.378500
53,bench_p26_wt,bench_p26_wt_logging,32,64,1,0,64,0,3600000000000,4,1,0,32768,42,134217728,2097152,ctx,71045248,0,0,0,0,0,0,624,46.378554
53,bench_p26_wt,bench_p26_wt_logging,32,64,1,0,64,0,3600000000000,4,1,0,32768,42,134217728,2097152,heap,71045248,0,0,0,0,0,0,1296,46.378600
53,bench_p26_wt,bench_p26_wt_logging,32,64,1,0,64,0,3600000000000,4,1,0,32768,42,134217728,2097152,usage,71045248,0,0,0,0,0,0,4849664,46.378645
54,bench_p26_wt,bench_p26_wt_logging,32,64,1,0,64,0,3600000000000,8,1,0,32768,42,134217728,2097152,write,87696704,97000448,4322243,16919,3203696072,2212988416,2217607168,3600002469848,53.605826
54,bench_p26_wt,bench_p26_wt_logging,32,64,1,0,64,0,3600000000000,8,1,0,32768,42,134217728,2097152,stack,87696704,0,0,0,0,0,0,3296,53.605933
54,bench_p26_wt,bench_p26_wt_logging,32,64,1,0,64,0,3600000000000,8,1,0,32768,42,134217728,2097152,ctx,87696704,0,0,0,0,0,0,624,53.605986
54,bench_p26_wt,bench_p26_wt_logging,32,64,1,0,64,0,3600000000000,8,1,0,32768,42,134217728,2097152,heap,87696704,0,0,0,0,0,0,1296,53.606032
54,bench_p26_wt,bench_p26_wt_logging,32,64,1,0,64,0,3600000000000,8,1,0,32768,42,134217728,2097152,usage,87696704,0,0,0,0,0,0,4718592,53.606076
62,bench_p26_wt,bench_p26_wt_logging,32,64,1,0,64,0,3600000000000,2048,1,0,32768,42,134217728,2097152,write,148084928,25975440,7298975,28572,53197701120,3737075200,3744989184,3600000698880,64.854863
62,bench_p26_wt,bench_p26_wt_logging,32,64,1,0,64,0,3600000000000,2048,1,0,32768,42,134217728,2097152,stack,148084928,0,0,0,0,0,0,3296,64.854972
62,bench_p26_wt,bench_p26_wt_logging,32,64,1,0,64,0,3600000000000,2048,1,0,32768,42,134217728,2097152,ctx,148084928,0,0,0,0,0,0,624,64.855025
62,bench_p26_wt,bench_p26_wt_logging,32,64,1,0,64,0,3600000000000,2048,1,0,32768,42,134217728,2097152,heap,148084928,0,0,0,0,0,0,4624,64.855086
62,bench_p26_wt,bench_p26_wt_logging,32,64,1,0,64,0,3600000000000,2048,1,0,32768,42,134217728,2097152,usage,148084928,0,0,0,0,0,0,4325376,64.855132
51,bench_p26_wt,bench_p26_wt_logging,32,64,1,0,64,0,3600000000000,1,1,0,32768,42,134217728,2097152,write,119645248,79254051,5897133,23086,4003651349,3019332096,3025928192,3600007228559,65.642003
51,bench_p26_wt,bench_p26_wt_logging,32,64,1,0,64,0,3600000000000,1,1,0,32768,42,134217728,2097152,stack,119645248,0,0,0,0,0,0,3296,65.642103
51,bench_p26_wt,bench_p26_wt_logging,32,64,1,0,64,0,3600000000000,1,1,0,32768,42,134217728,2097152,ctx,119645248,0,0,0,0,0,0,624,65.642155
51,bench_p26_wt,bench_p26_wt_logging,32,64,1,0,64,0,3600000000000,1,1,0,32768,42,134217728,2097152,heap,119645248,0,0,0,0,0,0,1296,65.642208
51,bench_p26_wt,bench_p26_wt_logging,32,64,1,0,64,0,3600000000000,1,1,0,32768,42,134217728,2097152,usage,119645248,0,0,0,0,0,0,3014656,65.642249
55,bench_p26_wt,bench_p26_wt_logging,32,64,1,0,64,0,3600000000000,16,1,0,32768,42,134217728,2097152,write,116444288,80640488,5739396,22469,4428926368,2938570752,2945056768,3600001456864,65.944142
55,bench_p26_wt,bench_p26_wt_logging,32,64,1,0,64,0,3600000000000,16,1,0,32768,42,134217728,2097152,stack,116444288,0,0,0,0,0,0,3296,65.944242
55,bench_p26_wt,bench_p26_wt_logging,32,64,1,0,64,0,3600000000000,16,1,0,32768,42,134217728,2097152,ctx,116444288,0,0,0,0,0,0,624,65.944293
55,bench_p26_wt,bench_p26_wt_logging,32,64,1,0,64,0,3600000000000,16,1,0,32768,42,134217728,2097152,heap,116444288,0,0,0,0,0,0,1296,65.944337
55,bench_p26_wt,bench_p26_wt_logging,32,64,1,0,64,0,3600000000000,16,1,0,32768,42,134217728,2097152,usage,116444288,0,0,0,0,0,0,4194304,65.944379
56,bench_p26_wt,bench_p26_wt_logging,32,64,1,0,64,0,3600000000000,32,1,0,32768,42,134217728,2097152,write,148439424,62425977,7316389,28641,5804881984,3745991168,3754033152,3600001587904,67.679226
56,bench_p26_wt,bench_p26_wt_logging,32,64,1,0,64,0,3600000000000,32,1,0,32768,42,134217728,2097152,stack,148439424,0,0,0,0,0,0,3296,67.679333
56,bench_p26_wt,bench_p26_wt_logging,32,64,1,0,64,0,3600000000000,32,1,0,32768,42,134217728,2097152,ctx,148439424,0,0,0,0,0,0,624,67.687618
56,bench_p26_wt,bench_p26_wt_logging,32,64,1,0,64,0,3600000000000,32,1,0,32768,42,134217728,2097152,heap,148439424,0,0,0,0,0,0,1296,67.687678
56,bench_p26_wt,bench_p26_wt_logging,32,64,1,0,64,0,3600000000000,32,1,0,32768,42,134217728,2097152,usage,148439424,0,0,0,0,0,0,4718592,67.687725
58,bench_p26_wt,bench_p26_wt_logging,32,64,1,0,64,0,3600000000000,128,1,0,32768,42,134217728,2097152,write,169495040,48980114,8354213,32704,8597170816,4277357056,4286578688,3600000234880,73.601184
58,bench_p26_wt,bench_p26_wt_logging,32,64,1,0,64,0,3600000000000,128,1,0,32768,42,134217728,2097152,stack,169495040,0,0,0,0,0,0,3296,73.601296
58,bench_p26_wt,bench_p26_wt_logging,32,64,1,0,64,0,3600000000000,128,1,0,32768,42,134217728,2097152,ctx,169495040,0,0,0,0,0,0,624,73.601347
58,bench_p26_wt,bench_p26_wt_logging,32,64,1,0,64,0,3600000000000,128,1,0,32768,42,134217728,2097152,heap,169495040,0,0,0,0,0,0,1296,73.601393
58,bench_p26_wt,bench_p26_wt_logging,32,64,1,0,64,0,3600000000000,128,1,0,32768,42,134217728,2097152,usage,169495040,0,0,0,0,0,0,4849664,73.601434
61,bench_p26_wt,bench_p26_wt_logging,32,64,1,0,64,0,3600000000000,1024,1,0,32768,42,134217728,2097152,write,162810112,33047453,8024736,31414,33840591872,4108664832,4117495808,3600000957440,76.103486
61,bench_p26_wt,bench_p26_wt_logging,32,64,1,0,64,0,3600000000000,1024,1,0,32768,42,134217728,2097152,stack,162810112,0,0,0,0,0,0,3296,76.103576
61,bench_p26_wt,bench_p26_wt_logging,32,64,1,0,64,0,3600000000000,1024,1,0,32768,42,134217728,2097152,ctx,162810112,0,0,0,0,0,0,624,76.103618
61,bench_p26_wt,bench_p26_wt_logging,32,64,1,0,64,0,3600000000000,1024,1,0,32768,42,134217728,2097152,heap,162810112,0,0,0,0,0,0,2576,76.103651
61,bench_p26_wt,bench_p26_wt_logging,32,64,1,0,64,0,3600000000000,1024,1,0,32768,42,134217728,2097152,usage,162810112,0,0,0,0,0,0,4456448,76.103695
57,bench_p26_wt,bench_p26_wt_logging,32,64,1,0,64,0,3600000000000,64,1,0,32768,42,134217728,2097152,write,169659008,50303752,8362270,32736,6771710400,4281482240,4290772992,3600000597312,77.450701
57,bench_p26_wt,bench_p26_wt_logging,32,64,1,0,64,0,3600000000000,64,1,0,32768,42,134217728,2097152,stack,169659008,0,0,0,0,0,0,3296,77.450797
57,bench_p26_wt,bench_p26_wt_logging,32,64,1,0,64,0,3600000000000,64,1,0,32768,42,134217728,2097152,ctx,169659008,0,0,0,0,0,0,624,77.450840
57,bench_p26_wt,bench_p26_wt_logging,32,64,1,0,64,0,3600000000000,64,1,0,32768,42,134217728,2097152,heap,169659008,0,0,0,0,0,0,1296,77.450878
57,bench_p26_wt,bench_p26_wt_logging,32,64,1,0,64,0,3600000000000,64,1,0,32768,42,134217728,2097152,usage,169659008,0,0,0,0,0,0,4980736,77.450914
59,bench_p26_wt,bench_p26_wt_logging,32,64,1,0,64,0,3600000000000,256,1,0,32768,42,134217728,2097152,write,167913472,47143112,8276352,32399,12068636672,4237492224,4246601728,3600000800768,77.803103
59,bench_p26_wt,bench_p26_wt_logging,32,64,1,0,64,0,3600000000000,256,1,0,32768,42,134217728,2097152,stack,167913472,0,0,0,0,0,0,3296,77.803180
59,bench_p26_wt,bench_p26_wt_logging,32,64,1,0,64,0,3600000000000,256,1,0,32768,42,134217728,2097152,ctx,167913472,0,0,0,0,0,0,624,77.803217
59,bench_p26_wt,bench_p26_wt_logging,32,64,1,0,64,0,3600000000000,256,1,0,32768,42,134217728,2097152,heap,167913472,0,0,0,0,0,0,1296,77.803247
59,bench_p26_wt,bench_p26_wt_logging,32,64,1,0,64,0,3600000000000,256,1,0,32768,42,134217728,2097152,usage,167913472,0,0,0,0,0,0,3014656,77.803275
60,bench_p26_wt,bench_p26_wt_logging,32,64,1,0,64,0,3600000000000,512,1,0,32768,42,134217728,2097152,write,174233344,38031754,8587822,33619,19472258048,4396964864,4406509568,3600000118784,78.929626
60,bench_p26_wt,bench_p26_wt_logging,32,64,1,0,64,0,3600000000000,512,1,0,32768,42,134217728,2097152,stack,174233344,0,0,0,0,0,0,3296,78.929702
60,bench_p26_wt,bench_p26_wt_logging,32,64,1,0,64,0,3600000000000,512,1,0,32768,42,134217728,2097152,ctx,174233344,0,0,0,0,0,0,624,78.929735
60,bench_p26_wt,bench_p26_wt_logging,32,64,1,0,64,0,3600000000000,512,1,0,32768,42,134217728,2097152,heap,174233344,0,0,0,0,0,0,1552,78.929763
60,bench_p26_wt,bench_p26_wt_logging,32,64,1,0,64,0,3600000000000,512,1,0,32768,42,134217728,2097152,usage,174233344,0,0,0,0,0,0,3145728,78.929790
63,bench_p26_wt,bench_p26_wt_logging,32,64,1,0,64,0,3600000000000,4096,1,0,32768,42,134217728,2097152,write,112310528,33399388,5535537,21669,68401946624,2834194944,2840199168,3600000169472,27.906886
63,bench_p26_wt,bench_p26_wt_logging,32,64,1,0,64,0,3600000000000,4096,1,0,32768,42,134217728,2097152,stack,112310528,0,0,0,0,0,0,3296,27.906958
63,bench_p26_wt,bench_p26_wt_logging,32,64,1,0,64,0,3600000000000,4096,1,0,32768,42,134217728,2097152,ctx,112310528,0,0,0,0,0,0,624,27.906990
63,bench_p26_wt,bench_p26_wt_logging,32,64,1,0,64,0,3600000000000,4096,1,0,32768,42,134217728,2097152,heap,112310528,0,0,0,0,0,0,8720,27.907026
63,bench_p26_wt,bench_p26_wt_logging,32,64,1,0,64,0,3600000000000,4096,1,0,32768,42,134217728,2097152,usage,112310528,0,0,0,0,0,0,4194304,27.907054
