i,suite,case,SKIP_WARMUP,CHUNK,FS,SEED,SIM_TIME,SIM_SIZE,FILE_SIZE,FILE_COUNT,SIZE,PROG_SIZE,NO_FRUNCATE,DISK_GEOMETRY,NO_SET,DISK_SIZE,probe,n,bench_reads,bench_progs,bench_erases,bench_readed,bench_progged,bench_erased,bench_simtime,bench_runtime
12,bench_p26_wt,bench_p26_wt_linear,0,64,2,42,3600000000000,0,64,32768,2097152,1,0,1,0,134217728,write,3167761408,13699152,12375581,25679,3186277682,3167948784,3365797888,3600000797062,48.428396
12,bench_p26_wt,bench_p26_wt_linear,0,64,2,42,3600000000000,0,64,32768,2097152,1,0,1,0,134217728,stack,3167761408,0,0,0,0,0,0,1536,48.428628
12,bench_p26_wt,bench_p26_wt_linear,0,64,2,42,3600000000000,0,64,32768,2097152,1,0,1,0,134217728,ctx,3167761408,0,0,0,0,0,0,400,48.428690
12,bench_p26_wt,bench_p26_wt_linear,0,64,2,42,3600000000000,0,64,32768,2097152,1,0,1,0,134217728,heap,3167761408,0,0,0,0,0,0,784,48.428744
12,bench_p26_wt,bench_p26_wt_linear,0,64,2,42,3600000000000,0,64,32768,2097152,1,0,1,0,134217728,usage,3167761408,0,0,0,0,0,0,1441792,48.428793
17,bench_p26_wt,bench_p26_wt_linear,0,64,2,42,3600000000000,0,64,32768,2097152,32,0,1,0,134217728,write,3167910592,13692900,12376163,25680,3186431340,3168104032,3365928960,3600000399396,48.800411
17,bench_p26_wt,bench_p26_wt_linear,0,64,2,42,3600000000000,0,64,32768,2097152,32,0,1,0,134217728,stack,3167910592,0,0,0,0,0,0,1536,48.800589
17,bench_p26_wt,bench_p26_wt_linear,0,64,2,42,3600000000000,0,64,32768,2097152,32,0,1,0,134217728,ctx,3167910592,0,0,0,0,0,0,400,48.800651
17,bench_p26_wt,bench_p26_wt_linear,0,64,2,42,3600000000000,0,64,32768,2097152,32,0,1,0,134217728,heap,3167910592,0,0,0,0,0,0,784,48.800705
17,bench_p26_wt,bench_p26_wt_linear,0,64,2,42,3600000000000,0,64,32768,2097152,32,0,1,0,134217728,usage,3167910592,0,0,0,0,0,0,1572864,48.800756
15,bench_p26_wt,bench_p26_wt_linear,0,64,2,42,3600000000000,0,64,32768,2097152,8,0,1,0,134217728,write,3167901632,13693266,12376128,25680,3186423960,3168095056,3365928960,3600000338488,50.314541
15,bench_p26_wt,bench_p26_wt_linear,0,64,2,42,3600000000000,0,64,32768,2097152,8,0,1,0,134217728,stack,3167901632,0,0,0,0,0,0,1536,50.314727
15,bench_p26_wt,bench_p26_wt_linear,0,64,2,42,3600000000000,0,64,32768,2097152,8,0,1,0,134217728,ctx,3167901632,0,0,0,0,0,0,400,50.314786
15,bench_p26_wt,bench_p26_wt_linear,0,64,2,42,3600000000000,0,64,32768,2097152,8,0,1,0,134217728,heap,3167901632,0,0,0,0,0,0,784,50.314837
15,bench_p26_wt,bench_p26_wt_linear,0,64,2,42,3600000000000,0,64,32768,2097152,8,0,1,0,134217728,usage,3167901632,0,0,0,0,0,0,1572864,50.314892
14,bench_p26_wt,bench_p26_wt_linear,0,64,2,42,3600000000000,0,64,32768,2097152,4,0,1,0,134217728,write,3167901888,13693267,12376129,25680,3186418164,3168089268,3365928960,3600000392824,50.398896
14,bench_p26_wt,bench_p26_wt_linear,0,64,2,42,3600000000000,0,64,32768,2097152,4,0,1,0,134217728,stack,3167901888,0,0,0,0,0,0,1536,50.399055
14,bench_p26_wt,bench_p26_wt_linear,0,64,2,42,3600000000000,0,64,32768,2097152,4,0,1,0,134217728,ctx,3167901888,0,0,0,0,0,0,400,50.399113
14,bench_p26_wt,bench_p26_wt_linear,0,64,2,42,3600000000000,0,64,32768,2097152,4,0,1,0,134217728,heap,3167901888,0,0,0,0,0,0,784,50.399163
14,bench_p26_wt,bench_p26_wt_linear,0,64,2,42,3600000000000,0,64,32768,2097152,4,0,1,0,134217728,usage,3167901888,0,0,0,0,0,0,1572864,50.399212
18,bench_p26_wt,bench_p26_wt_linear,0,64,2,42,3600000000000,0,64,32768,2097152,64,0,1,0,134217728,write,3196362240,12514377,12487317,25911,3196771968,3196557504,3396206592,3600000764352,50.950371
18,bench_p26_wt,bench_p26_wt_linear,0,64,2,42,3600000000000,0,64,32768,2097152,64,0,1,0,134217728,stack,3196362240,0,0,0,0,0,0,1856,50.950478
18,bench_p26_wt,bench_p26_wt_linear,0,64,2,42,3600000000000,0,64,32768,2097152,64,0,1,0,134217728,ctx,3196362240,0,0,0,0,0,0,400,50.950536
18,bench_p26_wt,bench_p26_wt_linear,0,64,2,42,3600000000000,0,64,32768,2097152,64,0,1,0,134217728,heap,3196362240,0,0,0,0,0,0,784,50.950587
18,bench_p26_wt,bench_p26_wt_linear,0,64,2,42,3600000000000,0,64,32768,2097152,64,0,1,0,134217728,usage,3196362240,0,0,0,0,0,0,655360,50.950644
16,bench_p26_wt,bench_p26_wt_linear,0,64,2,42,3600000000000,0,64,32768,2097152,16,0,1,0,134217728,write,3168042176,13687355,12376678,25681,3186615444,3168235616,3366060032,3600000765468,51.413385
16,bench_p26_wt,bench_p26_wt_linear,0,64,2,42,3600000000000,0,64,32768,2097152,16,0,1,0,134217728,stack,3168042176,0,0,0,0,0,0,1536,51.413510
16,bench_p26_wt,bench_p26_wt_linear,0,64,2,42,3600000000000,0,64,32768,2097152,16,0,1,0,134217728,ctx,3168042176,0,0,0,0,0,0,400,51.413567
16,bench_p26_wt,bench_p26_wt_linear,0,64,2,42,3600000000000,0,64,32768,2097152,16,0,1,0,134217728,heap,3168042176,0,0,0,0,0,0,784,51.413617
16,bench_p26_wt,bench_p26_wt_linear,0,64,2,42,3600000000000,0,64,32768,2097152,16,0,1,0,134217728,usage,3168042176,0,0,0,0,0,0,1703936,51.413664
19,bench_p26_wt,bench_p26_wt_linear,0,64,2,42,3600000000000,0,64,32768,2097152,128,0,1,0,134217728,write,3196325376,12515849,12487173,25911,3196792720,3196520832,3396206592,3600000658480,51.440650
19,bench_p26_wt,bench_p26_wt_linear,0,64,2,42,3600000000000,0,64,32768,2097152,128,0,1,0,134217728,stack,3196325376,0,0,0,0,0,0,1856,51.440733
19,bench_p26_wt,bench_p26_wt_linear,0,64,2,42,3600000000000,0,64,32768,2097152,128,0,1,0,134217728,ctx,3196325376,0,0,0,0,0,0,400,51.440785
19,bench_p26_wt,bench_p26_wt_linear,0,64,2,42,3600000000000,0,64,32768,2097152,128,0,1,0,134217728,heap,3196325376,0,0,0,0,0,0,784,51.440829
19,bench_p26_wt,bench_p26_wt_linear,0,64,2,42,3600000000000,0,64,32768,2097152,128,0,1,0,134217728,usage,3196325376,0,0,0,0,0,0,655360,51.440873
13,bench_p26_wt,bench_p26_wt_linear,0,64,2,42,3600000000000,0,64,32768,2097152,2,0,1,0,134217728,write,3167761408,13699151,12375581,25679,3186277686,3167948784,3365797888,3600000772562,51.502391
13,bench_p26_wt,bench_p26_wt_linear,0,64,2,42,3600000000000,0,64,32768,2097152,2,0,1,0,134217728,stack,3167761408,0,0,0,0,0,0,1536,51.502486
13,bench_p26_wt,bench_p26_wt_linear,0,64,2,42,3600000000000,0,64,32768,2097152,2,0,1,0,134217728,ctx,3167761408,0,0,0,0,0,0,400,51.502543
13,bench_p26_wt,bench_p26_wt_linear,0,64,2,42,3600000000000,0,64,32768,2097152,2,0,1,0,134217728,heap,3167761408,0,0,0,0,0,0,784,51.502595
13,bench_p26_wt,bench_p26_wt_linear,0,64,2,42,3600000000000,0,64,32768,2097152,2,0,1,0,134217728,usage,3167761408,0,0,0,0,0,0,1441792,51.502642
20,bench_p26_wt,bench_p26_wt_linear,0,64,2,42,3600000000000,0,64,32768,2097152,256,0,1,0,134217728,write,3196309760,12516194,12487112,25910,3197076496,3196700672,3396075520,3600000738608,51.541428
20,bench_p26_wt,bench_p26_wt_linear,0,64,2,42,3600000000000,0,64,32768,2097152,256,0,1,0,134217728,stack,3196309760,0,0,0,0,0,0,1856,51.541520
20,bench_p26_wt,bench_p26_wt_linear,0,64,2,42,3600000000000,0,64,32768,2097152,256,0,1,0,134217728,ctx,3196309760,0,0,0,0,0,0,400,51.541566
20,bench_p26_wt,bench_p26_wt_linear,0,64,2,42,3600000000000,0,64,32768,2097152,256,0,1,0,134217728,heap,3196309760,0,0,0,0,0,0,784,51.541603
20,bench_p26_wt,bench_p26_wt_linear,0,64,2,42,3600000000000,0,64,32768,2097152,256,0,1,0,134217728,usage,3196309760,0,0,0,0,0,0,524288,51.541662
21,bench_p26_wt,bench_p26_wt_linear,0,64,2,42,3600000000000,0,64,32768,2097152,512,0,1,0,134217728,write,6098520064,11970011,11914082,49437,6101224852,6100009984,6479806464,3600000421372,68.831732
21,bench_p26_wt,bench_p26_wt_linear,0,64,2,42,3600000000000,0,64,32768,2097152,512,0,1,0,134217728,stack,6098520064,0,0,0,0,0,0,1856,68.831830
21,bench_p26_wt,bench_p26_wt_linear,0,64,2,42,3600000000000,0,64,32768,2097152,512,0,1,0,134217728,ctx,6098520064,0,0,0,0,0,0,400,68.831874
21,bench_p26_wt,bench_p26_wt_linear,0,64,2,42,3600000000000,0,64,32768,2097152,512,0,1,0,134217728,heap,6098520064,0,0,0,0,0,0,1552,68.831910
21,bench_p26_wt,bench_p26_wt_linear,0,64,2,42,3600000000000,0,64,32768,2097152,512,0,1,0,134217728,usage,6098520064,0,0,0,0,0,0,393216,68.831944
22,bench_p26_wt,bench_p26_wt_linear,0,64,2,42,3600000000000,0,64,32768,2097152,1024,0,1,0,134217728,write,11169006528,11015651,10912561,90538,11178498220,11174462464,11866996736,3600000684228,99.086562
22,bench_p26_wt,bench_p26_wt_linear,0,64,2,42,3600000000000,0,64,32768,2097152,1024,0,1,0,134217728,stack,11169006528,0,0,0,0,0,0,1856,99.086651
22,bench_p26_wt,bench_p26_wt_linear,0,64,2,42,3600000000000,0,64,32768,2097152,1024,0,1,0,134217728,ctx,11169006528,0,0,0,0,0,0,400,99.086702
22,bench_p26_wt,bench_p26_wt_linear,0,64,2,42,3600000000000,0,64,32768,2097152,1024,0,1,0,134217728,heap,11169006528,0,0,0,0,0,0,3088,99.086736
22,bench_p26_wt,bench_p26_wt_linear,0,64,2,42,3600000000000,0,64,32768,2097152,1024,0,1,0,134217728,usage,11169006528,0,0,0,0,0,0,1966080,99.086767
23,bench_p26_wt,bench_p26_wt_linear,0,64,2,42,3600000000000,0,64,32768,2097152,2048,0,1,0,134217728,write,19112552384,9527543,9341416,154931,19144359960,19131219968,20307116032,3600000491976,139.880701
23,bench_p26_wt,bench_p26_wt_linear,0,64,2,42,3600000000000,0,64,32768,2097152,2048,0,1,0,134217728,stack,19112552384,0,0,0,0,0,0,1856,139.880788
23,bench_p26_wt,bench_p26_wt_linear,0,64,2,42,3600000000000,0,64,32768,2097152,2048,0,1,0,134217728,ctx,19112552384,0,0,0,0,0,0,400,139.880824
23,bench_p26_wt,bench_p26_wt_linear,0,64,2,42,3600000000000,0,64,32768,2097152,2048,0,1,0,134217728,heap,19112552384,0,0,0,0,0,0,6160,139.880853
23,bench_p26_wt,bench_p26_wt_linear,0,64,2,42,3600000000000,0,64,32768,2097152,2048,0,1,0,134217728,usage,19112552384,0,0,0,0,0,0,1572864,139.880882
24,bench_p26_wt,bench_p26_wt_linear,0,64,2,42,3600000000000,0,64,32768,2097152,4096,0,1,0,134217728,write,19091906496,9544541,9340432,154763,19154795124,19129204736,20285095936,3600002053788,109.092990
24,bench_p26_wt,bench_p26_wt_linear,0,64,2,42,3600000000000,0,64,32768,2097152,4096,0,1,0,134217728,stack,19091906496,0,0,0,0,0,0,1856,109.093103
24,bench_p26_wt,bench_p26_wt_linear,0,64,2,42,3600000000000,0,64,32768,2097152,4096,0,1,0,134217728,ctx,19091906496,0,0,0,0,0,0,400,109.093136
24,bench_p26_wt,bench_p26_wt_linear,0,64,2,42,3600000000000,0,64,32768,2097152,4096,0,1,0,134217728,heap,19091906496,0,0,0,0,0,0,12304,109.093162
24,bench_p26_wt,bench_p26_wt_linear,0,64,2,42,3600000000000,0,64,32768,2097152,4096,0,1,0,134217728,usage,19091906496,0,0,0,0,0,0,1835008,109.093186
29,bench_p26_wt,bench_p26_wt_random,0,64,2,42,3600000000000,0,64,32768,2097152,16,0,1,0,134217728,write,169600,23692778,11253006,22160,5775480077,2880507584,2904555520,3601936877623,263.517709
29,bench_p26_wt,bench_p26_wt_random,0,64,2,42,3600000000000,0,64,32768,2097152,16,0,1,0,134217728,stack,169600,0,0,0,0,0,0,1520,263.517838
29,bench_p26_wt,bench_p26_wt_random,0,64,2,42,3600000000000,0,64,32768,2097152,16,0,1,0,134217728,ctx,169600,0,0,0,0,0,0,384,263.517897
29,bench_p26_wt,bench_p26_wt_random,0,64,2,42,3600000000000,0,64,32768,2097152,16,0,1,0,134217728,heap,169600,0,0,0,0,0,0,784,263.517946
29,bench_p26_wt,bench_p26_wt_random,0,64,2,42,3600000000000,0,64,32768,2097152,16,0,1,0,134217728,usage,169600,0,0,0,0,0,0,2359296,263.517992
28,bench_p26_wt,bench_p26_wt_random,0,64,2,42,3600000000000,0,64,32768,2097152,8,0,1,0,134217728,write,169600,23698374,11253006,22160,5775421457,2880491864,2904555520,3602072992459,263.632956
28,bench_p26_wt,bench_p26_wt_random,0,64,2,42,3600000000000,0,64,32768,2097152,8,0,1,0,134217728,stack,169600,0,0,0,0,0,0,1520,263.633041
28,bench_p26_wt,bench_p26_wt_random,0,64,2,42,3600000000000,0,64,32768,2097152,8,0,1,0,134217728,ctx,169600,0,0,0,0,0,0,384,263.633096
28,bench_p26_wt,bench_p26_wt_random,0,64,2,42,3600000000000,0,64,32768,2097152,8,0,1,0,134217728,heap,169600,0,0,0,0,0,0,784,263.633144
28,bench_p26_wt,bench_p26_wt_random,0,64,2,42,3600000000000,0,64,32768,2097152,8,0,1,0,134217728,usage,169600,0,0,0,0,0,0,2359296,263.633190
26,bench_p26_wt,bench_p26_wt_random,0,64,2,42,3600000000000,0,64,32768,2097152,2,0,1,0,134217728,write,169600,23703910,11253006,22160,5775414469,2880484878,2904555520,3602208779689,264.331520
26,bench_p26_wt,bench_p26_wt_random,0,64,2,42,3600000000000,0,64,32768,2097152,2,0,1,0,134217728,stack,169600,0,0,0,0,0,0,1520,264.331622
26,bench_p26_wt,bench_p26_wt_random,0,64,2,42,3600000000000,0,64,32768,2097152,2,0,1,0,134217728,ctx,169600,0,0,0,0,0,0,384,264.331677
26,bench_p26_wt,bench_p26_wt_random,0,64,2,42,3600000000000,0,64,32768,2097152,2,0,1,0,134217728,heap,169600,0,0,0,0,0,0,784,264.331725
26,bench_p26_wt,bench_p26_wt_random,0,64,2,42,3600000000000,0,64,32768,2097152,2,0,1,0,134217728,usage,169600,0,0,0,0,0,0,2359296,264.331784
27,bench_p26_wt,bench_p26_wt_random,0,64,2,42,3600000000000,0,64,32768,2097152,4,0,1,0,134217728,write,169600,23698354,11253006,22160,5775416565,2880487384,2904555520,3602072322871,265.462815
27,bench_p26_wt,bench_p26_wt_random,0,64,2,42,3600000000000,0,64,32768,2097152,4,0,1,0,134217728,stack,169600,0,0,0,0,0,0,1520,265.462914
27,bench_p26_wt,bench_p26_wt_random,0,64,2,42,3600000000000,0,64,32768,2097152,4,0,1,0,134217728,ctx,169600,0,0,0,0,0,0,384,265.462967
27,bench_p26_wt,bench_p26_wt_random,0,64,2,42,3600000000000,0,64,32768,2097152,4,0,1,0,134217728,heap,169600,0,0,0,0,0,0,784,265.463014
27,bench_p26_wt,bench_p26_wt_random,0,64,2,42,3600000000000,0,64,32768,2097152,4,0,1,0,134217728,usage,169600,0,0,0,0,0,0,2359296,265.463058
32,bench_p26_wt,bench_p26_wt_random,0,64,2,42,3600000000000,0,64,32768,2097152,128,0,1,0,134217728,write,170816,22765555,11340861,22332,5804977126,2903104640,2927099904,3602428497810,265.521675
32,bench_p26_wt,bench_p26_wt_random,0,64,2,42,3600000000000,0,64,32768,2097152,128,0,1,0,134217728,stack,170816,0,0,0,0,0,0,1840,265.521759
32,bench_p26_wt,bench_p26_wt_random,0,64,2,42,3600000000000,0,64,32768,2097152,128,0,1,0,134217728,ctx,170816,0,0,0,0,0,0,384,265.521811
32,bench_p26_wt,bench_p26_wt_random,0,64,2,42,3600000000000,0,64,32768,2097152,128,0,1,0,134217728,heap,170816,0,0,0,0,0,0,784,265.521855
32,bench_p26_wt,bench_p26_wt_random,0,64,2,42,3600000000000,0,64,32768,2097152,128,0,1,0,134217728,usage,170816,0,0,0,0,0,0,2359296,265.521899
31,bench_p26_wt,bench_p26_wt_random,0,64,2,42,3600000000000,0,64,32768,2097152,64,0,1,0,134217728,write,170816,22764160,11340861,22332,5804857614,2903034624,2927099904,3602390613258,265.574480
31,bench_p26_wt,bench_p26_wt_random,0,64,2,42,3600000000000,0,64,32768,2097152,64,0,1,0,134217728,stack,170816,0,0,0,0,0,0,1840,265.574634
31,bench_p26_wt,bench_p26_wt_random,0,64,2,42,3600000000000,0,64,32768,2097152,64,0,1,0,134217728,ctx,170816,0,0,0,0,0,0,384,265.574685
31,bench_p26_wt,bench_p26_wt_random,0,64,2,42,3600000000000,0,64,32768,2097152,64,0,1,0,134217728,heap,170816,0,0,0,0,0,0,784,265.574731
31,bench_p26_wt,bench_p26_wt_random,0,64,2,42,3600000000000,0,64,32768,2097152,64,0,1,0,134217728,usage,170816,0,0,0,0,0,0,2359296,265.574774
30,bench_p26_wt,bench_p26_wt_random,0,64,2,42,3600000000000,0,64,32768,2097152,32,0,1,0,134217728,write,169600,23697999,11253006,22160,5775458009,2880530752,2904555520,3602065209819,265.690925
30,bench_p26_wt,bench_p26_wt_random,0,64,2,42,3600000000000,0,64,32768,2097152,32,0,1,0,134217728,stack,169600,0,0,0,0,0,0,1520,265.691003
30,bench_p26_wt,bench_p26_wt_random,0,64,2,42,3600000000000,0,64,32768,2097152,32,0,1,0,134217728,ctx,169600,0,0,0,0,0,0,384,265.691055
30,bench_p26_wt,bench_p26_wt_random,0,64,2,42,3600000000000,0,64,32768,2097152,32,0,1,0,134217728,heap,169600,0,0,0,0,0,0,784,265.691104
30,bench_p26_wt,bench_p26_wt_random,0,64,2,42,3600000000000,0,64,32768,2097152,32,0,1,0,134217728,usage,169600,0,0,0,0,0,0,2359296,265.691150
33,bench_p26_wt,bench_p26_wt_random,0,64,2,42,3600000000000,0,64,32768,2097152,256,0,1,0,134217728,write,170816,22765899,11340861,22332,5805222202,2903260416,2927099904,3602444568142,265.957937
33,bench_p26_wt,bench_p26_wt_random,0,64,2,42,3600000000000,0,64,32768,2097152,256,0,1,0,134217728,stack,170816,0,0,0,0,0,0,1840,265.958027
33,bench_p26_wt,bench_p26_wt_random,0,64,2,42,3600000000000,0,64,32768,2097152,256,0,1,0,134217728,ctx,170816,0,0,0,0,0,0,384,265.958073
33,bench_p26_wt,bench_p26_wt_random,0,64,2,42,3600000000000,0,64,32768,2097152,256,0,1,0,134217728,heap,170816,0,0,0,0,0,0,784,265.958114
33,bench_p26_wt,bench_p26_wt_random,0,64,2,42,3600000000000,0,64,32768,2097152,256,0,1,0,134217728,usage,170816,0,0,0,0,0,0,2359296,265.958155
25,bench_p26_wt,bench_p26_wt_random,0,64,2,42,3600000000000,0,64,32768,2097152,1,0,1,0,134217728,write,169600,23703895,11253006,22160,5775413218,2880483755,2904555520,3602208365943,276.141140
25,bench_p26_wt,bench_p26_wt_random,0,64,2,42,3600000000000,0,64,32768,2097152,1,0,1,0,134217728,stack,169600,0,0,0,0,0,0,1520,276.141235
25,bench_p26_wt,bench_p26_wt_random,0,64,2,42,3600000000000,0,64,32768,2097152,1,0,1,0,134217728,ctx,169600,0,0,0,0,0,0,384,276.141278
25,bench_p26_wt,bench_p26_wt_random,0,64,2,42,3600000000000,0,64,32768,2097152,1,0,1,0,134217728,heap,169600,0,0,0,0,0,0,784,276.141330
25,bench_p26_wt,bench_p26_wt_random,0,64,2,42,3600000000000,0,64,32768,2097152,1,0,1,0,134217728,usage,169600,0,0,0,0,0,0,2359296,276.141364
34,bench_p26_wt,bench_p26_wt_random,0,64,2,42,3600000000000,0,64,32768,2097152,512,0,1,0,134217728,write,318016,21571114,10701957,43010,10959339403,5479401984,5637406720,3600977053009,372.903285
34,bench_p26_wt,bench_p26_wt_random,0,64,2,42,3600000000000,0,64,32768,2097152,512,0,1,0,134217728,stack,318016,0,0,0,0,0,0,1840,372.903372
34,bench_p26_wt,bench_p26_wt_random,0,64,2,42,3600000000000,0,64,32768,2097152,512,0,1,0,134217728,ctx,318016,0,0,0,0,0,0,384,372.903413
34,bench_p26_wt,bench_p26_wt_random,0,64,2,42,3600000000000,0,64,32768,2097152,512,0,1,0,134217728,heap,318016,0,0,0,0,0,0,1552,372.903446
34,bench_p26_wt,bench_p26_wt_random,0,64,2,42,3600000000000,0,64,32768,2097152,512,0,1,0,134217728,usage,318016,0,0,0,0,0,0,2490368,372.903478
35,bench_p26_wt,bench_p26_wt_random,0,64,2,42,3600000000000,0,64,32768,2097152,1024,0,1,0,134217728,write,568064,19519506,9612621,80173,19693426263,9843323904,10508435456,3600307197045,560.860526
35,bench_p26_wt,bench_p26_wt_random,0,64,2,42,3600000000000,0,64,32768,2097152,1024,0,1,0,134217728,stack,568064,0,0,0,0,0,0,1840,560.860612
35,bench_p26_wt,bench_p26_wt_random,0,64,2,42,3600000000000,0,64,32768,2097152,1024,0,1,0,134217728,ctx,568064,0,0,0,0,0,0,384,560.860651
35,bench_p26_wt,bench_p26_wt_random,0,64,2,42,3600000000000,0,64,32768,2097152,1024,0,1,0,134217728,heap,568064,0,0,0,0,0,0,3088,560.860683
35,bench_p26_wt,bench_p26_wt_random,0,64,2,42,3600000000000,0,64,32768,2097152,1024,0,1,0,134217728,usage,568064,0,0,0,0,0,0,2490368,560.860713
36,bench_p26_wt,bench_p26_wt_random,0,64,2,42,3600000000000,0,64,32768,2097152,2048,0,1,0,134217728,write,941824,16579318,7981528,135491,32718775152,16346169344,17759076352,3600306069840,776.225734
36,bench_p26_wt,bench_p26_wt_random,0,64,2,42,3600000000000,0,64,32768,2097152,2048,0,1,0,134217728,stack,941824,0,0,0,0,0,0,1840,776.225815
36,bench_p26_wt,bench_p26_wt_random,0,64,2,42,3600000000000,0,64,32768,2097152,2048,0,1,0,134217728,ctx,941824,0,0,0,0,0,0,384,776.225849
36,bench_p26_wt,bench_p26_wt_random,0,64,2,42,3600000000000,0,64,32768,2097152,2048,0,1,0,134217728,heap,941824,0,0,0,0,0,0,6160,776.225877
36,bench_p26_wt,bench_p26_wt_random,0,64,2,42,3600000000000,0,64,32768,2097152,2048,0,1,0,134217728,usage,941824,0,0,0,0,0,0,2490368,776.225903
37,bench_p26_wt,bench_p26_wt_random,0,64,2,42,3600000000000,0,64,32768,2097152,4096,0,1,0,134217728,write,939968,16598856,7980014,135230,32739632518,16343068672,17724866560,3600232184050,611.520653
37,bench_p26_wt,bench_p26_wt_random,0,64,2,42,3600000000000,0,64,32768,2097152,4096,0,1,0,134217728,stack,939968,0,0,0,0,0,0,1840,611.520723
37,bench_p26_wt,bench_p26_wt_random,0,64,2,42,3600000000000,0,64,32768,2097152,4096,0,1,0,134217728,ctx,939968,0,0,0,0,0,0,384,611.520755
37,bench_p26_wt,bench_p26_wt_random,0,64,2,42,3600000000000,0,64,32768,2097152,4096,0,1,0,134217728,heap,939968,0,0,0,0,0,0,12304,611.520780
37,bench_p26_wt,bench_p26_wt_random,0,64,2,42,3600000000000,0,64,32768,2097152,4096,0,1,0,134217728,usage,939968,0,0,0,0,0,0,2490368,611.520803
41,bench_p26_wt,bench_p26_wt_many,0,64,2,42,3600000000000,0,64,32768,2097152,8,0,1,0,134217728,write,128192,160129785,4578,7,905092856,399600,917504,3953711556152,23.339283
41,bench_p26_wt,bench_p26_wt_many,0,64,2,42,3600000000000,0,64,32768,2097152,8,0,1,0,134217728,stack,128192,0,0,0,0,0,0,2288,23.339411
41,bench_p26_wt,bench_p26_wt_many,0,64,2,42,3600000000000,0,64,32768,2097152,8,0,1,0,134217728,ctx,128192,0,0,0,0,0,0,640,23.339471
41,bench_p26_wt,bench_p26_wt_many,0,64,2,42,3600000000000,0,64,32768,2097152,8,0,1,0,134217728,heap,128192,0,0,0,0,0,0,784,23.339534
41,bench_p26_wt,bench_p26_wt_many,0,64,2,42,3600000000000,0,64,32768,2097152,8,0,1,0,134217728,usage,128192,0,0,0,0,0,0,1572864,23.339584
40,bench_p26_wt,bench_p26_wt_many,0,64,2,42,3600000000000,0,64,32768,2097152,4,0,1,0,134217728,write,128192,160129740,4578,7,905069752,399584,917504,3953710010952,23.491048
40,bench_p26_wt,bench_p26_wt_many,0,64,2,42,3600000000000,0,64,32768,2097152,4,0,1,0,134217728,stack,128192,0,0,0,0,0,0,2288,23.491132
40,bench_p26_wt,bench_p26_wt_many,0,64,2,42,3600000000000,0,64,32768,2097152,4,0,1,0,134217728,ctx,128192,0,0,0,0,0,0,640,23.491188
40,bench_p26_wt,bench_p26_wt_many,0,64,2,42,3600000000000,0,64,32768,2097152,4,0,1,0,134217728,heap,128192,0,0,0,0,0,0,784,23.491235
40,bench_p26_wt,bench_p26_wt_many,0,64,2,42,3600000000000,0,64,32768,2097152,4,0,1,0,134217728,usage,128192,0,0,0,0,0,0,1572864,23.491432
44,bench_p26_wt,bench_p26_wt_many,0,64,2,42,3600000000000,0,64,32768,2097152,64,0,1,0,134217728,write,149248,162203673,5419,11,952960404,639936,1441792,4005811470652,23.533197
44,bench_p26_wt,bench_p26_wt_many,0,64,2,42,3600000000000,0,64,32768,2097152,64,0,1,0,134217728,stack,149248,0,0,0,0,0,0,2288,23.533286
44,bench_p26_wt,bench_p26_wt_many,0,64,2,42,3600000000000,0,64,32768,2097152,64,0,1,0,134217728,ctx,149248,0,0,0,0,0,0,640,23.533342
44,bench_p26_wt,bench_p26_wt_many,0,64,2,42,3600000000000,0,64,32768,2097152,64,0,1,0,134217728,heap,149248,0,0,0,0,0,0,784,23.533391
44,bench_p26_wt,bench_p26_wt_many,0,64,2,42,3600000000000,0,64,32768,2097152,64,0,1,0,134217728,usage,149248,0,0,0,0,0,0,2359296,23.533440
43,bench_p26_wt,bench_p26_wt_many,0,64,2,42,3600000000000,0,64,32768,2097152,32,0,1,0,134217728,write,123776,172201355,4643,10,946057406,495776,1310720,4251184753146,24.305338
43,bench_p26_wt,bench_p26_wt_many,0,64,2,42,3600000000000,0,64,32768,2097152,32,0,1,0,134217728,stack,123776,0,0,0,0,0,0,2288,24.305432
43,bench_p26_wt,bench_p26_wt_many,0,64,2,42,3600000000000,0,64,32768,2097152,32,0,1,0,134217728,ctx,123776,0,0,0,0,0,0,640,24.305484
43,bench_p26_wt,bench_p26_wt_many,0,64,2,42,3600000000000,0,64,32768,2097152,32,0,1,0,134217728,heap,123776,0,0,0,0,0,0,784,24.305529
43,bench_p26_wt,bench_p26_wt_many,0,64,2,42,3600000000000,0,64,32768,2097152,32,0,1,0,134217728,usage,123776,0,0,0,0,0,0,2097152,24.305574
45,bench_p26_wt,bench_p26_wt_many,0,64,2,42,3600000000000,0,64,32768,2097152,128,0,1,0,134217728,write,301888,159319709,10423,19,1726519966,1501824,2490368,3950915187002,26.658286
45,bench_p26_wt,bench_p26_wt_many,0,64,2,42,3600000000000,0,64,32768,2097152,128,0,1,0,134217728,stack,301888,0,0,0,0,0,0,2288,26.658390
45,bench_p26_wt,bench_p26_wt_many,0,64,2,42,3600000000000,0,64,32768,2097152,128,0,1,0,134217728,ctx,301888,0,0,0,0,0,0,640,26.658452
45,bench_p26_wt,bench_p26_wt_many,0,64,2,42,3600000000000,0,64,32768,2097152,128,0,1,0,134217728,heap,301888,0,0,0,0,0,0,784,26.658498
45,bench_p26_wt,bench_p26_wt_many,0,64,2,42,3600000000000,0,64,32768,2097152,128,0,1,0,134217728,usage,301888,0,0,0,0,0,0,3407872,26.658540
39,bench_p26_wt,bench_p26_wt_many,0,64,2,42,3600000000000,0,64,32768,2097152,2,0,1,0,134217728,write,130496,199001507,4657,8,1155006378,402146,1048576,4913793106020,27.146211
39,bench_p26_wt,bench_p26_wt_many,0,64,2,42,3600000000000,0,64,32768,2097152,2,0,1,0,134217728,stack,130496,0,0,0,0,0,0,2288,27.146307
39,bench_p26_wt,bench_p26_wt_many,0,64,2,42,3600000000000,0,64,32768,2097152,2,0,1,0,134217728,ctx,130496,0,0,0,0,0,0,640,27.146360
39,bench_p26_wt,bench_p26_wt_many,0,64,2,42,3600000000000,0,64,32768,2097152,2,0,1,0,134217728,heap,130496,0,0,0,0,0,0,784,27.146405
39,bench_p26_wt,bench_p26_wt_many,0,64,2,42,3600000000000,0,64,32768,2097152,2,0,1,0,134217728,usage,130496,0,0,0,0,0,0,524288,27.146450
38,bench_p26_wt,bench_p26_wt_many,0,64,2,42,3600000000000,0,64,32768,2097152,1,0,1,0,134217728,write,130496,199002464,4657,8,1155006378,402146,1048576,4913816625252,27.258462
38,bench_p26_wt,bench_p26_wt_many,0,64,2,42,3600000000000,0,64,32768,2097152,1,0,1,0,134217728,stack,130496,0,0,0,0,0,0,2288,27.258564
38,bench_p26_wt,bench_p26_wt_many,0,64,2,42,3600000000000,0,64,32768,2097152,1,0,1,0,134217728,ctx,130496,0,0,0,0,0,0,640,27.258614
38,bench_p26_wt,bench_p26_wt_many,0,64,2,42,3600000000000,0,64,32768,2097152,1,0,1,0,134217728,heap,130496,0,0,0,0,0,0,784,27.258657
38,bench_p26_wt,bench_p26_wt_many,0,64,2,42,3600000000000,0,64,32768,2097152,1,0,1,0,134217728,usage,130496,0,0,0,0,0,0,524288,27.258698
42,bench_p26_wt,bench_p26_wt_many,0,64,2,42,3600000000000,0,64,32768,2097152,16,0,1,0,134217728,write,135488,265633643,5098,12,1330020210,509728,1572864,6554789838038,29.486775
42,bench_p26_wt,bench_p26_wt_many,0,64,2,42,3600000000000,0,64,32768,2097152,16,0,1,0,134217728,stack,135488,0,0,0,0,0,0,2288,29.486875
42,bench_p26_wt,bench_p26_wt_many,0,64,2,42,3600000000000,0,64,32768,2097152,16,0,1,0,134217728,ctx,135488,0,0,0,0,0,0,640,29.486927
42,bench_p26_wt,bench_p26_wt_many,0,64,2,42,3600000000000,0,64,32768,2097152,16,0,1,0,134217728,heap,135488,0,0,0,0,0,0,784,29.486970
42,bench_p26_wt,bench_p26_wt_many,0,64,2,42,3600000000000,0,64,32768,2097152,16,0,1,0,134217728,usage,135488,0,0,0,0,0,0,2621440,29.487012
46,bench_p26_wt,bench_p26_wt_many,0,64,2,42,3600000000000,0,64,32768,2097152,256,0,1,0,134217728,write,472704,143327960,17545,53,3846222424,4491520,6946816,3600079435656,31.307336
46,bench_p26_wt,bench_p26_wt_many,0,64,2,42,3600000000000,0,64,32768,2097152,256,0,1,0,134217728,stack,472704,0,0,0,0,0,0,2288,31.307422
46,bench_p26_wt,bench_p26_wt_many,0,64,2,42,3600000000000,0,64,32768,2097152,256,0,1,0,134217728,ctx,472704,0,0,0,0,0,0,640,31.307465
46,bench_p26_wt,bench_p26_wt_many,0,64,2,42,3600000000000,0,64,32768,2097152,256,0,1,0,134217728,heap,472704,0,0,0,0,0,0,784,31.307501
46,bench_p26_wt,bench_p26_wt_many,0,64,2,42,3600000000000,0,64,32768,2097152,256,0,1,0,134217728,usage,472704,0,0,0,0,0,0,6291456,31.307534
49,bench_p26_wt,bench_p26_wt_many,0,64,2,42,3600000000000,0,64,32768,2097152,2048,0,1,0,134217728,write,530176,140545242,18612,405,7381466554,38117376,53084160,3600458544334,34.026243
49,bench_p26_wt,bench_p26_wt_many,0,64,2,42,3600000000000,0,64,32768,2097152,2048,0,1,0,134217728,stack,530176,0,0,0,0,0,0,2288,34.026332
49,bench_p26_wt,bench_p26_wt_many,0,64,2,42,3600000000000,0,64,32768,2097152,2048,0,1,0,134217728,ctx,530176,0,0,0,0,0,0,640,34.034626
49,bench_p26_wt,bench_p26_wt_many,0,64,2,42,3600000000000,0,64,32768,2097152,2048,0,1,0,134217728,heap,530176,0,0,0,0,0,0,6160,34.034685
49,bench_p26_wt,bench_p26_wt_many,0,64,2,42,3600000000000,0,64,32768,2097152,2048,0,1,0,134217728,usage,530176,0,0,0,0,0,0,8912896,34.034725
47,bench_p26_wt,bench_p26_wt_many,0,64,2,42,3600000000000,0,64,32768,2097152,512,0,1,0,134217728,write,638976,139906889,22822,133,8661037096,11684864,17432576,3609097123576,38.243697
47,bench_p26_wt,bench_p26_wt_many,0,64,2,42,3600000000000,0,64,32768,2097152,512,0,1,0,134217728,stack,638976,0,0,0,0,0,0,2288,38.243773
47,bench_p26_wt,bench_p26_wt_many,0,64,2,42,3600000000000,0,64,32768,2097152,512,0,1,0,134217728,ctx,638976,0,0,0,0,0,0,640,38.243812
47,bench_p26_wt,bench_p26_wt_many,0,64,2,42,3600000000000,0,64,32768,2097152,512,0,1,0,134217728,heap,638976,0,0,0,0,0,0,1552,38.243843
47,bench_p26_wt,bench_p26_wt_many,0,64,2,42,3600000000000,0,64,32768,2097152,512,0,1,0,134217728,usage,638976,0,0,0,0,0,0,8912896,38.243871
48,bench_p26_wt,bench_p26_wt_many,0,64,2,42,3600000000000,0,64,32768,2097152,1024,0,1,0,134217728,write,674688,139960180,23387,246,9965715748,23948288,32243712,3635792038316,38.763514
48,bench_p26_wt,bench_p26_wt_many,0,64,2,42,3600000000000,0,64,32768,2097152,1024,0,1,0,134217728,stack,674688,0,0,0,0,0,0,2288,38.763587
48,bench_p26_wt,bench_p26_wt_many,0,64,2,42,3600000000000,0,64,32768,2097152,1024,0,1,0,134217728,ctx,674688,0,0,0,0,0,0,640,38.763623
48,bench_p26_wt,bench_p26_wt_many,0,64,2,42,3600000000000,0,64,32768,2097152,1024,0,1,0,134217728,heap,674688,0,0,0,0,0,0,3088,38.763654
48,bench_p26_wt,bench_p26_wt_many,0,64,2,42,3600000000000,0,64,32768,2097152,1024,0,1,0,134217728,usage,674688,0,0,0,0,0,0,10747904,38.763680
50,bench_p26_wt,bench_p26_wt_many,0,64,2,42,3600000000000,0,64,32768,2097152,4096,0,1,0,134217728,write,359104,143198477,25174,550,4068475714,51556352,72089600,3604897598950,13.869879
50,bench_p26_wt,bench_p26_wt_many,0,64,2,42,3600000000000,0,64,32768,2097152,4096,0,1,0,134217728,stack,359104,0,0,0,0,0,0,2288,13.869956
50,bench_p26_wt,bench_p26_wt_many,0,64,2,42,3600000000000,0,64,32768,2097152,4096,0,1,0,134217728,ctx,359104,0,0,0,0,0,0,640,13.869988
50,bench_p26_wt,bench_p26_wt_many,0,64,2,42,3600000000000,0,64,32768,2097152,4096,0,1,0,134217728,heap,359104,0,0,0,0,0,0,12304,13.870014
50,bench_p26_wt,bench_p26_wt_many,0,64,2,42,3600000000000,0,64,32768,2097152,4096,0,1,0,134217728,usage,359104,0,0,0,0,0,0,8388608,13.870037
53,bench_p26_wt,bench_p26_wt_logging,0,64,2,42,3600000000000,0,64,32768,2097152,4,0,1,0,134217728,write,2726656,25818705,10897246,42623,5592824608,2774467668,5586681856,3600041571740,176.396237
53,bench_p26_wt,bench_p26_wt_logging,0,64,2,42,3600000000000,0,64,32768,2097152,4,0,1,0,134217728,stack,2726656,0,0,0,0,0,0,1760,176.396362
53,bench_p26_wt,bench_p26_wt_logging,0,64,2,42,3600000000000,0,64,32768,2097152,4,0,1,0,134217728,ctx,2726656,0,0,0,0,0,0,400,176.396418
53,bench_p26_wt,bench_p26_wt_logging,0,64,2,42,3600000000000,0,64,32768,2097152,4,0,1,0,134217728,heap,2726656,0,0,0,0,0,0,784,176.396466
53,bench_p26_wt,bench_p26_wt_logging,0,64,2,42,3600000000000,0,64,32768,2097152,4,0,1,0,134217728,usage,2726656,0,0,0,0,0,0,3145728,176.396513
51,bench_p26_wt,bench_p26_wt_logging,0,64,2,42,3600000000000,0,64,32768,2097152,1,0,1,0,134217728,write,2726144,25855971,10893982,42615,5591055526,2773627233,5585633280,3600076581509,176.661217
51,bench_p26_wt,bench_p26_wt_logging,0,64,2,42,3600000000000,0,64,32768,2097152,1,0,1,0,134217728,stack,2726144,0,0,0,0,0,0,1760,176.661321
51,bench_p26_wt,bench_p26_wt_logging,0,64,2,42,3600000000000,0,64,32768,2097152,1,0,1,0,134217728,ctx,2726144,0,0,0,0,0,0,400,176.661375
51,bench_p26_wt,bench_p26_wt_logging,0,64,2,42,3600000000000,0,64,32768,2097152,1,0,1,0,134217728,heap,2726144,0,0,0,0,0,0,784,176.661422
51,bench_p26_wt,bench_p26_wt_logging,0,64,2,42,3600000000000,0,64,32768,2097152,1,0,1,0,134217728,usage,2726144,0,0,0,0,0,0,3145728,176.661468
54,bench_p26_wt,bench_p26_wt_logging,0,64,2,42,3600000000000,0,64,32768,2097152,8,0,1,0,134217728,write,2726720,25819618,10897216,42624,5593310120,2774661520,5586812928,3600071387944,176.751900
54,bench_p26_wt,bench_p26_wt_logging,0,64,2,42,3600000000000,0,64,32768,2097152,8,0,1,0,134217728,stack,2726720,0,0,0,0,0,0,1760,176.751999
54,bench_p26_wt,bench_p26_wt_logging,0,64,2,42,3600000000000,0,64,32768,2097152,8,0,1,0,134217728,ctx,2726720,0,0,0,0,0,0,400,176.752053
54,bench_p26_wt,bench_p26_wt_logging,0,64,2,42,3600000000000,0,64,32768,2097152,8,0,1,0,134217728,heap,2726720,0,0,0,0,0,0,784,176.752100
54,bench_p26_wt,bench_p26_wt_logging,0,64,2,42,3600000000000,0,64,32768,2097152,8,0,1,0,134217728,usage,2726720,0,0,0,0,0,0,3145728,176.752145
55,bench_p26_wt,bench_p26_wt_logging,0,64,2,42,3600000000000,0,64,32768,2097152,16,0,1,0,134217728,write,2726720,25819581,10897064,42624,5593781216,2774776336,5586812928,3600043632848,177.526797
55,bench_p26_wt,bench_p26_wt_logging,0,64,2,42,3600000000000,0,64,32768,2097152,16,0,1,0,134217728,stack,2726720,0,0,0,0,0,0,1760,177.526896
55,bench_p26_wt,bench_p26_wt_logging,0,64,2,42,3600000000000,0,64,32768,2097152,16,0,1,0,134217728,ctx,2726720,0,0,0,0,0,0,400,177.526948
55,bench_p26_wt,bench_p26_wt_logging,0,64,2,42,3600000000000,0,64,32768,2097152,16,0,1,0,134217728,heap,2726720,0,0,0,0,0,0,784,177.526993
55,bench_p26_wt,bench_p26_wt_logging,0,64,2,42,3600000000000,0,64,32768,2097152,16,0,1,0,134217728,usage,2726720,0,0,0,0,0,0,3145728,177.527037
58,bench_p26_wt,bench_p26_wt_logging,0,64,2,42,3600000000000,0,64,32768,2097152,128,0,1,0,134217728,write,2746240,24311462,11034627,42960,5664379500,2816626176,5630853120,3600148158468,178.421185
58,bench_p26_wt,bench_p26_wt_logging,0,64,2,42,3600000000000,0,64,32768,2097152,128,0,1,0,134217728,stack,2746240,0,0,0,0,0,0,1856,178.421297
58,bench_p26_wt,bench_p26_wt_logging,0,64,2,42,3600000000000,0,64,32768,2097152,128,0,1,0,134217728,ctx,2746240,0,0,0,0,0,0,400,178.421350
58,bench_p26_wt,bench_p26_wt_logging,0,64,2,42,3600000000000,0,64,32768,2097152,128,0,1,0,134217728,heap,2746240,0,0,0,0,0,0,784,178.421396
58,bench_p26_wt,bench_p26_wt_logging,0,64,2,42,3600000000000,0,64,32768,2097152,128,0,1,0,134217728,usage,2746240,0,0,0,0,0,0,3145728,178.421438
57,bench_p26_wt,bench_p26_wt_logging,0,64,2,42,3600000000000,0,64,32768,2097152,64,0,1,0,134217728,write,2740160,24809030,10989275,42844,5639181044,2800926080,5615648768,3600039782556,178.518710
57,bench_p26_wt,bench_p26_wt_logging,0,64,2,42,3600000000000,0,64,32768,2097152,64,0,1,0,134217728,stack,2740160,0,0,0,0,0,0,1856,178.518801
57,bench_p26_wt,bench_p26_wt_logging,0,64,2,42,3600000000000,0,64,32768,2097152,64,0,1,0,134217728,ctx,2740160,0,0,0,0,0,0,400,178.518852
57,bench_p26_wt,bench_p26_wt_logging,0,64,2,42,3600000000000,0,64,32768,2097152,64,0,1,0,134217728,heap,2740160,0,0,0,0,0,0,784,178.518897
57,bench_p26_wt,bench_p26_wt_logging,0,64,2,42,3600000000000,0,64,32768,2097152,64,0,1,0,134217728,usage,2740160,0,0,0,0,0,0,3145728,178.518939
59,bench_p26_wt,bench_p26_wt_logging,0,64,2,42,3600000000000,0,64,32768,2097152,256,0,1,0,134217728,write,2749056,24054557,11056395,43046,5682743688,2830437120,5642125312,3600053736984,179.055721
59,bench_p26_wt,bench_p26_wt_logging,0,64,2,42,3600000000000,0,64,32768,2097152,256,0,1,0,134217728,stack,2749056,0,0,0,0,0,0,1856,179.055817
59,bench_p26_wt,bench_p26_wt_logging,0,64,2,42,3600000000000,0,64,32768,2097152,256,0,1,0,134217728,ctx,2749056,0,0,0,0,0,0,400,179.055868
59,bench_p26_wt,bench_p26_wt_logging,0,64,2,42,3600000000000,0,64,32768,2097152,256,0,1,0,134217728,heap,2749056,0,0,0,0,0,0,784,179.055912
59,bench_p26_wt,bench_p26_wt_logging,0,64,2,42,3600000000000,0,64,32768,2097152,256,0,1,0,134217728,usage,2749056,0,0,0,0,0,0,3145728,179.055953
56,bench_p26_wt,bench_p26_wt_logging,0,64,2,42,3600000000000,0,64,32768,2097152,32,0,1,0,134217728,write,2726720,25821436,10897034,42624,5594859716,2775169536,5586812928,3600109687948,188.153008
56,bench_p26_wt,bench_p26_wt_logging,0,64,2,42,3600000000000,0,64,32768,2097152,32,0,1,0,134217728,stack,2726720,0,0,0,0,0,0,1760,188.153109
56,bench_p26_wt,bench_p26_wt_logging,0,64,2,42,3600000000000,0,64,32768,2097152,32,0,1,0,134217728,ctx,2726720,0,0,0,0,0,0,400,188.153158
56,bench_p26_wt,bench_p26_wt_logging,0,64,2,42,3600000000000,0,64,32768,2097152,32,0,1,0,134217728,heap,2726720,0,0,0,0,0,0,784,188.153212
56,bench_p26_wt,bench_p26_wt_logging,0,64,2,42,3600000000000,0,64,32768,2097152,32,0,1,0,134217728,usage,2726720,0,0,0,0,0,0,3145728,188.153255
52,bench_p26_wt,bench_p26_wt_logging,0,64,2,42,3600000000000,0,64,32768,2097152,2,0,1,0,134217728,write,2726656,25819146,10897276,42623,5592734607,2774467660,5586681856,3600058195265,193.679887
52,bench_p26_wt,bench_p26_wt_logging,0,64,2,42,3600000000000,0,64,32768,2097152,2,0,1,0,134217728,stack,2726656,0,0,0,0,0,0,1760,193.679980
52,bench_p26_wt,bench_p26_wt_logging,0,64,2,42,3600000000000,0,64,32768,2097152,2,0,1,0,134217728,ctx,2726656,0,0,0,0,0,0,400,193.680023
52,bench_p26_wt,bench_p26_wt_logging,0,64,2,42,3600000000000,0,64,32768,2097152,2,0,1,0,134217728,heap,2726656,0,0,0,0,0,0,784,193.680058
52,bench_p26_wt,bench_p26_wt_logging,0,64,2,42,3600000000000,0,64,32768,2097152,2,0,1,0,134217728,usage,2726656,0,0,0,0,0,0,3145728,193.680090
60,bench_p26_wt,bench_p26_wt_logging,0,64,2,42,3600000000000,0,64,32768,2097152,512,0,1,0,134217728,write,5071808,24107915,10215513,79566,10492696364,5230342656,10428874752,3600054197828,253.016371
60,bench_p26_wt,bench_p26_wt_logging,0,64,2,42,3600000000000,0,64,32768,2097152,512,0,1,0,134217728,stack,5071808,0,0,0,0,0,0,1904,253.016466
60,bench_p26_wt,bench_p26_wt_logging,0,64,2,42,3600000000000,0,64,32768,2097152,512,0,1,0,134217728,ctx,5071808,0,0,0,0,0,0,400,253.016512
60,bench_p26_wt,bench_p26_wt_logging,0,64,2,42,3600000000000,0,64,32768,2097152,512,0,1,0,134217728,heap,5071808,0,0,0,0,0,0,1552,253.016564
60,bench_p26_wt,bench_p26_wt_logging,0,64,2,42,3600000000000,0,64,32768,2097152,512,0,1,0,134217728,usage,5071808,0,0,0,0,0,0,3670016,253.016603
61,bench_p26_wt,bench_p26_wt_logging,0,64,2,42,3600000000000,0,64,32768,2097152,1024,0,1,0,134217728,write,8707200,24046383,8886433,137095,18225323768,9099707392,17969315840,3600007841896,358.894779
61,bench_p26_wt,bench_p26_wt_logging,0,64,2,42,3600000000000,0,64,32768,2097152,1024,0,1,0,134217728,stack,8707200,0,0,0,0,0,0,1904,358.894867
61,bench_p26_wt,bench_p26_wt_logging,0,64,2,42,3600000000000,0,64,32768,2097152,1024,0,1,0,134217728,ctx,8707200,0,0,0,0,0,0,400,358.894904
61,bench_p26_wt,bench_p26_wt_logging,0,64,2,42,3600000000000,0,64,32768,2097152,1024,0,1,0,134217728,heap,8707200,0,0,0,0,0,0,3088,358.894935
61,bench_p26_wt,bench_p26_wt_logging,0,64,2,42,3600000000000,0,64,32768,2097152,1024,0,1,0,134217728,usage,8707200,0,0,0,0,0,0,3145728,358.894963
62,bench_p26_wt,bench_p26_wt_logging,0,64,2,42,3600000000000,0,64,32768,2097152,2048,0,1,0,134217728,write,13222400,26489137,6919692,209811,28332366352,14171529216,27500347392,3600002821936,511.205838
62,bench_p26_wt,bench_p26_wt_logging,0,64,2,42,3600000000000,0,64,32768,2097152,2048,0,1,0,134217728,stack,13222400,0,0,0,0,0,0,1904,511.205920
62,bench_p26_wt,bench_p26_wt_logging,0,64,2,42,3600000000000,0,64,32768,2097152,2048,0,1,0,134217728,ctx,13222400,0,0,0,0,0,0,400,511.205957
62,bench_p26_wt,bench_p26_wt_logging,0,64,2,42,3600000000000,0,64,32768,2097152,2048,0,1,0,134217728,heap,13222400,0,0,0,0,0,0,6160,511.205990
62,bench_p26_wt,bench_p26_wt_logging,0,64,2,42,3600000000000,0,64,32768,2097152,2048,0,1,0,134217728,usage,13222400,0,0,0,0,0,0,3407872,511.206023
63,bench_p26_wt,bench_p26_wt_logging,0,64,2,42,3600000000000,0,64,32768,2097152,4096,0,1,0,134217728,write,12292736,30567847,6716826,198069,27354984868,13756059648,25961299968,3600004030252,361.975079
63,bench_p26_wt,bench_p26_wt_logging,0,64,2,42,3600000000000,0,64,32768,2097152,4096,0,1,0,134217728,stack,12292736,0,0,0,0,0,0,1904,361.975149
63,bench_p26_wt,bench_p26_wt_logging,0,64,2,42,3600000000000,0,64,32768,2097152,4096,0,1,0,134217728,ctx,12292736,0,0,0,0,0,0,400,361.975181
63,bench_p26_wt,bench_p26_wt_logging,0,64,2,42,3600000000000,0,64,32768,2097152,4096,0,1,0,134217728,heap,12292736,0,0,0,0,0,0,12304,361.975207
63,bench_p26_wt,bench_p26_wt_logging,0,64,2,42,3600000000000,0,64,32768,2097152,4096,0,1,0,134217728,usage,12292736,0,0,0,0,0,0,4587520,361.975229
