i,suite,case,FILE_SIZE,SIZE,SIM_TIME,FILE_COUNT,SIM_SIZE,NO_SET,NO_FRUNCATE,DISK_SIZE,SEED,SKIP_WARMUP,DISK_GEOMETRY,READ_SIZE,CHUNK,FS,probe,n,bench_reads,bench_progs,bench_erases,bench_readed,bench_progged,bench_erased,bench_simtime,bench_runtime
13,bench_p26_wt,bench_p26_wt_linear,64,2097152,3600000000000,32768,0,0,0,134217728,42,0,1,2,64,3,write,3768454720,50764699,8730829,34115,997624738,4470184448,4471521280,3600004446982,81.565719
13,bench_p26_wt,bench_p26_wt_linear,64,2097152,3600000000000,32768,0,0,0,134217728,42,0,1,2,64,3,stack,3768454720,0,0,0,0,0,0,3312,81.565941
13,bench_p26_wt,bench_p26_wt_linear,64,2097152,3600000000000,32768,0,0,0,134217728,42,0,1,2,64,3,ctx,3768454720,0,0,0,0,0,0,624,81.565993
13,bench_p26_wt,bench_p26_wt_linear,64,2097152,3600000000000,32768,0,0,0,134217728,42,0,1,2,64,3,heap,3768454720,0,0,0,0,0,0,1296,81.566039
13,bench_p26_wt,bench_p26_wt_linear,64,2097152,3600000000000,32768,0,0,0,134217728,42,0,1,2,64,3,usage,3768454720,0,0,0,0,0,0,2621440,81.566083
14,bench_p26_wt,bench_p26_wt_linear,64,2097152,3600000000000,32768,0,0,0,134217728,42,0,1,4,64,3,write,3699245632,52491752,8570492,33488,1019191488,4388091904,4389339136,3600004617792,83.446784
14,bench_p26_wt,bench_p26_wt_linear,64,2097152,3600000000000,32768,0,0,0,134217728,42,0,1,4,64,3,stack,3699245632,0,0,0,0,0,0,3312,83.446912
14,bench_p26_wt,bench_p26_wt_linear,64,2097152,3600000000000,32768,0,0,0,134217728,42,0,1,4,64,3,ctx,3699245632,0,0,0,0,0,0,624,83.446963
14,bench_p26_wt,bench_p26_wt_linear,64,2097152,3600000000000,32768,0,0,0,134217728,42,0,1,4,64,3,heap,3699245632,0,0,0,0,0,0,1296,83.447008
14,bench_p26_wt,bench_p26_wt_linear,64,2097152,3600000000000,32768,0,0,0,134217728,42,0,1,4,64,3,usage,3699245632,0,0,0,0,0,0,2621440,83.447051
15,bench_p26_wt,bench_p26_wt_linear,64,2097152,3600000000000,32768,0,0,0,134217728,42,0,1,8,64,3,write,4004928576,44671229,9278741,36256,1172627648,4750715392,4752146432,3600014949440,85.954866
15,bench_p26_wt,bench_p26_wt_linear,64,2097152,3600000000000,32768,0,0,0,134217728,42,0,1,8,64,3,stack,4004928576,0,0,0,0,0,0,3312,85.954962
15,bench_p26_wt,bench_p26_wt_linear,64,2097152,3600000000000,32768,0,0,0,134217728,42,0,1,8,64,3,ctx,4004928576,0,0,0,0,0,0,624,85.955012
15,bench_p26_wt,bench_p26_wt_linear,64,2097152,3600000000000,32768,0,0,0,134217728,42,0,1,8,64,3,heap,4004928576,0,0,0,0,0,0,1296,85.955055
15,bench_p26_wt,bench_p26_wt_linear,64,2097152,3600000000000,32768,0,0,0,134217728,42,0,1,8,64,3,usage,4004928576,0,0,0,0,0,0,2228224,85.955098
12,bench_p26_wt,bench_p26_wt_linear,64,2097152,3600000000000,32768,0,0,0,134217728,42,0,1,1,64,3,write,4630589504,28918859,10728232,41919,1158180569,5492854784,5494407168,3600008792603,92.517992
12,bench_p26_wt,bench_p26_wt_linear,64,2097152,3600000000000,32768,0,0,0,134217728,42,0,1,1,64,3,stack,4630589504,0,0,0,0,0,0,3312,92.518095
12,bench_p26_wt,bench_p26_wt_linear,64,2097152,3600000000000,32768,0,0,0,134217728,42,0,1,1,64,3,ctx,4630589504,0,0,0,0,0,0,624,92.518153
12,bench_p26_wt,bench_p26_wt_linear,64,2097152,3600000000000,32768,0,0,0,134217728,42,0,1,1,64,3,heap,4630589504,0,0,0,0,0,0,1296,92.518197
12,bench_p26_wt,bench_p26_wt_linear,64,2097152,3600000000000,32768,0,0,0,134217728,42,0,1,1,64,3,usage,4630589504,0,0,0,0,0,0,786432,92.518238
18,bench_p26_wt,bench_p26_wt_linear,64,2097152,3600000000000,32768,0,0,0,134217728,42,0,1,64,64,3,write,5014850624,18637948,11618504,45398,1933174400,5948674048,5950406656,3600010365824,95.036371
18,bench_p26_wt,bench_p26_wt_linear,64,2097152,3600000000000,32768,0,0,0,134217728,42,0,1,64,64,3,stack,5014850624,0,0,0,0,0,0,3312,95.036478
18,bench_p26_wt,bench_p26_wt_linear,64,2097152,3600000000000,32768,0,0,0,134217728,42,0,1,64,64,3,ctx,5014850624,0,0,0,0,0,0,624,95.036575
18,bench_p26_wt,bench_p26_wt_linear,64,2097152,3600000000000,32768,0,0,0,134217728,42,0,1,64,64,3,heap,5014850624,0,0,0,0,0,0,1296,95.036620
18,bench_p26_wt,bench_p26_wt_linear,64,2097152,3600000000000,32768,0,0,0,134217728,42,0,1,64,64,3,usage,5014850624,0,0,0,0,0,0,1310720,95.036661
20,bench_p26_wt,bench_p26_wt_linear,64,2097152,3600000000000,32768,0,0,0,134217728,42,0,1,256,64,3,write,5051386944,16037854,11703117,45728,4105690624,5991995904,5993660416,3600001251328,96.728654
20,bench_p26_wt,bench_p26_wt_linear,64,2097152,3600000000000,32768,0,0,0,134217728,42,0,1,256,64,3,stack,5051386944,0,0,0,0,0,0,3312,96.728791
20,bench_p26_wt,bench_p26_wt_linear,64,2097152,3600000000000,32768,0,0,0,134217728,42,0,1,256,64,3,ctx,5051386944,0,0,0,0,0,0,624,96.728842
20,bench_p26_wt,bench_p26_wt_linear,64,2097152,3600000000000,32768,0,0,0,134217728,42,0,1,256,64,3,heap,5051386944,0,0,0,0,0,0,1296,96.728885
20,bench_p26_wt,bench_p26_wt_linear,64,2097152,3600000000000,32768,0,0,0,134217728,42,0,1,256,64,3,usage,5051386944,0,0,0,0,0,0,2097152,96.728926
16,bench_p26_wt,bench_p26_wt_linear,64,2097152,3600000000000,32768,0,0,0,134217728,42,0,1,16,64,3,write,4524879936,31402412,10483351,40963,1390490240,5367475712,5369102336,3600011712896,97.527364
16,bench_p26_wt,bench_p26_wt_linear,64,2097152,3600000000000,32768,0,0,0,134217728,42,0,1,16,64,3,stack,4524879936,0,0,0,0,0,0,3312,97.527461
16,bench_p26_wt,bench_p26_wt_linear,64,2097152,3600000000000,32768,0,0,0,134217728,42,0,1,16,64,3,ctx,4524879936,0,0,0,0,0,0,624,97.527508
16,bench_p26_wt,bench_p26_wt_linear,64,2097152,3600000000000,32768,0,0,0,134217728,42,0,1,16,64,3,heap,4524879936,0,0,0,0,0,0,1296,97.527552
16,bench_p26_wt,bench_p26_wt_linear,64,2097152,3600000000000,32768,0,0,0,134217728,42,0,1,16,64,3,usage,4524879936,0,0,0,0,0,0,2097152,97.527592
19,bench_p26_wt,bench_p26_wt_linear,64,2097152,3600000000000,32768,0,0,0,134217728,42,0,1,128,64,3,write,5079083072,16504867,11767333,45979,2598714112,6024874496,6026559488,3600008941312,100.762426
19,bench_p26_wt,bench_p26_wt_linear,64,2097152,3600000000000,32768,0,0,0,134217728,42,0,1,128,64,3,stack,5079083072,0,0,0,0,0,0,3312,100.762535
19,bench_p26_wt,bench_p26_wt_linear,64,2097152,3600000000000,32768,0,0,0,134217728,42,0,1,128,64,3,ctx,5079083072,0,0,0,0,0,0,624,100.770825
19,bench_p26_wt,bench_p26_wt_linear,64,2097152,3600000000000,32768,0,0,0,134217728,42,0,1,128,64,3,heap,5079083072,0,0,0,0,0,0,1296,100.770877
19,bench_p26_wt,bench_p26_wt_linear,64,2097152,3600000000000,32768,0,0,0,134217728,42,0,1,128,64,3,usage,5079083072,0,0,0,0,0,0,2621440,100.770919
17,bench_p26_wt,bench_p26_wt_linear,64,2097152,3600000000000,32768,0,0,0,134217728,42,0,1,32,64,3,write,4834992192,23398826,11201832,43770,1636439456,5735337984,5737021440,3600013576928,100.794715
17,bench_p26_wt,bench_p26_wt_linear,64,2097152,3600000000000,32768,0,0,0,134217728,42,0,1,32,64,3,stack,4834992192,0,0,0,0,0,0,3312,100.794783
17,bench_p26_wt,bench_p26_wt_linear,64,2097152,3600000000000,32768,0,0,0,134217728,42,0,1,32,64,3,ctx,4834992192,0,0,0,0,0,0,624,100.794825
17,bench_p26_wt,bench_p26_wt_linear,64,2097152,3600000000000,32768,0,0,0,134217728,42,0,1,32,64,3,heap,4834992192,0,0,0,0,0,0,1296,100.794859
17,bench_p26_wt,bench_p26_wt_linear,64,2097152,3600000000000,32768,0,0,0,134217728,42,0,1,32,64,3,usage,4834992192,0,0,0,0,0,0,1835008,100.794891
21,bench_p26_wt,bench_p26_wt_linear,64,2097152,3600000000000,32768,0,0,0,134217728,42,0,1,512,64,3,write,5035505216,14050727,11666326,45584,7193972224,5973158912,5974786048,3600009498112,102.736717
21,bench_p26_wt,bench_p26_wt_linear,64,2097152,3600000000000,32768,0,0,0,134217728,42,0,1,512,64,3,stack,5035505216,0,0,0,0,0,0,3312,102.736803
21,bench_p26_wt,bench_p26_wt_linear,64,2097152,3600000000000,32768,0,0,0,134217728,42,0,1,512,64,3,ctx,5035505216,0,0,0,0,0,0,624,102.736842
21,bench_p26_wt,bench_p26_wt_linear,64,2097152,3600000000000,32768,0,0,0,134217728,42,0,1,512,64,3,heap,5035505216,0,0,0,0,0,0,1552,102.736875
21,bench_p26_wt,bench_p26_wt_linear,64,2097152,3600000000000,32768,0,0,0,134217728,42,0,1,512,64,3,usage,5035505216,0,0,0,0,0,0,917504,102.736906
22,bench_p26_wt,bench_p26_wt_linear,64,2097152,3600000000000,32768,0,0,0,134217728,42,0,1,1024,64,3,write,7527203904,16638009,10276059,67309,17037321216,8817284096,8822325248,3600003086336,125.087790
22,bench_p26_wt,bench_p26_wt_linear,64,2097152,3600000000000,32768,0,0,0,134217728,42,0,1,1024,64,3,stack,7527203904,0,0,0,0,0,0,3280,125.087881
22,bench_p26_wt,bench_p26_wt_linear,64,2097152,3600000000000,32768,0,0,0,134217728,42,0,1,1024,64,3,ctx,7527203904,0,0,0,0,0,0,624,125.087932
22,bench_p26_wt,bench_p26_wt_linear,64,2097152,3600000000000,32768,0,0,0,134217728,42,0,1,1024,64,3,heap,7527203904,0,0,0,0,0,0,2576,125.087964
22,bench_p26_wt,bench_p26_wt_linear,64,2097152,3600000000000,32768,0,0,0,134217728,42,0,1,1024,64,3,usage,7527203904,0,0,0,0,0,0,1179648,125.087995
23,bench_p26_wt,bench_p26_wt_linear,64,2097152,3600000000000,32768,0,0,0,134217728,42,0,1,2048,64,3,write,10234728512,16379765,8648517,89625,33545758720,11736775680,11747328000,3600011041792,146.251759
23,bench_p26_wt,bench_p26_wt_linear,64,2097152,3600000000000,32768,0,0,0,134217728,42,0,1,2048,64,3,stack,10234728512,0,0,0,0,0,0,3312,146.251842
23,bench_p26_wt,bench_p26_wt_linear,64,2097152,3600000000000,32768,0,0,0,134217728,42,0,1,2048,64,3,ctx,10234728512,0,0,0,0,0,0,624,146.251877
23,bench_p26_wt,bench_p26_wt_linear,64,2097152,3600000000000,32768,0,0,0,134217728,42,0,1,2048,64,3,heap,10234728512,0,0,0,0,0,0,4624,146.251905
23,bench_p26_wt,bench_p26_wt_linear,64,2097152,3600000000000,32768,0,0,0,134217728,42,0,1,2048,64,3,usage,10234728512,0,0,0,0,0,0,1310720,146.251932
24,bench_p26_wt,bench_p26_wt_linear,64,2097152,3600000000000,32768,0,0,0,134217728,42,0,1,4096,64,3,write,10879373376,19107512,7926118,91317,39132184576,11946779648,11969101824,3600011201536,92.418524
24,bench_p26_wt,bench_p26_wt_linear,64,2097152,3600000000000,32768,0,0,0,134217728,42,0,1,4096,64,3,stack,10879373376,0,0,0,0,0,0,3280,92.418596
24,bench_p26_wt,bench_p26_wt_linear,64,2097152,3600000000000,32768,0,0,0,134217728,42,0,1,4096,64,3,ctx,10879373376,0,0,0,0,0,0,624,92.418627
24,bench_p26_wt,bench_p26_wt_linear,64,2097152,3600000000000,32768,0,0,0,134217728,42,0,1,4096,64,3,heap,10879373376,0,0,0,0,0,0,8720,92.418653
24,bench_p26_wt,bench_p26_wt_linear,64,2097152,3600000000000,32768,0,0,0,134217728,42,0,1,4096,64,3,usage,10879373376,0,0,0,0,0,0,2097152,92.418677
26,bench_p26_wt,bench_p26_wt_random,64,2097152,3600000000000,32768,0,0,0,134217728,42,0,1,2,64,3,write,8035008,125276681,1801855,8170,1969166452,922549760,1070858240,3600009476764,37.557870
26,bench_p26_wt,bench_p26_wt_random,64,2097152,3600000000000,32768,0,0,0,134217728,42,0,1,2,64,3,stack,8035008,0,0,0,0,0,0,3120,37.557997
26,bench_p26_wt,bench_p26_wt_random,64,2097152,3600000000000,32768,0,0,0,134217728,42,0,1,2,64,3,ctx,8035008,0,0,0,0,0,0,608,37.558058
26,bench_p26_wt,bench_p26_wt_random,64,2097152,3600000000000,32768,0,0,0,134217728,42,0,1,2,64,3,heap,8035008,0,0,0,0,0,0,1296,37.558123
26,bench_p26_wt,bench_p26_wt_random,64,2097152,3600000000000,32768,0,0,0,134217728,42,0,1,2,64,3,usage,8035008,0,0,0,0,0,0,5767168,37.558176
27,bench_p26_wt,bench_p26_wt_random,64,2097152,3600000000000,32768,0,0,0,134217728,42,0,1,4,64,3,write,8207424,124751911,1841580,8350,2093408116,942888960,1094451200,3600139189660,38.115864
27,bench_p26_wt,bench_p26_wt_random,64,2097152,3600000000000,32768,0,0,0,134217728,42,0,1,4,64,3,stack,8207424,0,0,0,0,0,0,3120,38.115981
27,bench_p26_wt,bench_p26_wt_random,64,2097152,3600000000000,32768,0,0,0,134217728,42,0,1,4,64,3,ctx,8207424,0,0,0,0,0,0,608,38.116041
27,bench_p26_wt,bench_p26_wt_random,64,2097152,3600000000000,32768,0,0,0,134217728,42,0,1,4,64,3,heap,8207424,0,0,0,0,0,0,1296,38.116094
27,bench_p26_wt,bench_p26_wt_random,64,2097152,3600000000000,32768,0,0,0,134217728,42,0,1,4,64,3,usage,8207424,0,0,0,0,0,0,5242880,38.116145
28,bench_p26_wt,bench_p26_wt_random,64,2097152,3600000000000,32768,0,0,0,134217728,42,0,1,8,64,3,write,10204800,119280194,2294723,10396,2807892560,1174898176,1362624512,3600892749296,41.319135
28,bench_p26_wt,bench_p26_wt_random,64,2097152,3600000000000,32768,0,0,0,134217728,42,0,1,8,64,3,stack,10204800,0,0,0,0,0,0,3120,41.319242
28,bench_p26_wt,bench_p26_wt_random,64,2097152,3600000000000,32768,0,0,0,134217728,42,0,1,8,64,3,ctx,10204800,0,0,0,0,0,0,608,41.319301
28,bench_p26_wt,bench_p26_wt_random,64,2097152,3600000000000,32768,0,0,0,134217728,42,0,1,8,64,3,heap,10204800,0,0,0,0,0,0,1296,41.319350
28,bench_p26_wt,bench_p26_wt_random,64,2097152,3600000000000,32768,0,0,0,134217728,42,0,1,8,64,3,usage,10204800,0,0,0,0,0,0,5505024,41.319411
36,bench_p26_wt,bench_p26_wt_random,64,2097152,3600000000000,32768,0,0,0,134217728,42,0,1,2048,64,3,write,12891392,44424919,2906416,13167,90982234112,1488084992,1725825024,3600795723776,46.382102
36,bench_p26_wt,bench_p26_wt_random,64,2097152,3600000000000,32768,0,0,0,134217728,42,0,1,2048,64,3,stack,12891392,0,0,0,0,0,0,3072,46.382215
36,bench_p26_wt,bench_p26_wt_random,64,2097152,3600000000000,32768,0,0,0,134217728,42,0,1,2048,64,3,ctx,12891392,0,0,0,0,0,0,608,46.382273
36,bench_p26_wt,bench_p26_wt_random,64,2097152,3600000000000,32768,0,0,0,134217728,42,0,1,2048,64,3,heap,12891392,0,0,0,0,0,0,4624,46.382323
36,bench_p26_wt,bench_p26_wt_random,64,2097152,3600000000000,32768,0,0,0,134217728,42,0,1,2048,64,3,usage,12891392,0,0,0,0,0,0,5373952,46.382370
25,bench_p26_wt,bench_p26_wt_random,64,2097152,3600000000000,32768,0,0,0,134217728,42,0,1,1,64,3,write,13076096,111871247,2948980,13361,3107402239,1509877760,1751252992,3600165228013,47.279825
25,bench_p26_wt,bench_p26_wt_random,64,2097152,3600000000000,32768,0,0,0,134217728,42,0,1,1,64,3,stack,13076096,0,0,0,0,0,0,3120,47.279930
25,bench_p26_wt,bench_p26_wt_random,64,2097152,3600000000000,32768,0,0,0,134217728,42,0,1,1,64,3,ctx,13076096,0,0,0,0,0,0,608,47.279985
25,bench_p26_wt,bench_p26_wt_random,64,2097152,3600000000000,32768,0,0,0,134217728,42,0,1,1,64,3,heap,13076096,0,0,0,0,0,0,1296,47.280034
25,bench_p26_wt,bench_p26_wt_random,64,2097152,3600000000000,32768,0,0,0,134217728,42,0,1,1,64,3,usage,13076096,0,0,0,0,0,0,5373952,47.280080
29,bench_p26_wt,bench_p26_wt_random,64,2097152,3600000000000,32768,0,0,0,134217728,42,0,1,16,64,3,write,13691904,109505661,3089143,13995,4188786544,1581641216,1834352640,3600205455184,51.981415
29,bench_p26_wt,bench_p26_wt_random,64,2097152,3600000000000,32768,0,0,0,134217728,42,0,1,16,64,3,stack,13691904,0,0,0,0,0,0,3120,51.981529
29,bench_p26_wt,bench_p26_wt_random,64,2097152,3600000000000,32768,0,0,0,134217728,42,0,1,16,64,3,ctx,13691904,0,0,0,0,0,0,608,51.981587
29,bench_p26_wt,bench_p26_wt_random,64,2097152,3600000000000,32768,0,0,0,134217728,42,0,1,16,64,3,heap,13691904,0,0,0,0,0,0,1296,51.981639
29,bench_p26_wt,bench_p26_wt_random,64,2097152,3600000000000,32768,0,0,0,134217728,42,0,1,16,64,3,usage,13691904,0,0,0,0,0,0,5111808,51.981687
31,bench_p26_wt,bench_p26_wt_random,64,2097152,3600000000000,32768,0,0,0,134217728,42,0,1,64,64,3,write,18096960,95094492,4084608,18504,8779278784,2091319296,2425356288,3600527759680,52.969110
31,bench_p26_wt,bench_p26_wt_random,64,2097152,3600000000000,32768,0,0,0,134217728,42,0,1,64,64,3,stack,18096960,0,0,0,0,0,0,3088,52.969212
31,bench_p26_wt,bench_p26_wt_random,64,2097152,3600000000000,32768,0,0,0,134217728,42,0,1,64,64,3,ctx,18096960,0,0,0,0,0,0,608,52.969273
31,bench_p26_wt,bench_p26_wt_random,64,2097152,3600000000000,32768,0,0,0,134217728,42,0,1,64,64,3,heap,18096960,0,0,0,0,0,0,1296,52.969337
31,bench_p26_wt,bench_p26_wt_random,64,2097152,3600000000000,32768,0,0,0,134217728,42,0,1,64,64,3,usage,18096960,0,0,0,0,0,0,5242880,52.969388
30,bench_p26_wt,bench_p26_wt_random,64,2097152,3600000000000,32768,0,0,0,134217728,42,0,1,32,64,3,write,16669888,100703925,3765641,17062,6012710624,1928008192,2236350464,3600186572960,53.024277
30,bench_p26_wt,bench_p26_wt_random,64,2097152,3600000000000,32768,0,0,0,134217728,42,0,1,32,64,3,stack,16669888,0,0,0,0,0,0,3120,53.024359
30,bench_p26_wt,bench_p26_wt_random,64,2097152,3600000000000,32768,0,0,0,134217728,42,0,1,32,64,3,ctx,16669888,0,0,0,0,0,0,608,53.024396
30,bench_p26_wt,bench_p26_wt_random,64,2097152,3600000000000,32768,0,0,0,134217728,42,0,1,32,64,3,heap,16669888,0,0,0,0,0,0,1296,53.024427
30,bench_p26_wt,bench_p26_wt_random,64,2097152,3600000000000,32768,0,0,0,134217728,42,0,1,32,64,3,usage,16669888,0,0,0,0,0,0,4718592,53.024456
35,bench_p26_wt,bench_p26_wt_random,64,2097152,3600000000000,32768,0,0,0,134217728,42,0,1,1024,64,3,write,15673216,60179582,3539926,16029,61623891968,1812442112,2100953088,3600249801728,53.244312
35,bench_p26_wt,bench_p26_wt_random,64,2097152,3600000000000,32768,0,0,0,134217728,42,0,1,1024,64,3,stack,15673216,0,0,0,0,0,0,3072,53.244406
35,bench_p26_wt,bench_p26_wt_random,64,2097152,3600000000000,32768,0,0,0,134217728,42,0,1,1024,64,3,ctx,15673216,0,0,0,0,0,0,608,53.244452
35,bench_p26_wt,bench_p26_wt_random,64,2097152,3600000000000,32768,0,0,0,134217728,42,0,1,1024,64,3,heap,15673216,0,0,0,0,0,0,2576,53.244489
35,bench_p26_wt,bench_p26_wt_random,64,2097152,3600000000000,32768,0,0,0,134217728,42,0,1,1024,64,3,usage,15673216,0,0,0,0,0,0,4849664,53.244526
34,bench_p26_wt,bench_p26_wt_random,64,2097152,3600000000000,32768,0,0,0,134217728,42,0,1,512,64,3,write,17734208,73655198,4002551,18132,37711461376,2049306112,2376597504,3601315073536,55.999140
34,bench_p26_wt,bench_p26_wt_random,64,2097152,3600000000000,32768,0,0,0,134217728,42,0,1,512,64,3,stack,17734208,0,0,0,0,0,0,3072,55.999231
34,bench_p26_wt,bench_p26_wt_random,64,2097152,3600000000000,32768,0,0,0,134217728,42,0,1,512,64,3,ctx,17734208,0,0,0,0,0,0,608,55.999273
34,bench_p26_wt,bench_p26_wt_random,64,2097152,3600000000000,32768,0,0,0,134217728,42,0,1,512,64,3,heap,17734208,0,0,0,0,0,0,1552,55.999307
34,bench_p26_wt,bench_p26_wt_random,64,2097152,3600000000000,32768,0,0,0,134217728,42,0,1,512,64,3,usage,17734208,0,0,0,0,0,0,6291456,55.999339
32,bench_p26_wt,bench_p26_wt_random,64,2097152,3600000000000,32768,0,0,0,134217728,42,0,1,128,64,3,write,18499392,90571365,4175908,18916,13333452800,2138064896,2479357952,3600406740992,56.384526
32,bench_p26_wt,bench_p26_wt_random,64,2097152,3600000000000,32768,0,0,0,134217728,42,0,1,128,64,3,stack,18499392,0,0,0,0,0,0,3072,56.384608
32,bench_p26_wt,bench_p26_wt_random,64,2097152,3600000000000,32768,0,0,0,134217728,42,0,1,128,64,3,ctx,18499392,0,0,0,0,0,0,608,56.384646
32,bench_p26_wt,bench_p26_wt_random,64,2097152,3600000000000,32768,0,0,0,134217728,42,0,1,128,64,3,heap,18499392,0,0,0,0,0,0,1296,56.384677
32,bench_p26_wt,bench_p26_wt_random,64,2097152,3600000000000,32768,0,0,0,134217728,42,0,1,128,64,3,usage,18499392,0,0,0,0,0,0,5767168,56.384706
33,bench_p26_wt,bench_p26_wt_random,64,2097152,3600000000000,32768,0,0,0,134217728,42,0,1,256,64,3,write,18130304,84988505,4090256,18530,21773146880,2094211072,2428764160,3600563765504,58.139762
33,bench_p26_wt,bench_p26_wt_random,64,2097152,3600000000000,32768,0,0,0,134217728,42,0,1,256,64,3,stack,18130304,0,0,0,0,0,0,3072,58.139849
33,bench_p26_wt,bench_p26_wt_random,64,2097152,3600000000000,32768,0,0,0,134217728,42,0,1,256,64,3,ctx,18130304,0,0,0,0,0,0,608,58.139891
33,bench_p26_wt,bench_p26_wt_random,64,2097152,3600000000000,32768,0,0,0,134217728,42,0,1,256,64,3,heap,18130304,0,0,0,0,0,0,1296,58.139929
33,bench_p26_wt,bench_p26_wt_random,64,2097152,3600000000000,32768,0,0,0,134217728,42,0,1,256,64,3,usage,18130304,0,0,0,0,0,0,4980736,58.139963
37,bench_p26_wt,bench_p26_wt_random,64,2097152,3600000000000,32768,0,0,0,134217728,42,0,1,4096,64,3,write,8148224,48976634,1829776,8291,100304146432,936845312,1086717952,3600709881856,14.880617
37,bench_p26_wt,bench_p26_wt_random,64,2097152,3600000000000,32768,0,0,0,134217728,42,0,1,4096,64,3,stack,8148224,0,0,0,0,0,0,3072,14.880687
37,bench_p26_wt,bench_p26_wt_random,64,2097152,3600000000000,32768,0,0,0,134217728,42,0,1,4096,64,3,ctx,8148224,0,0,0,0,0,0,608,14.880720
37,bench_p26_wt,bench_p26_wt_random,64,2097152,3600000000000,32768,0,0,0,134217728,42,0,1,4096,64,3,heap,8148224,0,0,0,0,0,0,8720,14.880747
37,bench_p26_wt,bench_p26_wt_random,64,2097152,3600000000000,32768,0,0,0,134217728,42,0,1,4096,64,3,usage,8148224,0,0,0,0,0,0,4980736,14.880772
39,bench_p26_wt,bench_p26_wt_many,64,2097152,3600000000000,32768,0,0,0,134217728,42,0,1,2,64,3,write,10612032,135022995,220648,910,11716790408,112971776,119275520,3600009966104,174.531047
39,bench_p26_wt,bench_p26_wt_many,64,2097152,3600000000000,32768,0,0,0,134217728,42,0,1,2,64,3,stack,10612032,0,0,0,0,0,0,3312,174.531177
39,bench_p26_wt,bench_p26_wt_many,64,2097152,3600000000000,32768,0,0,0,134217728,42,0,1,2,64,3,ctx,10612032,0,0,0,0,0,0,848,174.531234
39,bench_p26_wt,bench_p26_wt_many,64,2097152,3600000000000,32768,0,0,0,134217728,42,0,1,2,64,3,heap,10612032,0,0,0,0,0,0,1296,174.531296
39,bench_p26_wt,bench_p26_wt_many,64,2097152,3600000000000,32768,0,0,0,134217728,42,0,1,2,64,3,usage,10612032,0,0,0,0,0,0,34078720,174.531346
40,bench_p26_wt,bench_p26_wt_many,64,2097152,3600000000000,32768,0,0,0,134217728,42,0,1,4,64,3,write,11175360,134205810,232762,964,12602651704,119174144,126353408,3600008961064,177.015294
40,bench_p26_wt,bench_p26_wt_many,64,2097152,3600000000000,32768,0,0,0,134217728,42,0,1,4,64,3,stack,11175360,0,0,0,0,0,0,3312,177.015396
40,bench_p26_wt,bench_p26_wt_many,64,2097152,3600000000000,32768,0,0,0,134217728,42,0,1,4,64,3,ctx,11175360,0,0,0,0,0,0,848,177.015453
40,bench_p26_wt,bench_p26_wt_many,64,2097152,3600000000000,32768,0,0,0,134217728,42,0,1,4,64,3,heap,11175360,0,0,0,0,0,0,1296,177.015502
40,bench_p26_wt,bench_p26_wt_many,64,2097152,3600000000000,32768,0,0,0,134217728,42,0,1,4,64,3,usage,11175360,0,0,0,0,0,0,34340864,177.015548
41,bench_p26_wt,bench_p26_wt_many,64,2097152,3600000000000,32768,0,0,0,134217728,42,0,1,8,64,3,write,12504832,132601887,260119,1070,14292573904,133180928,140247040,3600009315184,191.337066
41,bench_p26_wt,bench_p26_wt_many,64,2097152,3600000000000,32768,0,0,0,134217728,42,0,1,8,64,3,stack,12504832,0,0,0,0,0,0,3312,191.337173
41,bench_p26_wt,bench_p26_wt_many,64,2097152,3600000000000,32768,0,0,0,134217728,42,0,1,8,64,3,ctx,12504832,0,0,0,0,0,0,848,191.337227
41,bench_p26_wt,bench_p26_wt_many,64,2097152,3600000000000,32768,0,0,0,134217728,42,0,1,8,64,3,heap,12504832,0,0,0,0,0,0,1296,191.337275
41,bench_p26_wt,bench_p26_wt_many,64,2097152,3600000000000,32768,0,0,0,134217728,42,0,1,8,64,3,usage,12504832,0,0,0,0,0,0,34340864,191.337320
38,bench_p26_wt,bench_p26_wt_many,64,2097152,3600000000000,32768,0,0,0,134217728,42,0,1,1,64,3,write,13886336,131426228,288678,1183,15411009979,147803136,155058176,3600002231521,202.559078
38,bench_p26_wt,bench_p26_wt_many,64,2097152,3600000000000,32768,0,0,0,134217728,42,0,1,1,64,3,stack,13886336,0,0,0,0,0,0,3312,202.559188
38,bench_p26_wt,bench_p26_wt_many,64,2097152,3600000000000,32768,0,0,0,134217728,42,0,1,1,64,3,ctx,13886336,0,0,0,0,0,0,848,202.559243
38,bench_p26_wt,bench_p26_wt_many,64,2097152,3600000000000,32768,0,0,0,134217728,42,0,1,1,64,3,heap,13886336,0,0,0,0,0,0,1296,202.559291
38,bench_p26_wt,bench_p26_wt_many,64,2097152,3600000000000,32768,0,0,0,134217728,42,0,1,1,64,3,usage,13886336,0,0,0,0,0,0,34340864,202.559338
44,bench_p26_wt,bench_p26_wt_many,64,2097152,3600000000000,32768,0,0,0,134217728,42,0,1,64,64,3,write,16784384,125939849,348396,1415,21669349632,178378752,185466880,3600035402496,218.988200
44,bench_p26_wt,bench_p26_wt_many,64,2097152,3600000000000,32768,0,0,0,134217728,42,0,1,64,64,3,stack,16784384,0,0,0,0,0,0,3264,218.988304
44,bench_p26_wt,bench_p26_wt_many,64,2097152,3600000000000,32768,0,0,0,134217728,42,0,1,64,64,3,ctx,16784384,0,0,0,0,0,0,848,218.988359
44,bench_p26_wt,bench_p26_wt_many,64,2097152,3600000000000,32768,0,0,0,134217728,42,0,1,64,64,3,heap,16784384,0,0,0,0,0,0,1296,218.988405
44,bench_p26_wt,bench_p26_wt_many,64,2097152,3600000000000,32768,0,0,0,134217728,42,0,1,64,64,3,usage,16784384,0,0,0,0,0,0,34340864,218.988449
42,bench_p26_wt,bench_p26_wt_many,64,2097152,3600000000000,32768,0,0,0,134217728,42,0,1,16,64,3,write,14896448,129383874,309312,1261,17762775328,158367744,165281792,3600002491744,230.692327
42,bench_p26_wt,bench_p26_wt_many,64,2097152,3600000000000,32768,0,0,0,134217728,42,0,1,16,64,3,stack,14896448,0,0,0,0,0,0,3312,230.692429
42,bench_p26_wt,bench_p26_wt_many,64,2097152,3600000000000,32768,0,0,0,134217728,42,0,1,16,64,3,ctx,14896448,0,0,0,0,0,0,848,230.692481
42,bench_p26_wt,bench_p26_wt_many,64,2097152,3600000000000,32768,0,0,0,134217728,42,0,1,16,64,3,heap,14896448,0,0,0,0,0,0,1296,230.692527
42,bench_p26_wt,bench_p26_wt_many,64,2097152,3600000000000,32768,0,0,0,134217728,42,0,1,16,64,3,usage,14896448,0,0,0,0,0,0,34340864,230.692571
45,bench_p26_wt,bench_p26_wt_many,64,2097152,3600000000000,32768,0,0,0,134217728,42,0,1,128,64,3,write,16859328,123196170,349816,1419,25196851584,179105792,185991168,3600005758080,239.065199
45,bench_p26_wt,bench_p26_wt_many,64,2097152,3600000000000,32768,0,0,0,134217728,42,0,1,128,64,3,stack,16859328,0,0,0,0,0,0,3264,239.065302
45,bench_p26_wt,bench_p26_wt_many,64,2097152,3600000000000,32768,0,0,0,134217728,42,0,1,128,64,3,ctx,16859328,0,0,0,0,0,0,848,239.065355
45,bench_p26_wt,bench_p26_wt_many,64,2097152,3600000000000,32768,0,0,0,134217728,42,0,1,128,64,3,heap,16859328,0,0,0,0,0,0,1296,239.065403
45,bench_p26_wt,bench_p26_wt_many,64,2097152,3600000000000,32768,0,0,0,134217728,42,0,1,128,64,3,usage,16859328,0,0,0,0,0,0,34340864,239.065448
46,bench_p26_wt,bench_p26_wt_many,64,2097152,3600000000000,32768,0,0,0,134217728,42,0,1,256,64,3,write,16852416,119104419,349708,1419,30490731264,179050496,185991168,3600002564352,239.293435
46,bench_p26_wt,bench_p26_wt_many,64,2097152,3600000000000,32768,0,0,0,134217728,42,0,1,256,64,3,stack,16852416,0,0,0,0,0,0,3264,239.293533
46,bench_p26_wt,bench_p26_wt_many,64,2097152,3600000000000,32768,0,0,0,134217728,42,0,1,256,64,3,ctx,16852416,0,0,0,0,0,0,848,239.293585
46,bench_p26_wt,bench_p26_wt_many,64,2097152,3600000000000,32768,0,0,0,134217728,42,0,1,256,64,3,heap,16852416,0,0,0,0,0,0,1296,239.293629
46,bench_p26_wt,bench_p26_wt_many,64,2097152,3600000000000,32768,0,0,0,134217728,42,0,1,256,64,3,usage,16852416,0,0,0,0,0,0,34340864,239.293672
43,bench_p26_wt,bench_p26_wt_many,64,2097152,3600000000000,32768,0,0,0,134217728,42,0,1,32,64,3,write,16320640,127671098,339135,1383,19558505152,173637120,181272576,3600009610816,243.699640
43,bench_p26_wt,bench_p26_wt_many,64,2097152,3600000000000,32768,0,0,0,134217728,42,0,1,32,64,3,stack,16320640,0,0,0,0,0,0,3264,243.699729
43,bench_p26_wt,bench_p26_wt_many,64,2097152,3600000000000,32768,0,0,0,134217728,42,0,1,32,64,3,ctx,16320640,0,0,0,0,0,0,848,243.699773
43,bench_p26_wt,bench_p26_wt_many,64,2097152,3600000000000,32768,0,0,0,134217728,42,0,1,32,64,3,heap,16320640,0,0,0,0,0,0,1296,243.699809
43,bench_p26_wt,bench_p26_wt_many,64,2097152,3600000000000,32768,0,0,0,134217728,42,0,1,32,64,3,usage,16320640,0,0,0,0,0,0,34340864,243.699842
49,bench_p26_wt,bench_p26_wt_many,64,2097152,3600000000000,32768,0,0,0,134217728,42,0,1,2048,64,3,write,21732480,54810034,450614,1817,112250949632,230714368,238157824,3600323990528,255.618757
49,bench_p26_wt,bench_p26_wt_many,64,2097152,3600000000000,32768,0,0,0,134217728,42,0,1,2048,64,3,stack,21732480,0,0,0,0,0,0,3248,255.618844
49,bench_p26_wt,bench_p26_wt_many,64,2097152,3600000000000,32768,0,0,0,134217728,42,0,1,2048,64,3,ctx,21732480,0,0,0,0,0,0,848,255.618886
49,bench_p26_wt,bench_p26_wt_many,64,2097152,3600000000000,32768,0,0,0,134217728,42,0,1,2048,64,3,heap,21732480,0,0,0,0,0,0,4624,255.618921
49,bench_p26_wt,bench_p26_wt_many,64,2097152,3600000000000,32768,0,0,0,134217728,42,0,1,2048,64,3,usage,21732480,0,0,0,0,0,0,34340864,255.618959
47,bench_p26_wt,bench_p26_wt_many,64,2097152,3600000000000,32768,0,0,0,134217728,42,0,1,512,64,3,write,19303616,101822512,400293,1617,52133126144,204950016,211943424,3600008261120,258.450284
47,bench_p26_wt,bench_p26_wt_many,64,2097152,3600000000000,32768,0,0,0,134217728,42,0,1,512,64,3,stack,19303616,0,0,0,0,0,0,3264,258.450353
47,bench_p26_wt,bench_p26_wt_many,64,2097152,3600000000000,32768,0,0,0,134217728,42,0,1,512,64,3,ctx,19303616,0,0,0,0,0,0,848,258.450383
47,bench_p26_wt,bench_p26_wt_many,64,2097152,3600000000000,32768,0,0,0,134217728,42,0,1,512,64,3,heap,19303616,0,0,0,0,0,0,1552,258.450408
47,bench_p26_wt,bench_p26_wt_many,64,2097152,3600000000000,32768,0,0,0,134217728,42,0,1,512,64,3,usage,19303616,0,0,0,0,0,0,34340864,258.450431
48,bench_p26_wt,bench_p26_wt_many,64,2097152,3600000000000,32768,0,0,0,134217728,42,0,1,1024,64,3,write,22209664,78963482,460140,1851,80858605568,235591680,242614272,3600004235264,276.926651
48,bench_p26_wt,bench_p26_wt_many,64,2097152,3600000000000,32768,0,0,0,134217728,42,0,1,1024,64,3,stack,22209664,0,0,0,0,0,0,3248,276.926727
48,bench_p26_wt,bench_p26_wt_many,64,2097152,3600000000000,32768,0,0,0,134217728,42,0,1,1024,64,3,ctx,22209664,0,0,0,0,0,0,848,276.926769
48,bench_p26_wt,bench_p26_wt_many,64,2097152,3600000000000,32768,0,0,0,134217728,42,0,1,1024,64,3,heap,22209664,0,0,0,0,0,0,2576,276.926797
48,bench_p26_wt,bench_p26_wt_many,64,2097152,3600000000000,32768,0,0,0,134217728,42,0,1,1024,64,3,usage,22209664,0,0,0,0,0,0,34340864,276.926823
50,bench_p26_wt,bench_p26_wt_many,64,2097152,3600000000000,32768,0,0,0,134217728,42,0,1,4096,64,3,write,14476416,55436120,300731,1229,113533173760,153974272,161087488,3600009654784,94.466200
50,bench_p26_wt,bench_p26_wt_many,64,2097152,3600000000000,32768,0,0,0,134217728,42,0,1,4096,64,3,stack,14476416,0,0,0,0,0,0,3248,94.466275
50,bench_p26_wt,bench_p26_wt_many,64,2097152,3600000000000,32768,0,0,0,134217728,42,0,1,4096,64,3,ctx,14476416,0,0,0,0,0,0,848,94.466308
50,bench_p26_wt,bench_p26_wt_many,64,2097152,3600000000000,32768,0,0,0,134217728,42,0,1,4096,64,3,heap,14476416,0,0,0,0,0,0,8720,94.466337
50,bench_p26_wt,bench_p26_wt_many,64,2097152,3600000000000,32768,0,0,0,134217728,42,0,1,4096,64,3,usage,14476416,0,0,0,0,0,0,34340864,94.466364
53,bench_p26_wt,bench_p26_wt_logging,64,2097152,3600000000000,32768,0,0,0,134217728,42,0,1,4,64,3,write,51146880,108713028,3294328,12874,2516007072,1686695936,1687420928,3600001663968,47.790452
53,bench_p26_wt,bench_p26_wt_logging,64,2097152,3600000000000,32768,0,0,0,134217728,42,0,1,4,64,3,stack,51146880,0,0,0,0,0,0,3296,47.790594
53,bench_p26_wt,bench_p26_wt_logging,64,2097152,3600000000000,32768,0,0,0,134217728,42,0,1,4,64,3,ctx,51146880,0,0,0,0,0,0,624,47.798915
53,bench_p26_wt,bench_p26_wt_logging,64,2097152,3600000000000,32768,0,0,0,134217728,42,0,1,4,64,3,heap,51146880,0,0,0,0,0,0,1296,47.798990
53,bench_p26_wt,bench_p26_wt_logging,64,2097152,3600000000000,32768,0,0,0,134217728,42,0,1,4,64,3,usage,51146880,0,0,0,0,0,0,3014656,47.799047
52,bench_p26_wt,bench_p26_wt_logging,64,2097152,3600000000000,32768,0,0,0,134217728,42,0,1,2,64,3,write,59935104,102292929,3866049,15107,2778261778,1979417088,1980104704,3600004031062,53.048488
52,bench_p26_wt,bench_p26_wt_logging,64,2097152,3600000000000,32768,0,0,0,134217728,42,0,1,2,64,3,stack,59935104,0,0,0,0,0,0,3296,53.056879
52,bench_p26_wt,bench_p26_wt_logging,64,2097152,3600000000000,32768,0,0,0,134217728,42,0,1,2,64,3,ctx,59935104,0,0,0,0,0,0,624,53.056955
52,bench_p26_wt,bench_p26_wt_logging,64,2097152,3600000000000,32768,0,0,0,134217728,42,0,1,2,64,3,heap,59935104,0,0,0,0,0,0,1296,53.057012
52,bench_p26_wt,bench_p26_wt_logging,64,2097152,3600000000000,32768,0,0,0,134217728,42,0,1,2,64,3,usage,59935104,0,0,0,0,0,0,3014656,53.057063
54,bench_p26_wt,bench_p26_wt_logging,64,2097152,3600000000000,32768,0,0,0,134217728,42,0,1,8,64,3,write,65599488,97868836,4234603,16547,3316256576,2168116736,2168848384,3600001299392,55.500887
54,bench_p26_wt,bench_p26_wt_logging,64,2097152,3600000000000,32768,0,0,0,134217728,42,0,1,8,64,3,stack,65599488,0,0,0,0,0,0,3296,55.500994
54,bench_p26_wt,bench_p26_wt_logging,64,2097152,3600000000000,32768,0,0,0,134217728,42,0,1,8,64,3,ctx,65599488,0,0,0,0,0,0,624,55.501050
54,bench_p26_wt,bench_p26_wt_logging,64,2097152,3600000000000,32768,0,0,0,134217728,42,0,1,8,64,3,heap,65599488,0,0,0,0,0,0,1296,55.501098
54,bench_p26_wt,bench_p26_wt_logging,64,2097152,3600000000000,32768,0,0,0,134217728,42,0,1,8,64,3,usage,65599488,0,0,0,0,0,0,3014656,55.501144
51,bench_p26_wt,bench_p26_wt_logging,64,2097152,3600000000000,32768,0,0,0,134217728,42,0,1,1,64,3,write,77765696,89054040,5026102,19640,3584196252,2573364224,2574254080,3600001288596,62.541390
51,bench_p26_wt,bench_p26_wt_logging,64,2097152,3600000000000,32768,0,0,0,134217728,42,0,1,1,64,3,stack,77765696,0,0,0,0,0,0,3296,62.541504
51,bench_p26_wt,bench_p26_wt_logging,64,2097152,3600000000000,32768,0,0,0,134217728,42,0,1,1,64,3,ctx,77765696,0,0,0,0,0,0,624,62.541561
51,bench_p26_wt,bench_p26_wt_logging,64,2097152,3600000000000,32768,0,0,0,134217728,42,0,1,1,64,3,heap,77765696,0,0,0,0,0,0,1296,62.541610
51,bench_p26_wt,bench_p26_wt_logging,64,2097152,3600000000000,32768,0,0,0,134217728,42,0,1,1,64,3,usage,77765696,0,0,0,0,0,0,3014656,62.541670
62,bench_p26_wt,bench_p26_wt_logging,64,2097152,3600000000000,32768,0,0,0,134217728,42,0,1,2048,64,3,write,105482624,27954391,6829267,26685,57250592768,3496584704,3497656320,3600001665536,68.595798
62,bench_p26_wt,bench_p26_wt_logging,64,2097152,3600000000000,32768,0,0,0,134217728,42,0,1,2048,64,3,stack,105482624,0,0,0,0,0,0,3296,68.595910
62,bench_p26_wt,bench_p26_wt_logging,64,2097152,3600000000000,32768,0,0,0,134217728,42,0,1,2048,64,3,ctx,105482624,0,0,0,0,0,0,624,68.595970
62,bench_p26_wt,bench_p26_wt_logging,64,2097152,3600000000000,32768,0,0,0,134217728,42,0,1,2048,64,3,heap,105482624,0,0,0,0,0,0,4624,68.596022
62,bench_p26_wt,bench_p26_wt_logging,64,2097152,3600000000000,32768,0,0,0,134217728,42,0,1,2048,64,3,usage,105482624,0,0,0,0,0,0,3014656,68.596072
56,bench_p26_wt,bench_p26_wt_logging,64,2097152,3600000000000,32768,0,0,0,134217728,42,0,1,32,64,3,write,103931968,68712135,6728413,26290,5950244512,3444947456,3445882880,3600000678880,71.549461
56,bench_p26_wt,bench_p26_wt_logging,64,2097152,3600000000000,32768,0,0,0,134217728,42,0,1,32,64,3,stack,103931968,0,0,0,0,0,0,3296,71.549567
56,bench_p26_wt,bench_p26_wt_logging,64,2097152,3600000000000,32768,0,0,0,134217728,42,0,1,32,64,3,ctx,103931968,0,0,0,0,0,0,624,71.549621
56,bench_p26_wt,bench_p26_wt_logging,64,2097152,3600000000000,32768,0,0,0,134217728,42,0,1,32,64,3,heap,103931968,0,0,0,0,0,0,1296,71.549668
56,bench_p26_wt,bench_p26_wt_logging,64,2097152,3600000000000,32768,0,0,0,134217728,42,0,1,32,64,3,usage,103931968,0,0,0,0,0,0,3014656,71.549713
55,bench_p26_wt,bench_p26_wt_logging,64,2097152,3600000000000,32768,0,0,0,134217728,42,0,1,16,64,3,write,91041920,78830123,5889859,23015,4658428048,3015607808,3016622080,3600001725616,71.918870
55,bench_p26_wt,bench_p26_wt_logging,64,2097152,3600000000000,32768,0,0,0,134217728,42,0,1,16,64,3,stack,91041920,0,0,0,0,0,0,3296,71.918973
55,bench_p26_wt,bench_p26_wt_logging,64,2097152,3600000000000,32768,0,0,0,134217728,42,0,1,16,64,3,ctx,91041920,0,0,0,0,0,0,624,71.919027
55,bench_p26_wt,bench_p26_wt_logging,64,2097152,3600000000000,32768,0,0,0,134217728,42,0,1,16,64,3,heap,91041920,0,0,0,0,0,0,1296,71.919075
55,bench_p26_wt,bench_p26_wt_logging,64,2097152,3600000000000,32768,0,0,0,134217728,42,0,1,16,64,3,usage,91041920,0,0,0,0,0,0,3014656,71.919118
60,bench_p26_wt,bench_p26_wt_logging,64,2097152,3600000000000,32768,0,0,0,134217728,42,0,1,512,64,3,write,112493440,48182505,7285418,28468,24669442560,3730134016,3731357696,3600000963072,72.800531
60,bench_p26_wt,bench_p26_wt_logging,64,2097152,3600000000000,32768,0,0,0,134217728,42,0,1,512,64,3,stack,112493440,0,0,0,0,0,0,3296,72.800644
60,bench_p26_wt,bench_p26_wt_logging,64,2097152,3600000000000,32768,0,0,0,134217728,42,0,1,512,64,3,ctx,112493440,0,0,0,0,0,0,624,72.808960
60,bench_p26_wt,bench_p26_wt_logging,64,2097152,3600000000000,32768,0,0,0,134217728,42,0,1,512,64,3,heap,112493440,0,0,0,0,0,0,1552,72.809022
60,bench_p26_wt,bench_p26_wt_logging,64,2097152,3600000000000,32768,0,0,0,134217728,42,0,1,512,64,3,usage,112493440,0,0,0,0,0,0,3014656,72.809067
61,bench_p26_wt,bench_p26_wt_logging,64,2097152,3600000000000,32768,0,0,0,134217728,42,0,1,1024,64,3,write,108641216,39058875,7034778,27489,39996288000,3601806336,3603038208,3600001769472,73.096488
61,bench_p26_wt,bench_p26_wt_logging,64,2097152,3600000000000,32768,0,0,0,134217728,42,0,1,1024,64,3,stack,108641216,0,0,0,0,0,0,3296,73.096583
61,bench_p26_wt,bench_p26_wt_logging,64,2097152,3600000000000,32768,0,0,0,134217728,42,0,1,1024,64,3,ctx,108641216,0,0,0,0,0,0,624,73.096632
61,bench_p26_wt,bench_p26_wt_logging,64,2097152,3600000000000,32768,0,0,0,134217728,42,0,1,1024,64,3,heap,108641216,0,0,0,0,0,0,2576,73.096675
61,bench_p26_wt,bench_p26_wt_logging,64,2097152,3600000000000,32768,0,0,0,134217728,42,0,1,1024,64,3,usage,108641216,0,0,0,0,0,0,3014656,73.096717
57,bench_p26_wt,bench_p26_wt_logging,64,2097152,3600000000000,32768,0,0,0,134217728,42,0,1,64,64,3,write,110717632,63073993,7169912,28017,7032438912,3670994944,3672244224,3600000891264,77.635071
57,bench_p26_wt,bench_p26_wt_logging,64,2097152,3600000000000,32768,0,0,0,134217728,42,0,1,64,64,3,stack,110717632,0,0,0,0,0,0,3296,77.635181
57,bench_p26_wt,bench_p26_wt_logging,64,2097152,3600000000000,32768,0,0,0,134217728,42,0,1,64,64,3,ctx,110717632,0,0,0,0,0,0,624,77.635222
57,bench_p26_wt,bench_p26_wt_logging,64,2097152,3600000000000,32768,0,0,0,134217728,42,0,1,64,64,3,heap,110717632,0,0,0,0,0,0,1296,77.635256
57,bench_p26_wt,bench_p26_wt_logging,64,2097152,3600000000000,32768,0,0,0,134217728,42,0,1,64,64,3,usage,110717632,0,0,0,0,0,0,3014656,77.635287
58,bench_p26_wt,bench_p26_wt_logging,64,2097152,3600000000000,32768,0,0,0,134217728,42,0,1,128,64,3,write,109821952,61547750,7111564,27789,9827379712,3641120768,3642359808,3600001345024,78.160614
58,bench_p26_wt,bench_p26_wt_logging,64,2097152,3600000000000,32768,0,0,0,134217728,42,0,1,128,64,3,stack,109821952,0,0,0,0,0,0,3296,78.160688
58,bench_p26_wt,bench_p26_wt_logging,64,2097152,3600000000000,32768,0,0,0,134217728,42,0,1,128,64,3,ctx,109821952,0,0,0,0,0,0,624,78.160727
58,bench_p26_wt,bench_p26_wt_logging,64,2097152,3600000000000,32768,0,0,0,134217728,42,0,1,128,64,3,heap,109821952,0,0,0,0,0,0,1296,78.160759
58,bench_p26_wt,bench_p26_wt_logging,64,2097152,3600000000000,32768,0,0,0,134217728,42,0,1,128,64,3,usage,109821952,0,0,0,0,0,0,3014656,78.160789
59,bench_p26_wt,bench_p26_wt_logging,64,2097152,3600000000000,32768,0,0,0,134217728,42,0,1,256,64,3,write,111878272,56506354,7245411,28311,14465626624,3709650432,3710779392,3600001521664,79.317466
59,bench_p26_wt,bench_p26_wt_logging,64,2097152,3600000000000,32768,0,0,0,134217728,42,0,1,256,64,3,stack,111878272,0,0,0,0,0,0,3296,79.317539
59,bench_p26_wt,bench_p26_wt_logging,64,2097152,3600000000000,32768,0,0,0,134217728,42,0,1,256,64,3,ctx,111878272,0,0,0,0,0,0,624,79.317575
59,bench_p26_wt,bench_p26_wt_logging,64,2097152,3600000000000,32768,0,0,0,134217728,42,0,1,256,64,3,heap,111878272,0,0,0,0,0,0,1296,79.317600
59,bench_p26_wt,bench_p26_wt_logging,64,2097152,3600000000000,32768,0,0,0,134217728,42,0,1,256,64,3,usage,111878272,0,0,0,0,0,0,3014656,79.317647
63,bench_p26_wt,bench_p26_wt_logging,64,2097152,3600000000000,32768,0,0,0,134217728,42,0,1,4096,64,3,write,83661440,33930272,5409716,21139,69489197056,2769774592,2770731008,3600001792000,30.892676
63,bench_p26_wt,bench_p26_wt_logging,64,2097152,3600000000000,32768,0,0,0,134217728,42,0,1,4096,64,3,stack,83661440,0,0,0,0,0,0,3296,30.892748
63,bench_p26_wt,bench_p26_wt_logging,64,2097152,3600000000000,32768,0,0,0,134217728,42,0,1,4096,64,3,ctx,83661440,0,0,0,0,0,0,624,30.892779
63,bench_p26_wt,bench_p26_wt_logging,64,2097152,3600000000000,32768,0,0,0,134217728,42,0,1,4096,64,3,heap,83661440,0,0,0,0,0,0,8720,30.892804
63,bench_p26_wt,bench_p26_wt_logging,64,2097152,3600000000000,32768,0,0,0,134217728,42,0,1,4096,64,3,usage,83661440,0,0,0,0,0,0,3014656,30.892828
