i,suite,case,NO_SET,PROG_SIZE,DISK_GEOMETRY,SEED,CHUNK,DISK_SIZE,FS,SKIP_WARMUP,SIM_TIME,FILE_COUNT,FILE_SIZE,SIZE,SIM_SIZE,NO_FRUNCATE,probe,n,bench_reads,bench_progs,bench_erases,bench_readed,bench_progged,bench_erased,bench_simtime,bench_runtime
14,bench_p26_wt,bench_p26_wt_linear,0,4,0,42,64,134217728,2,0,3600000000000,32768,64,2097152,0,0,write,284971520,287040056,1115347,69710,287040056,285527628,285532160,3600044501348,6.614849
14,bench_p26_wt,bench_p26_wt_linear,0,4,0,42,64,134217728,2,0,3600000000000,32768,64,2097152,0,0,stack,284971520,0,0,0,0,0,0,2000,6.615107
14,bench_p26_wt,bench_p26_wt_linear,0,4,0,42,64,134217728,2,0,3600000000000,32768,64,2097152,0,0,ctx,284971520,0,0,0,0,0,0,400,6.615172
14,bench_p26_wt,bench_p26_wt_linear,0,4,0,42,64,134217728,2,0,3600000000000,32768,64,2097152,0,0,heap,284971520,0,0,0,0,0,0,784,6.615227
14,bench_p26_wt,bench_p26_wt_linear,0,4,0,42,64,134217728,2,0,3600000000000,32768,64,2097152,0,0,usage,284971520,0,0,0,0,0,0,1880064,6.615281
17,bench_p26_wt,bench_p26_wt_linear,0,32,0,42,64,134217728,2,0,3600000000000,32768,64,2097152,0,0,write,284971520,287039644,1115347,69710,287039644,285528192,285532160,3600044495584,6.701399
17,bench_p26_wt,bench_p26_wt_linear,0,32,0,42,64,134217728,2,0,3600000000000,32768,64,2097152,0,0,stack,284971520,0,0,0,0,0,0,2000,6.701513
17,bench_p26_wt,bench_p26_wt_linear,0,32,0,42,64,134217728,2,0,3600000000000,32768,64,2097152,0,0,ctx,284971520,0,0,0,0,0,0,400,6.701576
17,bench_p26_wt,bench_p26_wt_linear,0,32,0,42,64,134217728,2,0,3600000000000,32768,64,2097152,0,0,heap,284971520,0,0,0,0,0,0,784,6.701632
17,bench_p26_wt,bench_p26_wt_linear,0,32,0,42,64,134217728,2,0,3600000000000,32768,64,2097152,0,0,usage,284971520,0,0,0,0,0,0,1880064,6.701685
22,bench_p26_wt,bench_p26_wt_linear,0,1024,0,42,64,134217728,2,0,3600000000000,32768,64,2097152,0,0,write,284959296,290316436,1115308,69708,290316436,285518848,285523968,3600069787424,6.741026
22,bench_p26_wt,bench_p26_wt_linear,0,1024,0,42,64,134217728,2,0,3600000000000,32768,64,2097152,0,0,stack,284959296,0,0,0,0,0,0,2000,6.741127
22,bench_p26_wt,bench_p26_wt_linear,0,1024,0,42,64,134217728,2,0,3600000000000,32768,64,2097152,0,0,ctx,284959296,0,0,0,0,0,0,400,6.741186
22,bench_p26_wt,bench_p26_wt_linear,0,1024,0,42,64,134217728,2,0,3600000000000,32768,64,2097152,0,0,heap,284959296,0,0,0,0,0,0,3088,6.741239
22,bench_p26_wt,bench_p26_wt_linear,0,1024,0,42,64,134217728,2,0,3600000000000,32768,64,2097152,0,0,usage,284959296,0,0,0,0,0,0,1867776,6.741289
15,bench_p26_wt,bench_p26_wt_linear,0,8,0,42,64,134217728,2,0,3600000000000,32768,64,2097152,0,0,write,284971520,287040508,1115347,69710,287040508,285528176,285532160,3600044529840,6.761527
15,bench_p26_wt,bench_p26_wt_linear,0,8,0,42,64,134217728,2,0,3600000000000,32768,64,2097152,0,0,stack,284971520,0,0,0,0,0,0,2000,6.761597
15,bench_p26_wt,bench_p26_wt_linear,0,8,0,42,64,134217728,2,0,3600000000000,32768,64,2097152,0,0,ctx,284971520,0,0,0,0,0,0,400,6.761641
15,bench_p26_wt,bench_p26_wt_linear,0,8,0,42,64,134217728,2,0,3600000000000,32768,64,2097152,0,0,heap,284971520,0,0,0,0,0,0,784,6.761678
15,bench_p26_wt,bench_p26_wt_linear,0,8,0,42,64,134217728,2,0,3600000000000,32768,64,2097152,0,0,usage,284971520,0,0,0,0,0,0,1880064,6.761713
12,bench_p26_wt,bench_p26_wt_linear,0,1,0,42,64,134217728,2,0,3600000000000,32768,64,2097152,0,0,write,284971520,287042694,1115347,69710,287042694,285527628,285532160,3600044606868,6.780167
12,bench_p26_wt,bench_p26_wt_linear,0,1,0,42,64,134217728,2,0,3600000000000,32768,64,2097152,0,0,stack,284971520,0,0,0,0,0,0,2000,6.780234
12,bench_p26_wt,bench_p26_wt_linear,0,1,0,42,64,134217728,2,0,3600000000000,32768,64,2097152,0,0,ctx,284971520,0,0,0,0,0,0,400,6.780277
12,bench_p26_wt,bench_p26_wt_linear,0,1,0,42,64,134217728,2,0,3600000000000,32768,64,2097152,0,0,heap,284971520,0,0,0,0,0,0,784,6.780312
12,bench_p26_wt,bench_p26_wt_linear,0,1,0,42,64,134217728,2,0,3600000000000,32768,64,2097152,0,0,usage,284971520,0,0,0,0,0,0,1880064,6.780346
21,bench_p26_wt,bench_p26_wt_linear,0,512,0,42,64,134217728,2,0,3600000000000,32768,64,2097152,0,0,write,284966912,288375616,1115332,69708,288375616,285524992,285523968,3600001874432,6.773358
21,bench_p26_wt,bench_p26_wt_linear,0,512,0,42,64,134217728,2,0,3600000000000,32768,64,2097152,0,0,stack,284966912,0,0,0,0,0,0,2000,6.773431
21,bench_p26_wt,bench_p26_wt_linear,0,512,0,42,64,134217728,2,0,3600000000000,32768,64,2097152,0,0,ctx,284966912,0,0,0,0,0,0,400,6.773473
21,bench_p26_wt,bench_p26_wt_linear,0,512,0,42,64,134217728,2,0,3600000000000,32768,64,2097152,0,0,heap,284966912,0,0,0,0,0,0,1552,6.773507
21,bench_p26_wt,bench_p26_wt_linear,0,512,0,42,64,134217728,2,0,3600000000000,32768,64,2097152,0,0,usage,284966912,0,0,0,0,0,0,1871872,6.773538
19,bench_p26_wt,bench_p26_wt_linear,0,128,0,42,64,134217728,2,0,3600000000000,32768,64,2097152,0,0,write,284963840,288503760,1115317,69708,288503760,285520768,285523968,3600000918016,6.778488
19,bench_p26_wt,bench_p26_wt_linear,0,128,0,42,64,134217728,2,0,3600000000000,32768,64,2097152,0,0,stack,284963840,0,0,0,0,0,0,2000,6.778549
19,bench_p26_wt,bench_p26_wt_linear,0,128,0,42,64,134217728,2,0,3600000000000,32768,64,2097152,0,0,ctx,284963840,0,0,0,0,0,0,400,6.778587
19,bench_p26_wt,bench_p26_wt_linear,0,128,0,42,64,134217728,2,0,3600000000000,32768,64,2097152,0,0,heap,284963840,0,0,0,0,0,0,784,6.778620
19,bench_p26_wt,bench_p26_wt_linear,0,128,0,42,64,134217728,2,0,3600000000000,32768,64,2097152,0,0,usage,284963840,0,0,0,0,0,0,1871872,6.778651
20,bench_p26_wt,bench_p26_wt_linear,0,256,0,42,64,134217728,2,0,3600000000000,32768,64,2097152,0,0,write,284965888,288428012,1115325,69708,288428012,285523200,285523968,3600001135328,6.816152
20,bench_p26_wt,bench_p26_wt_linear,0,256,0,42,64,134217728,2,0,3600000000000,32768,64,2097152,0,0,stack,284965888,0,0,0,0,0,0,2000,6.816243
20,bench_p26_wt,bench_p26_wt_linear,0,256,0,42,64,134217728,2,0,3600000000000,32768,64,2097152,0,0,ctx,284965888,0,0,0,0,0,0,400,6.816281
20,bench_p26_wt,bench_p26_wt_linear,0,256,0,42,64,134217728,2,0,3600000000000,32768,64,2097152,0,0,heap,284965888,0,0,0,0,0,0,784,6.816315
20,bench_p26_wt,bench_p26_wt_linear,0,256,0,42,64,134217728,2,0,3600000000000,32768,64,2097152,0,0,usage,284965888,0,0,0,0,0,0,1871872,6.816344
18,bench_p26_wt,bench_p26_wt_linear,0,64,0,42,64,134217728,2,0,3600000000000,32768,64,2097152,0,0,write,284967424,287828536,1115331,69709,287828536,285524160,285528064,3600024573952,6.907131
18,bench_p26_wt,bench_p26_wt_linear,0,64,0,42,64,134217728,2,0,3600000000000,32768,64,2097152,0,0,stack,284967424,0,0,0,0,0,0,2000,6.907232
18,bench_p26_wt,bench_p26_wt_linear,0,64,0,42,64,134217728,2,0,3600000000000,32768,64,2097152,0,0,ctx,284967424,0,0,0,0,0,0,400,6.907285
18,bench_p26_wt,bench_p26_wt_linear,0,64,0,42,64,134217728,2,0,3600000000000,32768,64,2097152,0,0,heap,284967424,0,0,0,0,0,0,784,6.907331
18,bench_p26_wt,bench_p26_wt_linear,0,64,0,42,64,134217728,2,0,3600000000000,32768,64,2097152,0,0,usage,284967424,0,0,0,0,0,0,1875968,6.907375
16,bench_p26_wt,bench_p26_wt_linear,0,16,0,42,64,134217728,2,0,3600000000000,32768,64,2097152,0,0,write,284971520,287042228,1115347,69710,287042228,285528176,285532160,3600044598640,6.909693
16,bench_p26_wt,bench_p26_wt_linear,0,16,0,42,64,134217728,2,0,3600000000000,32768,64,2097152,0,0,stack,284971520,0,0,0,0,0,0,2000,6.909764
16,bench_p26_wt,bench_p26_wt_linear,0,16,0,42,64,134217728,2,0,3600000000000,32768,64,2097152,0,0,ctx,284971520,0,0,0,0,0,0,400,6.909810
16,bench_p26_wt,bench_p26_wt_linear,0,16,0,42,64,134217728,2,0,3600000000000,32768,64,2097152,0,0,heap,284971520,0,0,0,0,0,0,784,6.909848
16,bench_p26_wt,bench_p26_wt_linear,0,16,0,42,64,134217728,2,0,3600000000000,32768,64,2097152,0,0,usage,284971520,0,0,0,0,0,0,1880064,6.909879
13,bench_p26_wt,bench_p26_wt_linear,0,2,0,42,64,134217728,2,0,3600000000000,32768,64,2097152,0,0,write,284971520,287042326,1115347,69710,287042326,285527628,285532160,3600044592148,6.919236
13,bench_p26_wt,bench_p26_wt_linear,0,2,0,42,64,134217728,2,0,3600000000000,32768,64,2097152,0,0,stack,284971520,0,0,0,0,0,0,2000,6.919309
13,bench_p26_wt,bench_p26_wt_linear,0,2,0,42,64,134217728,2,0,3600000000000,32768,64,2097152,0,0,ctx,284971520,0,0,0,0,0,0,400,6.919354
13,bench_p26_wt,bench_p26_wt_linear,0,2,0,42,64,134217728,2,0,3600000000000,32768,64,2097152,0,0,heap,284971520,0,0,0,0,0,0,784,6.919403
13,bench_p26_wt,bench_p26_wt_linear,0,2,0,42,64,134217728,2,0,3600000000000,32768,64,2097152,0,0,usage,284971520,0,0,0,0,0,0,1880064,6.919438
23,bench_p26_wt,bench_p26_wt_linear,0,2048,0,42,64,134217728,2,0,3600000000000,32768,64,2097152,0,0,write,284951104,293095230,1115288,69706,293095230,285513728,285515776,3600082842032,7.043853
23,bench_p26_wt,bench_p26_wt_linear,0,2048,0,42,64,134217728,2,0,3600000000000,32768,64,2097152,0,0,stack,284951104,0,0,0,0,0,0,2000,7.043941
23,bench_p26_wt,bench_p26_wt_linear,0,2048,0,42,64,134217728,2,0,3600000000000,32768,64,2097152,0,0,ctx,284951104,0,0,0,0,0,0,400,7.043984
23,bench_p26_wt,bench_p26_wt_linear,0,2048,0,42,64,134217728,2,0,3600000000000,32768,64,2097152,0,0,heap,284951104,0,0,0,0,0,0,6160,7.044023
23,bench_p26_wt,bench_p26_wt_linear,0,2048,0,42,64,134217728,2,0,3600000000000,32768,64,2097152,0,0,usage,284951104,0,0,0,0,0,0,1867776,7.044058
24,bench_p26_wt,bench_p26_wt_linear,0,4096,0,42,64,134217728,2,0,3600000000000,32768,64,2097152,0,0,write,284947008,292905962,1115296,69706,292905962,285515776,285515776,3600078511248,2.376751
24,bench_p26_wt,bench_p26_wt_linear,0,4096,0,42,64,134217728,2,0,3600000000000,32768,64,2097152,0,0,stack,284947008,0,0,0,0,0,0,2000,2.376821
24,bench_p26_wt,bench_p26_wt_linear,0,4096,0,42,64,134217728,2,0,3600000000000,32768,64,2097152,0,0,ctx,284947008,0,0,0,0,0,0,400,2.376853
24,bench_p26_wt,bench_p26_wt_linear,0,4096,0,42,64,134217728,2,0,3600000000000,32768,64,2097152,0,0,heap,284947008,0,0,0,0,0,0,12304,2.376880
24,bench_p26_wt,bench_p26_wt_linear,0,4096,0,42,64,134217728,2,0,3600000000000,32768,64,2097152,0,0,usage,284947008,0,0,0,0,0,0,1863680,2.376905
25,bench_p26_wt,bench_p26_wt_random,0,1,0,42,64,134217728,2,0,3600000000000,32768,64,2097152,0,0,write,18368,574935784,1117250,69998,574935784,285977229,286711808,3625289929399,29.616482
25,bench_p26_wt,bench_p26_wt_random,0,1,0,42,64,134217728,2,0,3600000000000,32768,64,2097152,0,0,stack,18368,0,0,0,0,0,0,1984,29.616621
25,bench_p26_wt,bench_p26_wt_random,0,1,0,42,64,134217728,2,0,3600000000000,32768,64,2097152,0,0,ctx,18368,0,0,0,0,0,0,384,29.616688
25,bench_p26_wt,bench_p26_wt_random,0,1,0,42,64,134217728,2,0,3600000000000,32768,64,2097152,0,0,heap,18368,0,0,0,0,0,0,784,29.616741
25,bench_p26_wt,bench_p26_wt_random,0,1,0,42,64,134217728,2,0,3600000000000,32768,64,2097152,0,0,usage,18368,0,0,0,0,0,0,2101248,29.616790
28,bench_p26_wt,bench_p26_wt_random,0,8,0,42,64,134217728,2,0,3600000000000,32768,64,2097152,0,0,write,18368,574935455,1117250,69998,574935455,285978312,286711808,3625289936816,29.678247
28,bench_p26_wt,bench_p26_wt_random,0,8,0,42,64,134217728,2,0,3600000000000,32768,64,2097152,0,0,stack,18368,0,0,0,0,0,0,1984,29.678393
28,bench_p26_wt,bench_p26_wt_random,0,8,0,42,64,134217728,2,0,3600000000000,32768,64,2097152,0,0,ctx,18368,0,0,0,0,0,0,384,29.678459
28,bench_p26_wt,bench_p26_wt_random,0,8,0,42,64,134217728,2,0,3600000000000,32768,64,2097152,0,0,heap,18368,0,0,0,0,0,0,784,29.678513
28,bench_p26_wt,bench_p26_wt_random,0,8,0,42,64,134217728,2,0,3600000000000,32768,64,2097152,0,0,usage,18368,0,0,0,0,0,0,2101248,29.678566
27,bench_p26_wt,bench_p26_wt_random,0,4,0,42,64,134217728,2,0,3600000000000,32768,64,2097152,0,0,write,18368,574937175,1117250,69998,574937175,285978000,286711808,3625289999688,29.681130
27,bench_p26_wt,bench_p26_wt_random,0,4,0,42,64,134217728,2,0,3600000000000,32768,64,2097152,0,0,stack,18368,0,0,0,0,0,0,1984,29.681212
27,bench_p26_wt,bench_p26_wt_random,0,4,0,42,64,134217728,2,0,3600000000000,32768,64,2097152,0,0,ctx,18368,0,0,0,0,0,0,384,29.681272
27,bench_p26_wt,bench_p26_wt_random,0,4,0,42,64,134217728,2,0,3600000000000,32768,64,2097152,0,0,heap,18368,0,0,0,0,0,0,784,29.681322
27,bench_p26_wt,bench_p26_wt_random,0,4,0,42,64,134217728,2,0,3600000000000,32768,64,2097152,0,0,usage,18368,0,0,0,0,0,0,2101248,29.681372
35,bench_p26_wt,bench_p26_wt_random,0,1024,0,42,64,134217728,2,0,3600000000000,32768,64,2097152,0,0,write,18368,578934765,1117588,69999,578934765,286102528,286715904,3625632511240,29.709505
35,bench_p26_wt,bench_p26_wt_random,0,1024,0,42,64,134217728,2,0,3600000000000,32768,64,2097152,0,0,stack,18368,0,0,0,0,0,0,1984,29.709606
35,bench_p26_wt,bench_p26_wt_random,0,1024,0,42,64,134217728,2,0,3600000000000,32768,64,2097152,0,0,ctx,18368,0,0,0,0,0,0,384,29.709664
35,bench_p26_wt,bench_p26_wt_random,0,1024,0,42,64,134217728,2,0,3600000000000,32768,64,2097152,0,0,heap,18368,0,0,0,0,0,0,3088,29.709714
35,bench_p26_wt,bench_p26_wt_random,0,1024,0,42,64,134217728,2,0,3600000000000,32768,64,2097152,0,0,usage,18368,0,0,0,0,0,0,2101248,29.709763
34,bench_p26_wt,bench_p26_wt_random,0,512,0,42,64,134217728,2,0,3600000000000,32768,64,2097152,0,0,write,18368,576644190,1117532,69998,576644190,286088192,286711808,3625473210032,29.713793
34,bench_p26_wt,bench_p26_wt_random,0,512,0,42,64,134217728,2,0,3600000000000,32768,64,2097152,0,0,stack,18368,0,0,0,0,0,0,1984,29.713876
34,bench_p26_wt,bench_p26_wt_random,0,512,0,42,64,134217728,2,0,3600000000000,32768,64,2097152,0,0,ctx,18368,0,0,0,0,0,0,384,29.713944
34,bench_p26_wt,bench_p26_wt_random,0,512,0,42,64,134217728,2,0,3600000000000,32768,64,2097152,0,0,heap,18368,0,0,0,0,0,0,1552,29.713997
34,bench_p26_wt,bench_p26_wt_random,0,512,0,42,64,134217728,2,0,3600000000000,32768,64,2097152,0,0,usage,18368,0,0,0,0,0,0,2101248,29.714049
30,bench_p26_wt,bench_p26_wt_random,0,32,0,42,64,134217728,2,0,3600000000000,32768,64,2097152,0,0,write,18368,574937979,1117250,69998,574937979,285979520,286711808,3625290060728,29.734740
30,bench_p26_wt,bench_p26_wt_random,0,32,0,42,64,134217728,2,0,3600000000000,32768,64,2097152,0,0,stack,18368,0,0,0,0,0,0,1984,29.734837
30,bench_p26_wt,bench_p26_wt_random,0,32,0,42,64,134217728,2,0,3600000000000,32768,64,2097152,0,0,ctx,18368,0,0,0,0,0,0,384,29.734893
30,bench_p26_wt,bench_p26_wt_random,0,32,0,42,64,134217728,2,0,3600000000000,32768,64,2097152,0,0,heap,18368,0,0,0,0,0,0,784,29.734943
30,bench_p26_wt,bench_p26_wt_random,0,32,0,42,64,134217728,2,0,3600000000000,32768,64,2097152,0,0,usage,18368,0,0,0,0,0,0,2101248,29.734991
26,bench_p26_wt,bench_p26_wt_random,0,2,0,42,64,134217728,2,0,3600000000000,32768,64,2097152,0,0,write,18368,574935627,1117250,69998,574935627,285977440,286711808,3625289927128,29.885657
26,bench_p26_wt,bench_p26_wt_random,0,2,0,42,64,134217728,2,0,3600000000000,32768,64,2097152,0,0,stack,18368,0,0,0,0,0,0,1984,29.885754
26,bench_p26_wt,bench_p26_wt_random,0,2,0,42,64,134217728,2,0,3600000000000,32768,64,2097152,0,0,ctx,18368,0,0,0,0,0,0,384,29.885807
26,bench_p26_wt,bench_p26_wt_random,0,2,0,42,64,134217728,2,0,3600000000000,32768,64,2097152,0,0,heap,18368,0,0,0,0,0,0,784,29.885852
26,bench_p26_wt,bench_p26_wt_random,0,2,0,42,64,134217728,2,0,3600000000000,32768,64,2097152,0,0,usage,18368,0,0,0,0,0,0,2101248,29.885896
32,bench_p26_wt,bench_p26_wt_random,0,128,0,42,64,134217728,2,0,3600000000000,32768,64,2097152,0,0,write,18368,576420519,1117250,69998,576420519,285983232,286711808,3625349432856,29.914443
32,bench_p26_wt,bench_p26_wt_random,0,128,0,42,64,134217728,2,0,3600000000000,32768,64,2097152,0,0,stack,18368,0,0,0,0,0,0,1984,29.914523
32,bench_p26_wt,bench_p26_wt_random,0,128,0,42,64,134217728,2,0,3600000000000,32768,64,2097152,0,0,ctx,18368,0,0,0,0,0,0,384,29.914572
32,bench_p26_wt,bench_p26_wt_random,0,128,0,42,64,134217728,2,0,3600000000000,32768,64,2097152,0,0,heap,18368,0,0,0,0,0,0,784,29.914618
32,bench_p26_wt,bench_p26_wt_random,0,128,0,42,64,134217728,2,0,3600000000000,32768,64,2097152,0,0,usage,18368,0,0,0,0,0,0,2101248,29.914662
31,bench_p26_wt,bench_p26_wt_random,0,64,0,42,64,134217728,2,0,3600000000000,32768,64,2097152,0,0,write,18368,575736875,1117250,69998,575736875,285981184,286711808,3625322048184,29.929168
31,bench_p26_wt,bench_p26_wt_random,0,64,0,42,64,134217728,2,0,3600000000000,32768,64,2097152,0,0,stack,18368,0,0,0,0,0,0,1984,29.929234
31,bench_p26_wt,bench_p26_wt_random,0,64,0,42,64,134217728,2,0,3600000000000,32768,64,2097152,0,0,ctx,18368,0,0,0,0,0,0,384,29.929272
31,bench_p26_wt,bench_p26_wt_random,0,64,0,42,64,134217728,2,0,3600000000000,32768,64,2097152,0,0,heap,18368,0,0,0,0,0,0,784,29.929313
31,bench_p26_wt,bench_p26_wt_random,0,64,0,42,64,134217728,2,0,3600000000000,32768,64,2097152,0,0,usage,18368,0,0,0,0,0,0,2101248,29.929344
29,bench_p26_wt,bench_p26_wt_random,0,16,0,42,64,134217728,2,0,3600000000000,32768,64,2097152,0,0,write,18368,574933583,1117250,69998,574933583,285978336,286711808,3625289862392,29.930741
29,bench_p26_wt,bench_p26_wt_random,0,16,0,42,64,134217728,2,0,3600000000000,32768,64,2097152,0,0,stack,18368,0,0,0,0,0,0,1984,29.930809
29,bench_p26_wt,bench_p26_wt_random,0,16,0,42,64,134217728,2,0,3600000000000,32768,64,2097152,0,0,ctx,18368,0,0,0,0,0,0,384,29.930857
29,bench_p26_wt,bench_p26_wt_random,0,16,0,42,64,134217728,2,0,3600000000000,32768,64,2097152,0,0,heap,18368,0,0,0,0,0,0,784,29.930900
29,bench_p26_wt,bench_p26_wt_random,0,16,0,42,64,134217728,2,0,3600000000000,32768,64,2097152,0,0,usage,18368,0,0,0,0,0,0,2101248,29.930941
33,bench_p26_wt,bench_p26_wt_random,0,256,0,42,64,134217728,2,0,3600000000000,32768,64,2097152,0,0,write,18368,576374227,1117250,69998,576374227,286016000,286711808,3625348203768,29.962078
33,bench_p26_wt,bench_p26_wt_random,0,256,0,42,64,134217728,2,0,3600000000000,32768,64,2097152,0,0,stack,18368,0,0,0,0,0,0,1984,29.962161
33,bench_p26_wt,bench_p26_wt_random,0,256,0,42,64,134217728,2,0,3600000000000,32768,64,2097152,0,0,ctx,18368,0,0,0,0,0,0,384,29.962204
33,bench_p26_wt,bench_p26_wt_random,0,256,0,42,64,134217728,2,0,3600000000000,32768,64,2097152,0,0,heap,18368,0,0,0,0,0,0,784,29.962243
33,bench_p26_wt,bench_p26_wt_random,0,256,0,42,64,134217728,2,0,3600000000000,32768,64,2097152,0,0,usage,18368,0,0,0,0,0,0,2101248,29.962281
36,bench_p26_wt,bench_p26_wt_random,0,2048,0,42,64,134217728,2,0,3600000000000,32768,64,2097152,0,0,write,18368,582373626,1117712,69999,582373626,286134272,286715904,3625820284688,30.323859
36,bench_p26_wt,bench_p26_wt_random,0,2048,0,42,64,134217728,2,0,3600000000000,32768,64,2097152,0,0,stack,18368,0,0,0,0,0,0,1984,30.323941
36,bench_p26_wt,bench_p26_wt_random,0,2048,0,42,64,134217728,2,0,3600000000000,32768,64,2097152,0,0,ctx,18368,0,0,0,0,0,0,384,30.323976
36,bench_p26_wt,bench_p26_wt_random,0,2048,0,42,64,134217728,2,0,3600000000000,32768,64,2097152,0,0,heap,18368,0,0,0,0,0,0,6160,30.324005
36,bench_p26_wt,bench_p26_wt_random,0,2048,0,42,64,134217728,2,0,3600000000000,32768,64,2097152,0,0,usage,18368,0,0,0,0,0,0,2109440,30.324032
37,bench_p26_wt,bench_p26_wt_random,0,4096,0,42,64,134217728,2,0,3600000000000,32768,64,2097152,0,0,write,18368,583902043,1120000,70000,583902043,286720000,286720000,3626853041720,10.561631
37,bench_p26_wt,bench_p26_wt_random,0,4096,0,42,64,134217728,2,0,3600000000000,32768,64,2097152,0,0,stack,18368,0,0,0,0,0,0,1984,10.561705
37,bench_p26_wt,bench_p26_wt_random,0,4096,0,42,64,134217728,2,0,3600000000000,32768,64,2097152,0,0,ctx,18368,0,0,0,0,0,0,384,10.561738
37,bench_p26_wt,bench_p26_wt_random,0,4096,0,42,64,134217728,2,0,3600000000000,32768,64,2097152,0,0,heap,18368,0,0,0,0,0,0,12304,10.561765
37,bench_p26_wt,bench_p26_wt_random,0,4096,0,42,64,134217728,2,0,3600000000000,32768,64,2097152,0,0,usage,18368,0,0,0,0,0,0,2109440,10.561790
48,bench_p26_wt,bench_p26_wt_many,0,1024,0,42,64,134217728,2,0,3600000000000,32768,64,2097152,0,0,write,2398976,56893196144,348952,26291,56893196144,89331712,107687936,3600110279040,526.473932
48,bench_p26_wt,bench_p26_wt_many,0,1024,0,42,64,134217728,2,0,3600000000000,32768,64,2097152,0,0,stack,2398976,0,0,0,0,0,0,2288,526.474053
48,bench_p26_wt,bench_p26_wt_many,0,1024,0,42,64,134217728,2,0,3600000000000,32768,64,2097152,0,0,ctx,2398976,0,0,0,0,0,0,640,526.474115
48,bench_p26_wt,bench_p26_wt_many,0,1024,0,42,64,134217728,2,0,3600000000000,32768,64,2097152,0,0,heap,2398976,0,0,0,0,0,0,3088,526.474176
48,bench_p26_wt,bench_p26_wt_many,0,1024,0,42,64,134217728,2,0,3600000000000,32768,64,2097152,0,0,usage,2398976,0,0,0,0,0,0,11124736,526.474226
49,bench_p26_wt,bench_p26_wt_many,0,2048,0,42,64,134217728,2,0,3600000000000,32768,64,2097152,0,0,write,2116544,51576190688,441344,30186,51576190688,112984064,123641856,3600117846784,559.650272
49,bench_p26_wt,bench_p26_wt_many,0,2048,0,42,64,134217728,2,0,3600000000000,32768,64,2097152,0,0,stack,2116544,0,0,0,0,0,0,2240,559.650401
49,bench_p26_wt,bench_p26_wt_many,0,2048,0,42,64,134217728,2,0,3600000000000,32768,64,2097152,0,0,ctx,2116544,0,0,0,0,0,0,640,559.650460
49,bench_p26_wt,bench_p26_wt_many,0,2048,0,42,64,134217728,2,0,3600000000000,32768,64,2097152,0,0,heap,2116544,0,0,0,0,0,0,6160,559.650509
49,bench_p26_wt,bench_p26_wt_many,0,2048,0,42,64,134217728,2,0,3600000000000,32768,64,2097152,0,0,usage,2116544,0,0,0,0,0,0,10526720,559.650556
47,bench_p26_wt,bench_p26_wt_many,0,512,0,42,64,134217728,2,0,3600000000000,32768,64,2097152,0,0,write,2875584,69303351446,222090,16401,69303351446,56855040,67178496,3600101688176,650.742884
47,bench_p26_wt,bench_p26_wt_many,0,512,0,42,64,134217728,2,0,3600000000000,32768,64,2097152,0,0,stack,2875584,0,0,0,0,0,0,2288,650.742997
47,bench_p26_wt,bench_p26_wt_many,0,512,0,42,64,134217728,2,0,3600000000000,32768,64,2097152,0,0,ctx,2875584,0,0,0,0,0,0,640,650.743052
47,bench_p26_wt,bench_p26_wt_many,0,512,0,42,64,134217728,2,0,3600000000000,32768,64,2097152,0,0,heap,2875584,0,0,0,0,0,0,1552,650.743098
47,bench_p26_wt,bench_p26_wt_many,0,512,0,42,64,134217728,2,0,3600000000000,32768,64,2097152,0,0,usage,2875584,0,0,0,0,0,0,12263424,650.743143
46,bench_p26_wt,bench_p26_wt_many,0,256,0,42,64,134217728,2,0,3600000000000,32768,64,2097152,0,0,write,3307584,77735052662,130745,9727,77735052662,33470720,39841792,3600054712432,731.527391
46,bench_p26_wt,bench_p26_wt_many,0,256,0,42,64,134217728,2,0,3600000000000,32768,64,2097152,0,0,stack,3307584,0,0,0,0,0,0,2288,731.527505
46,bench_p26_wt,bench_p26_wt_many,0,256,0,42,64,134217728,2,0,3600000000000,32768,64,2097152,0,0,ctx,3307584,0,0,0,0,0,0,640,731.527561
46,bench_p26_wt,bench_p26_wt_many,0,256,0,42,64,134217728,2,0,3600000000000,32768,64,2097152,0,0,heap,3307584,0,0,0,0,0,0,784,731.527609
46,bench_p26_wt,bench_p26_wt_many,0,256,0,42,64,134217728,2,0,3600000000000,32768,64,2097152,0,0,usage,3307584,0,0,0,0,0,0,12730368,731.527655
45,bench_p26_wt,bench_p26_wt_many,0,128,0,42,64,134217728,2,0,3600000000000,32768,64,2097152,0,0,write,3656704,82560107446,114372,5590,82560107446,18706176,22896640,3600065641840,782.575570
45,bench_p26_wt,bench_p26_wt_many,0,128,0,42,64,134217728,2,0,3600000000000,32768,64,2097152,0,0,stack,3656704,0,0,0,0,0,0,2288,782.575689
45,bench_p26_wt,bench_p26_wt_many,0,128,0,42,64,134217728,2,0,3600000000000,32768,64,2097152,0,0,ctx,3656704,0,0,0,0,0,0,640,782.583976
45,bench_p26_wt,bench_p26_wt_many,0,128,0,42,64,134217728,2,0,3600000000000,32768,64,2097152,0,0,heap,3656704,0,0,0,0,0,0,784,782.584034
45,bench_p26_wt,bench_p26_wt_many,0,128,0,42,64,134217728,2,0,3600000000000,32768,64,2097152,0,0,usage,3656704,0,0,0,0,0,0,13279232,782.584080
40,bench_p26_wt,bench_p26_wt_many,0,4,0,42,64,134217728,2,0,3600000000000,32768,64,2097152,0,0,write,4048832,84635420480,135019,3565,84635420480,11666044,14602240,3600083565108,897.250671
40,bench_p26_wt,bench_p26_wt_many,0,4,0,42,64,134217728,2,0,3600000000000,32768,64,2097152,0,0,stack,4048832,0,0,0,0,0,0,2288,897.250787
40,bench_p26_wt,bench_p26_wt_many,0,4,0,42,64,134217728,2,0,3600000000000,32768,64,2097152,0,0,ctx,4048832,0,0,0,0,0,0,640,897.250850
40,bench_p26_wt,bench_p26_wt_many,0,4,0,42,64,134217728,2,0,3600000000000,32768,64,2097152,0,0,heap,4048832,0,0,0,0,0,0,784,897.250896
40,bench_p26_wt,bench_p26_wt_many,0,4,0,42,64,134217728,2,0,3600000000000,32768,64,2097152,0,0,usage,4048832,0,0,0,0,0,0,13549568,897.250941
44,bench_p26_wt,bench_p26_wt_many,0,64,0,42,64,134217728,2,0,3600000000000,32768,64,2097152,0,0,write,3794176,83669505626,123699,4522,83669505626,15291776,18522112,3600050124688,904.825750
44,bench_p26_wt,bench_p26_wt_many,0,64,0,42,64,134217728,2,0,3600000000000,32768,64,2097152,0,0,stack,3794176,0,0,0,0,0,0,2288,904.825879
44,bench_p26_wt,bench_p26_wt_many,0,64,0,42,64,134217728,2,0,3600000000000,32768,64,2097152,0,0,ctx,3794176,0,0,0,0,0,0,640,904.834183
44,bench_p26_wt,bench_p26_wt_many,0,64,0,42,64,134217728,2,0,3600000000000,32768,64,2097152,0,0,heap,3794176,0,0,0,0,0,0,784,904.834265
44,bench_p26_wt,bench_p26_wt_many,0,64,0,42,64,134217728,2,0,3600000000000,32768,64,2097152,0,0,usage,3794176,0,0,0,0,0,0,13025280,904.834311
38,bench_p26_wt,bench_p26_wt_many,0,1,0,42,64,134217728,2,0,3600000000000,32768,64,2097152,0,0,write,4026880,84698034504,134788,3512,84698034504,11536912,14385152,3600108314224,966.200820
38,bench_p26_wt,bench_p26_wt_many,0,1,0,42,64,134217728,2,0,3600000000000,32768,64,2097152,0,0,stack,4026880,0,0,0,0,0,0,2288,966.200918
38,bench_p26_wt,bench_p26_wt_many,0,1,0,42,64,134217728,2,0,3600000000000,32768,64,2097152,0,0,ctx,4026880,0,0,0,0,0,0,640,966.200967
38,bench_p26_wt,bench_p26_wt_many,0,1,0,42,64,134217728,2,0,3600000000000,32768,64,2097152,0,0,heap,4026880,0,0,0,0,0,0,784,966.201008
38,bench_p26_wt,bench_p26_wt_many,0,1,0,42,64,134217728,2,0,3600000000000,32768,64,2097152,0,0,usage,4026880,0,0,0,0,0,0,13508608,966.201048
43,bench_p26_wt,bench_p26_wt_many,0,32,0,42,64,134217728,2,0,3600000000000,32768,64,2097152,0,0,write,3906432,84508292628,126559,3751,84508292628,12594016,15364096,3600000749632,970.636942
43,bench_p26_wt,bench_p26_wt_many,0,32,0,42,64,134217728,2,0,3600000000000,32768,64,2097152,0,0,stack,3906432,0,0,0,0,0,0,2288,970.637040
43,bench_p26_wt,bench_p26_wt_many,0,32,0,42,64,134217728,2,0,3600000000000,32768,64,2097152,0,0,ctx,3906432,0,0,0,0,0,0,640,970.637090
43,bench_p26_wt,bench_p26_wt_many,0,32,0,42,64,134217728,2,0,3600000000000,32768,64,2097152,0,0,heap,3906432,0,0,0,0,0,0,784,970.637136
43,bench_p26_wt,bench_p26_wt_many,0,32,0,42,64,134217728,2,0,3600000000000,32768,64,2097152,0,0,usage,3906432,0,0,0,0,0,0,12795904,970.637179
41,bench_p26_wt,bench_p26_wt_many,0,8,0,42,64,134217728,2,0,3600000000000,32768,64,2097152,0,0,write,3983680,84718355980,132035,3517,84718355980,11507632,14405632,3600044057840,979.089521
41,bench_p26_wt,bench_p26_wt_many,0,8,0,42,64,134217728,2,0,3600000000000,32768,64,2097152,0,0,stack,3983680,0,0,0,0,0,0,2288,979.089615
41,bench_p26_wt,bench_p26_wt_many,0,8,0,42,64,134217728,2,0,3600000000000,32768,64,2097152,0,0,ctx,3983680,0,0,0,0,0,0,640,979.089660
41,bench_p26_wt,bench_p26_wt_many,0,8,0,42,64,134217728,2,0,3600000000000,32768,64,2097152,0,0,heap,3983680,0,0,0,0,0,0,784,979.089699
41,bench_p26_wt,bench_p26_wt_many,0,8,0,42,64,134217728,2,0,3600000000000,32768,64,2097152,0,0,usage,3983680,0,0,0,0,0,0,13467648,979.089735
42,bench_p26_wt,bench_p26_wt_many,0,16,0,42,64,134217728,2,0,3600000000000,32768,64,2097152,0,0,write,3954304,84565354584,130867,3664,84565354584,12142048,15007744,3600083508832,1016.039244
42,bench_p26_wt,bench_p26_wt_many,0,16,0,42,64,134217728,2,0,3600000000000,32768,64,2097152,0,0,stack,3954304,0,0,0,0,0,0,2288,1016.039330
42,bench_p26_wt,bench_p26_wt_many,0,16,0,42,64,134217728,2,0,3600000000000,32768,64,2097152,0,0,ctx,3954304,0,0,0,0,0,0,640,1016.039369
42,bench_p26_wt,bench_p26_wt_many,0,16,0,42,64,134217728,2,0,3600000000000,32768,64,2097152,0,0,heap,3954304,0,0,0,0,0,0,784,1016.039402
42,bench_p26_wt,bench_p26_wt_many,0,16,0,42,64,134217728,2,0,3600000000000,32768,64,2097152,0,0,usage,3954304,0,0,0,0,0,0,13049856,1016.039433
39,bench_p26_wt,bench_p26_wt_many,0,2,0,42,64,134217728,2,0,3600000000000,32768,64,2097152,0,0,write,4026880,84698034504,134788,3512,84698034504,11536912,14385152,3600108314224,1056.451612
39,bench_p26_wt,bench_p26_wt_many,0,2,0,42,64,134217728,2,0,3600000000000,32768,64,2097152,0,0,stack,4026880,0,0,0,0,0,0,2288,1056.451689
39,bench_p26_wt,bench_p26_wt_many,0,2,0,42,64,134217728,2,0,3600000000000,32768,64,2097152,0,0,ctx,4026880,0,0,0,0,0,0,640,1056.451724
39,bench_p26_wt,bench_p26_wt_many,0,2,0,42,64,134217728,2,0,3600000000000,32768,64,2097152,0,0,heap,4026880,0,0,0,0,0,0,784,1056.451752
39,bench_p26_wt,bench_p26_wt_many,0,2,0,42,64,134217728,2,0,3600000000000,32768,64,2097152,0,0,usage,4026880,0,0,0,0,0,0,13508608,1056.451779
50,bench_p26_wt,bench_p26_wt_many,0,4096,0,42,64,134217728,2,0,3600000000000,32768,64,2097152,0,0,write,1981440,23292054414,829360,51835,23292054414,212316160,212316160,3600071675440,105.496308
50,bench_p26_wt,bench_p26_wt_many,0,4096,0,42,64,134217728,2,0,3600000000000,32768,64,2097152,0,0,stack,1981440,0,0,0,0,0,0,2240,105.496382
50,bench_p26_wt,bench_p26_wt_many,0,4096,0,42,64,134217728,2,0,3600000000000,32768,64,2097152,0,0,ctx,1981440,0,0,0,0,0,0,640,105.496413
50,bench_p26_wt,bench_p26_wt_many,0,4096,0,42,64,134217728,2,0,3600000000000,32768,64,2097152,0,0,heap,1981440,0,0,0,0,0,0,12304,105.496439
50,bench_p26_wt,bench_p26_wt_many,0,4096,0,42,64,134217728,2,0,3600000000000,32768,64,2097152,0,0,usage,1981440,0,0,0,0,0,0,5070848,105.496463
62,bench_p26_wt,bench_p26_wt_logging,0,2048,0,42,64,134217728,2,0,3600000000000,32768,64,2097152,0,0,write,3001536,362366156,950816,71123,362366156,243408896,291319808,3600006930400,10.028558
62,bench_p26_wt,bench_p26_wt_logging,0,2048,0,42,64,134217728,2,0,3600000000000,32768,64,2097152,0,0,stack,3001536,0,0,0,0,0,0,2016,10.028679
62,bench_p26_wt,bench_p26_wt_logging,0,2048,0,42,64,134217728,2,0,3600000000000,32768,64,2097152,0,0,ctx,3001536,0,0,0,0,0,0,400,10.028737
62,bench_p26_wt,bench_p26_wt_logging,0,2048,0,42,64,134217728,2,0,3600000000000,32768,64,2097152,0,0,heap,3001536,0,0,0,0,0,0,6160,10.028786
62,bench_p26_wt,bench_p26_wt_logging,0,2048,0,42,64,134217728,2,0,3600000000000,32768,64,2097152,0,0,usage,3001536,0,0,0,0,0,0,3035136,10.028834
61,bench_p26_wt,bench_p26_wt_logging,0,1024,0,42,64,134217728,2,0,3600000000000,32768,64,2097152,0,0,write,3660736,371962831,814964,72339,371962831,208630784,296300544,3600090189912,11.103199
61,bench_p26_wt,bench_p26_wt_logging,0,1024,0,42,64,134217728,2,0,3600000000000,32768,64,2097152,0,0,stack,3660736,0,0,0,0,0,0,2016,11.103310
61,bench_p26_wt,bench_p26_wt_logging,0,1024,0,42,64,134217728,2,0,3600000000000,32768,64,2097152,0,0,ctx,3660736,0,0,0,0,0,0,400,11.103364
61,bench_p26_wt,bench_p26_wt_logging,0,1024,0,42,64,134217728,2,0,3600000000000,32768,64,2097152,0,0,heap,3660736,0,0,0,0,0,0,3088,11.103411
61,bench_p26_wt,bench_p26_wt_logging,0,1024,0,42,64,134217728,2,0,3600000000000,32768,64,2097152,0,0,usage,3660736,0,0,0,0,0,0,3686400,11.103455
57,bench_p26_wt,bench_p26_wt_logging,0,64,0,42,64,134217728,2,0,3600000000000,32768,64,2097152,0,0,write,4564160,336078376,694805,73459,336078376,157414720,300888064,3600001220864,11.228698
57,bench_p26_wt,bench_p26_wt_logging,0,64,0,42,64,134217728,2,0,3600000000000,32768,64,2097152,0,0,stack,4564160,0,0,0,0,0,0,2000,11.228790
57,bench_p26_wt,bench_p26_wt_logging,0,64,0,42,64,134217728,2,0,3600000000000,32768,64,2097152,0,0,ctx,4564160,0,0,0,0,0,0,400,11.228844
57,bench_p26_wt,bench_p26_wt_logging,0,64,0,42,64,134217728,2,0,3600000000000,32768,64,2097152,0,0,heap,4564160,0,0,0,0,0,0,784,11.228889
57,bench_p26_wt,bench_p26_wt_logging,0,64,0,42,64,134217728,2,0,3600000000000,32768,64,2097152,0,0,usage,4564160,0,0,0,0,0,0,2490368,11.228933
60,bench_p26_wt,bench_p26_wt_logging,0,512,0,42,64,134217728,2,0,3600000000000,32768,64,2097152,0,0,write,4111424,357487128,722290,73185,357487128,184906240,299765760,3600047796160,11.320059
60,bench_p26_wt,bench_p26_wt_logging,0,512,0,42,64,134217728,2,0,3600000000000,32768,64,2097152,0,0,stack,4111424,0,0,0,0,0,0,2000,11.320137
60,bench_p26_wt,bench_p26_wt_logging,0,512,0,42,64,134217728,2,0,3600000000000,32768,64,2097152,0,0,ctx,4111424,0,0,0,0,0,0,400,11.320186
60,bench_p26_wt,bench_p26_wt_logging,0,512,0,42,64,134217728,2,0,3600000000000,32768,64,2097152,0,0,heap,4111424,0,0,0,0,0,0,1552,11.320230
60,bench_p26_wt,bench_p26_wt_logging,0,512,0,42,64,134217728,2,0,3600000000000,32768,64,2097152,0,0,usage,4111424,0,0,0,0,0,0,4136960,11.320272
55,bench_p26_wt,bench_p26_wt_logging,0,16,0,42,64,134217728,2,0,3600000000000,32768,64,2097152,0,0,write,4596928,332896628,699810,73419,332896628,154488736,300724224,3600021051648,11.489794
55,bench_p26_wt,bench_p26_wt_logging,0,16,0,42,64,134217728,2,0,3600000000000,32768,64,2097152,0,0,stack,4596928,0,0,0,0,0,0,2000,11.489880
55,bench_p26_wt,bench_p26_wt_logging,0,16,0,42,64,134217728,2,0,3600000000000,32768,64,2097152,0,0,ctx,4596928,0,0,0,0,0,0,400,11.489944
55,bench_p26_wt,bench_p26_wt_logging,0,16,0,42,64,134217728,2,0,3600000000000,32768,64,2097152,0,0,heap,4596928,0,0,0,0,0,0,784,11.490004
55,bench_p26_wt,bench_p26_wt_logging,0,16,0,42,64,134217728,2,0,3600000000000,32768,64,2097152,0,0,usage,4596928,0,0,0,0,0,0,2523136,11.490046
59,bench_p26_wt,bench_p26_wt_logging,0,256,0,42,64,134217728,2,0,3600000000000,32768,64,2097152,0,0,write,4380608,342262280,666861,73697,342262280,170716416,301862912,3600029812544,11.652877
59,bench_p26_wt,bench_p26_wt_logging,0,256,0,42,64,134217728,2,0,3600000000000,32768,64,2097152,0,0,stack,4380608,0,0,0,0,0,0,2000,11.652970
59,bench_p26_wt,bench_p26_wt_logging,0,256,0,42,64,134217728,2,0,3600000000000,32768,64,2097152,0,0,ctx,4380608,0,0,0,0,0,0,400,11.653021
59,bench_p26_wt,bench_p26_wt_logging,0,256,0,42,64,134217728,2,0,3600000000000,32768,64,2097152,0,0,heap,4380608,0,0,0,0,0,0,784,11.653066
59,bench_p26_wt,bench_p26_wt_logging,0,256,0,42,64,134217728,2,0,3600000000000,32768,64,2097152,0,0,usage,4380608,0,0,0,0,0,0,2306048,11.653108
56,bench_p26_wt,bench_p26_wt_logging,0,32,0,42,64,134217728,2,0,3600000000000,32768,64,2097152,0,0,write,4596864,334393000,699782,73418,334393000,154910976,300720128,3600032726848,11.666322
56,bench_p26_wt,bench_p26_wt_logging,0,32,0,42,64,134217728,2,0,3600000000000,32768,64,2097152,0,0,stack,4596864,0,0,0,0,0,0,2000,11.666401
56,bench_p26_wt,bench_p26_wt_logging,0,32,0,42,64,134217728,2,0,3600000000000,32768,64,2097152,0,0,ctx,4596864,0,0,0,0,0,0,400,11.666457
56,bench_p26_wt,bench_p26_wt_logging,0,32,0,42,64,134217728,2,0,3600000000000,32768,64,2097152,0,0,heap,4596864,0,0,0,0,0,0,784,11.666505
56,bench_p26_wt,bench_p26_wt_logging,0,32,0,42,64,134217728,2,0,3600000000000,32768,64,2097152,0,0,usage,4596864,0,0,0,0,0,0,2523136,11.666550
51,bench_p26_wt,bench_p26_wt_logging,0,1,0,42,64,134217728,2,0,3600000000000,32768,64,2097152,0,0,write,4592704,331044425,707723,73351,331044425,153905229,300445696,3600042181151,11.722721
51,bench_p26_wt,bench_p26_wt_logging,0,1,0,42,64,134217728,2,0,3600000000000,32768,64,2097152,0,0,stack,4592704,0,0,0,0,0,0,2000,11.722792
51,bench_p26_wt,bench_p26_wt_logging,0,1,0,42,64,134217728,2,0,3600000000000,32768,64,2097152,0,0,ctx,4592704,0,0,0,0,0,0,400,11.722830
51,bench_p26_wt,bench_p26_wt_logging,0,1,0,42,64,134217728,2,0,3600000000000,32768,64,2097152,0,0,heap,4592704,0,0,0,0,0,0,784,11.722858
51,bench_p26_wt,bench_p26_wt_logging,0,1,0,42,64,134217728,2,0,3600000000000,32768,64,2097152,0,0,usage,4592704,0,0,0,0,0,0,2519040,11.722884
52,bench_p26_wt,bench_p26_wt_logging,0,2,0,42,64,134217728,2,0,3600000000000,32768,64,2097152,0,0,write,4592704,331041788,707723,73351,331041788,153905494,300445696,3600042080706,11.714303
52,bench_p26_wt,bench_p26_wt_logging,0,2,0,42,64,134217728,2,0,3600000000000,32768,64,2097152,0,0,stack,4592704,0,0,0,0,0,0,2000,11.714369
52,bench_p26_wt,bench_p26_wt_logging,0,2,0,42,64,134217728,2,0,3600000000000,32768,64,2097152,0,0,ctx,4592704,0,0,0,0,0,0,400,11.714414
52,bench_p26_wt,bench_p26_wt_logging,0,2,0,42,64,134217728,2,0,3600000000000,32768,64,2097152,0,0,heap,4592704,0,0,0,0,0,0,784,11.714453
52,bench_p26_wt,bench_p26_wt_logging,0,2,0,42,64,134217728,2,0,3600000000000,32768,64,2097152,0,0,usage,4592704,0,0,0,0,0,0,2519040,11.714491
53,bench_p26_wt,bench_p26_wt_logging,0,4,0,42,64,134217728,2,0,3600000000000,32768,64,2097152,0,0,write,4592704,331180705,707717,73351,331180705,153906008,300445696,3600045246384,11.765293
53,bench_p26_wt,bench_p26_wt_logging,0,4,0,42,64,134217728,2,0,3600000000000,32768,64,2097152,0,0,stack,4592704,0,0,0,0,0,0,2000,11.765395
53,bench_p26_wt,bench_p26_wt_logging,0,4,0,42,64,134217728,2,0,3600000000000,32768,64,2097152,0,0,ctx,4592704,0,0,0,0,0,0,400,11.765439
53,bench_p26_wt,bench_p26_wt_logging,0,4,0,42,64,134217728,2,0,3600000000000,32768,64,2097152,0,0,heap,4592704,0,0,0,0,0,0,784,11.765478
53,bench_p26_wt,bench_p26_wt_logging,0,4,0,42,64,134217728,2,0,3600000000000,32768,64,2097152,0,0,usage,4592704,0,0,0,0,0,0,2519040,11.765517
58,bench_p26_wt,bench_p26_wt_logging,0,128,0,42,64,134217728,2,0,3600000000000,32768,64,2097152,0,0,write,4501952,338556128,685365,73539,338556128,161952128,301215744,3600009225856,11.799356
58,bench_p26_wt,bench_p26_wt_logging,0,128,0,42,64,134217728,2,0,3600000000000,32768,64,2097152,0,0,stack,4501952,0,0,0,0,0,0,2000,11.799417
58,bench_p26_wt,bench_p26_wt_logging,0,128,0,42,64,134217728,2,0,3600000000000,32768,64,2097152,0,0,ctx,4501952,0,0,0,0,0,0,400,11.799449
58,bench_p26_wt,bench_p26_wt_logging,0,128,0,42,64,134217728,2,0,3600000000000,32768,64,2097152,0,0,heap,4501952,0,0,0,0,0,0,784,11.799475
58,bench_p26_wt,bench_p26_wt_logging,0,128,0,42,64,134217728,2,0,3600000000000,32768,64,2097152,0,0,usage,4501952,0,0,0,0,0,0,2428928,11.799500
54,bench_p26_wt,bench_p26_wt_logging,0,8,0,42,64,134217728,2,0,3600000000000,32768,64,2097152,0,0,write,4594624,331885848,704201,73381,331885848,154136168,300568576,3600020934776,12.293437
54,bench_p26_wt,bench_p26_wt_logging,0,8,0,42,64,134217728,2,0,3600000000000,32768,64,2097152,0,0,stack,4594624,0,0,0,0,0,0,2000,12.293516
54,bench_p26_wt,bench_p26_wt_logging,0,8,0,42,64,134217728,2,0,3600000000000,32768,64,2097152,0,0,ctx,4594624,0,0,0,0,0,0,400,12.293561
54,bench_p26_wt,bench_p26_wt_logging,0,8,0,42,64,134217728,2,0,3600000000000,32768,64,2097152,0,0,heap,4594624,0,0,0,0,0,0,784,12.293589
54,bench_p26_wt,bench_p26_wt_logging,0,8,0,42,64,134217728,2,0,3600000000000,32768,64,2097152,0,0,usage,4594624,0,0,0,0,0,0,2519040,12.293614
63,bench_p26_wt,bench_p26_wt_logging,0,4096,0,42,64,134217728,2,0,3600000000000,32768,64,2097152,0,0,write,2205504,238245102,1115952,69747,238245102,285683712,285683712,3600002696496,2.944715
63,bench_p26_wt,bench_p26_wt_logging,0,4096,0,42,64,134217728,2,0,3600000000000,32768,64,2097152,0,0,stack,2205504,0,0,0,0,0,0,2000,2.944780
63,bench_p26_wt,bench_p26_wt_logging,0,4096,0,42,64,134217728,2,0,3600000000000,32768,64,2097152,0,0,ctx,2205504,0,0,0,0,0,0,400,2.944811
63,bench_p26_wt,bench_p26_wt_logging,0,4096,0,42,64,134217728,2,0,3600000000000,32768,64,2097152,0,0,heap,2205504,0,0,0,0,0,0,12304,2.944837
63,bench_p26_wt,bench_p26_wt_logging,0,4096,0,42,64,134217728,2,0,3600000000000,32768,64,2097152,0,0,usage,2205504,0,0,0,0,0,0,2236416,2.944861
