i,suite,case,FS,FILE_SIZE,SKIP_WARMUP,PROG_SIZE,NO_FRUNCATE,DISK_SIZE,CHUNK,SIM_TIME,SIM_SIZE,FILE_COUNT,SIZE,NO_SET,DISK_GEOMETRY,SEED,probe,n,bench_reads,bench_progs,bench_erases,bench_readed,bench_progged,bench_erased,bench_simtime,bench_runtime
14,bench_p26_wt,bench_p26_wt_linear,32,64,0,4,1,134217728,64,3600000000000,0,32768,2097152,0,1,42,write,2338987584,27825867,11270546,20300,513903260,2656071036,2660761600,3600002984392,56.431652
14,bench_p26_wt,bench_p26_wt_linear,32,64,0,4,1,134217728,64,3600000000000,0,32768,2097152,0,1,42,stack,2338987584,0,0,0,0,0,0,3296,56.440131
14,bench_p26_wt,bench_p26_wt_linear,32,64,0,4,1,134217728,64,3600000000000,0,32768,2097152,0,1,42,ctx,2338987584,0,0,0,0,0,0,624,56.440197
14,bench_p26_wt,bench_p26_wt_linear,32,64,0,4,1,134217728,64,3600000000000,0,32768,2097152,0,1,42,heap,2338987584,0,0,0,0,0,0,784,56.440256
14,bench_p26_wt,bench_p26_wt_linear,32,64,0,4,1,134217728,64,3600000000000,0,32768,2097152,0,1,42,usage,2338987584,0,0,0,0,0,0,1310720,56.440307
12,bench_p26_wt,bench_p26_wt_linear,32,64,0,1,1,134217728,64,3600000000000,0,32768,2097152,0,1,42,write,2323101504,28690586,11189291,20125,504574206,2633880656,2637824000,3600009336010,56.627785
12,bench_p26_wt,bench_p26_wt_linear,32,64,0,1,1,134217728,64,3600000000000,0,32768,2097152,0,1,42,stack,2323101504,0,0,0,0,0,0,3296,56.627890
12,bench_p26_wt,bench_p26_wt_linear,32,64,0,1,1,134217728,64,3600000000000,0,32768,2097152,0,1,42,ctx,2323101504,0,0,0,0,0,0,624,56.627948
12,bench_p26_wt,bench_p26_wt_linear,32,64,0,1,1,134217728,64,3600000000000,0,32768,2097152,0,1,42,heap,2323101504,0,0,0,0,0,0,784,56.627999
12,bench_p26_wt,bench_p26_wt_linear,32,64,0,1,1,134217728,64,3600000000000,0,32768,2097152,0,1,42,usage,2323101504,0,0,0,0,0,0,2228224,56.628047
13,bench_p26_wt,bench_p26_wt_linear,32,64,0,2,1,134217728,64,3600000000000,0,32768,2097152,0,1,42,write,2332040512,28112434,11243346,20239,515050531,2648261538,2652766208,3600003058591,57.212635
13,bench_p26_wt,bench_p26_wt_linear,32,64,0,2,1,134217728,64,3600000000000,0,32768,2097152,0,1,42,stack,2332040512,0,0,0,0,0,0,3296,57.212741
13,bench_p26_wt,bench_p26_wt_linear,32,64,0,2,1,134217728,64,3600000000000,0,32768,2097152,0,1,42,ctx,2332040512,0,0,0,0,0,0,624,57.212795
13,bench_p26_wt,bench_p26_wt_linear,32,64,0,2,1,134217728,64,3600000000000,0,32768,2097152,0,1,42,heap,2332040512,0,0,0,0,0,0,784,57.212844
13,bench_p26_wt,bench_p26_wt_linear,32,64,0,2,1,134217728,64,3600000000000,0,32768,2097152,0,1,42,usage,2332040512,0,0,0,0,0,0,655360,57.212890
18,bench_p26_wt,bench_p26_wt_linear,32,64,0,64,1,134217728,64,3600000000000,0,32768,2097152,0,1,42,write,2337631296,28052701,11236822,20622,588672819,2698371520,2702966784,3600008921609,57.378679
18,bench_p26_wt,bench_p26_wt_linear,32,64,0,64,1,134217728,64,3600000000000,0,32768,2097152,0,1,42,stack,2337631296,0,0,0,0,0,0,3296,57.378784
18,bench_p26_wt,bench_p26_wt_linear,32,64,0,64,1,134217728,64,3600000000000,0,32768,2097152,0,1,42,ctx,2337631296,0,0,0,0,0,0,624,57.378838
18,bench_p26_wt,bench_p26_wt_linear,32,64,0,64,1,134217728,64,3600000000000,0,32768,2097152,0,1,42,heap,2337631296,0,0,0,0,0,0,784,57.378886
18,bench_p26_wt,bench_p26_wt_linear,32,64,0,64,1,134217728,64,3600000000000,0,32768,2097152,0,1,42,usage,2337631296,0,0,0,0,0,0,2097152,57.378932
19,bench_p26_wt,bench_p26_wt_linear,32,64,0,128,1,134217728,64,3600000000000,0,32768,2097152,0,1,42,write,2344490560,28099146,11223786,20763,663038440,2720424064,2721447936,3600002393528,57.714638
19,bench_p26_wt,bench_p26_wt_linear,32,64,0,128,1,134217728,64,3600000000000,0,32768,2097152,0,1,42,stack,2344490560,0,0,0,0,0,0,3296,57.714741
19,bench_p26_wt,bench_p26_wt_linear,32,64,0,128,1,134217728,64,3600000000000,0,32768,2097152,0,1,42,ctx,2344490560,0,0,0,0,0,0,624,57.714794
19,bench_p26_wt,bench_p26_wt_linear,32,64,0,128,1,134217728,64,3600000000000,0,32768,2097152,0,1,42,heap,2344490560,0,0,0,0,0,0,784,57.714841
19,bench_p26_wt,bench_p26_wt_linear,32,64,0,128,1,134217728,64,3600000000000,0,32768,2097152,0,1,42,usage,2344490560,0,0,0,0,0,0,2621440,57.714889
16,bench_p26_wt,bench_p26_wt_linear,32,64,0,16,1,134217728,64,3600000000000,0,32768,2097152,0,1,42,write,2327053376,28285895,11223720,20291,537143479,2654512544,2659581952,3600003133557,59.015832
16,bench_p26_wt,bench_p26_wt_linear,32,64,0,16,1,134217728,64,3600000000000,0,32768,2097152,0,1,42,stack,2327053376,0,0,0,0,0,0,3296,59.015973
16,bench_p26_wt,bench_p26_wt_linear,32,64,0,16,1,134217728,64,3600000000000,0,32768,2097152,0,1,42,ctx,2327053376,0,0,0,0,0,0,624,59.016026
16,bench_p26_wt,bench_p26_wt_linear,32,64,0,16,1,134217728,64,3600000000000,0,32768,2097152,0,1,42,heap,2327053376,0,0,0,0,0,0,784,59.016075
16,bench_p26_wt,bench_p26_wt_linear,32,64,0,16,1,134217728,64,3600000000000,0,32768,2097152,0,1,42,usage,2327053376,0,0,0,0,0,0,1966080,59.016124
15,bench_p26_wt,bench_p26_wt_linear,32,64,0,8,1,134217728,64,3600000000000,0,32768,2097152,0,1,42,write,2327709248,28243244,11229278,20257,527324947,2649916432,2655125504,3600002917273,59.050464
15,bench_p26_wt,bench_p26_wt_linear,32,64,0,8,1,134217728,64,3600000000000,0,32768,2097152,0,1,42,stack,2327709248,0,0,0,0,0,0,3312,59.050553
15,bench_p26_wt,bench_p26_wt_linear,32,64,0,8,1,134217728,64,3600000000000,0,32768,2097152,0,1,42,ctx,2327709248,0,0,0,0,0,0,624,59.050600
15,bench_p26_wt,bench_p26_wt_linear,32,64,0,8,1,134217728,64,3600000000000,0,32768,2097152,0,1,42,heap,2327709248,0,0,0,0,0,0,784,59.050639
15,bench_p26_wt,bench_p26_wt_linear,32,64,0,8,1,134217728,64,3600000000000,0,32768,2097152,0,1,42,usage,2327709248,0,0,0,0,0,0,2621440,59.050675
17,bench_p26_wt,bench_p26_wt_linear,32,64,0,32,1,134217728,64,3600000000000,0,32768,2097152,0,1,42,write,2348010048,27636847,11284124,20474,539395760,2678831392,2683568128,3600009075824,59.377739
17,bench_p26_wt,bench_p26_wt_linear,32,64,0,32,1,134217728,64,3600000000000,0,32768,2097152,0,1,42,stack,2348010048,0,0,0,0,0,0,3296,59.377835
17,bench_p26_wt,bench_p26_wt_linear,32,64,0,32,1,134217728,64,3600000000000,0,32768,2097152,0,1,42,ctx,2348010048,0,0,0,0,0,0,624,59.377882
17,bench_p26_wt,bench_p26_wt_linear,32,64,0,32,1,134217728,64,3600000000000,0,32768,2097152,0,1,42,heap,2348010048,0,0,0,0,0,0,784,59.377924
17,bench_p26_wt,bench_p26_wt_linear,32,64,0,32,1,134217728,64,3600000000000,0,32768,2097152,0,1,42,usage,2348010048,0,0,0,0,0,0,1966080,59.377965
20,bench_p26_wt,bench_p26_wt_linear,32,64,0,256,1,134217728,64,3600000000000,0,32768,2097152,0,1,42,write,2343313216,28176865,11185212,21853,814832022,2863414272,2864316416,3600018389538,59.782676
20,bench_p26_wt,bench_p26_wt_linear,32,64,0,256,1,134217728,64,3600000000000,0,32768,2097152,0,1,42,stack,2343313216,0,0,0,0,0,0,3296,59.782775
20,bench_p26_wt,bench_p26_wt_linear,32,64,0,256,1,134217728,64,3600000000000,0,32768,2097152,0,1,42,ctx,2343313216,0,0,0,0,0,0,624,59.782823
20,bench_p26_wt,bench_p26_wt_linear,32,64,0,256,1,134217728,64,3600000000000,0,32768,2097152,0,1,42,heap,2343313216,0,0,0,0,0,0,784,59.782865
20,bench_p26_wt,bench_p26_wt_linear,32,64,0,256,1,134217728,64,3600000000000,0,32768,2097152,0,1,42,usage,2343313216,0,0,0,0,0,0,1441792,59.782904
21,bench_p26_wt,bench_p26_wt_linear,32,64,0,512,1,134217728,64,3600000000000,0,32768,2097152,0,1,42,write,4630589504,28918859,10728232,41919,1158180569,5492854784,5494407168,3600008792603,83.295650
21,bench_p26_wt,bench_p26_wt_linear,32,64,0,512,1,134217728,64,3600000000000,0,32768,2097152,0,1,42,stack,4630589504,0,0,0,0,0,0,3312,83.295741
21,bench_p26_wt,bench_p26_wt_linear,32,64,0,512,1,134217728,64,3600000000000,0,32768,2097152,0,1,42,ctx,4630589504,0,0,0,0,0,0,624,83.295782
21,bench_p26_wt,bench_p26_wt_linear,32,64,0,512,1,134217728,64,3600000000000,0,32768,2097152,0,1,42,heap,4630589504,0,0,0,0,0,0,1296,83.295814
21,bench_p26_wt,bench_p26_wt_linear,32,64,0,512,1,134217728,64,3600000000000,0,32768,2097152,0,1,42,usage,4630589504,0,0,0,0,0,0,786432,83.295844
22,bench_p26_wt,bench_p26_wt_linear,32,64,0,1024,1,134217728,64,3600000000000,0,32768,2097152,0,1,42,write,7687713856,37173046,9266142,72420,2556746999,9488529408,9492234240,3600009719381,117.915116
22,bench_p26_wt,bench_p26_wt_linear,32,64,0,1024,1,134217728,64,3600000000000,0,32768,2097152,0,1,42,stack,7687713856,0,0,0,0,0,0,3232,117.915213
22,bench_p26_wt,bench_p26_wt_linear,32,64,0,1024,1,134217728,64,3600000000000,0,32768,2097152,0,1,42,ctx,7687713856,0,0,0,0,0,0,624,117.915277
22,bench_p26_wt,bench_p26_wt_linear,32,64,0,1024,1,134217728,64,3600000000000,0,32768,2097152,0,1,42,heap,7687713856,0,0,0,0,0,0,2320,117.915316
22,bench_p26_wt,bench_p26_wt_linear,32,64,0,1024,1,134217728,64,3600000000000,0,32768,2097152,0,1,42,usage,7687713856,0,0,0,0,0,0,2359296,117.915354
23,bench_p26_wt,bench_p26_wt_linear,32,64,0,2048,1,134217728,64,3600000000000,0,32768,2097152,0,1,42,write,10254938176,51533182,7008966,109591,4952701769,14354362368,14364311552,3600010581611,150.214043
23,bench_p26_wt,bench_p26_wt_linear,32,64,0,2048,1,134217728,64,3600000000000,0,32768,2097152,0,1,42,stack,10254938176,0,0,0,0,0,0,3232,150.214118
23,bench_p26_wt,bench_p26_wt_linear,32,64,0,2048,1,134217728,64,3600000000000,0,32768,2097152,0,1,42,ctx,10254938176,0,0,0,0,0,0,624,150.214153
23,bench_p26_wt,bench_p26_wt_linear,32,64,0,2048,1,134217728,64,3600000000000,0,32768,2097152,0,1,42,heap,10254938176,0,0,0,0,0,0,4368,150.214181
23,bench_p26_wt,bench_p26_wt_linear,32,64,0,2048,1,134217728,64,3600000000000,0,32768,2097152,0,1,42,usage,10254938176,0,0,0,0,0,0,2621440,150.214208
24,bench_p26_wt,bench_p26_wt_linear,32,64,0,4096,1,134217728,64,3600000000000,0,32768,2097152,0,1,42,write,9766309952,47035493,7309170,114351,5715647230,14969180160,14988214272,3600019189978,113.574233
24,bench_p26_wt,bench_p26_wt_linear,32,64,0,4096,1,134217728,64,3600000000000,0,32768,2097152,0,1,42,stack,9766309952,0,0,0,0,0,0,3232,113.574306
24,bench_p26_wt,bench_p26_wt_linear,32,64,0,4096,1,134217728,64,3600000000000,0,32768,2097152,0,1,42,ctx,9766309952,0,0,0,0,0,0,624,113.574337
24,bench_p26_wt,bench_p26_wt_linear,32,64,0,4096,1,134217728,64,3600000000000,0,32768,2097152,0,1,42,heap,9766309952,0,0,0,0,0,0,8464,113.574362
24,bench_p26_wt,bench_p26_wt_linear,32,64,0,4096,1,134217728,64,3600000000000,0,32768,2097152,0,1,42,usage,9766309952,0,0,0,0,0,0,2621440,113.574385
26,bench_p26_wt,bench_p26_wt_random,32,64,0,2,1,134217728,64,3600000000000,0,32768,2097152,0,1,42,write,14775808,86704891,5559522,10588,1995743382,1131116404,1387790336,3600166521022,35.502063
26,bench_p26_wt,bench_p26_wt_random,32,64,0,2,1,134217728,64,3600000000000,0,32768,2097152,0,1,42,stack,14775808,0,0,0,0,0,0,3248,35.502192
26,bench_p26_wt,bench_p26_wt_random,32,64,0,2,1,134217728,64,3600000000000,0,32768,2097152,0,1,42,ctx,14775808,0,0,0,0,0,0,608,35.502253
26,bench_p26_wt,bench_p26_wt_random,32,64,0,2,1,134217728,64,3600000000000,0,32768,2097152,0,1,42,heap,14775808,0,0,0,0,0,0,784,35.502305
26,bench_p26_wt,bench_p26_wt_random,32,64,0,2,1,134217728,64,3600000000000,0,32768,2097152,0,1,42,usage,14775808,0,0,0,0,0,0,5767168,35.502357
30,bench_p26_wt,bench_p26_wt_random,32,64,0,32,1,134217728,64,3600000000000,0,32768,2097152,0,1,42,write,14427968,88031585,5427461,10535,2029544778,1133643456,1380843520,3600361157822,35.767607
30,bench_p26_wt,bench_p26_wt_random,32,64,0,32,1,134217728,64,3600000000000,0,32768,2097152,0,1,42,stack,14427968,0,0,0,0,0,0,3248,35.767716
30,bench_p26_wt,bench_p26_wt_random,32,64,0,32,1,134217728,64,3600000000000,0,32768,2097152,0,1,42,ctx,14427968,0,0,0,0,0,0,608,35.767776
30,bench_p26_wt,bench_p26_wt_random,32,64,0,32,1,134217728,64,3600000000000,0,32768,2097152,0,1,42,heap,14427968,0,0,0,0,0,0,784,35.767831
30,bench_p26_wt,bench_p26_wt_random,32,64,0,32,1,134217728,64,3600000000000,0,32768,2097152,0,1,42,usage,14427968,0,0,0,0,0,0,5242880,35.767889
28,bench_p26_wt,bench_p26_wt_random,32,64,0,8,1,134217728,64,3600000000000,0,32768,2097152,0,1,42,write,14552704,87164921,5515603,10487,1998801215,1124337328,1374552064,3600229514941,35.861750
28,bench_p26_wt,bench_p26_wt_random,32,64,0,8,1,134217728,64,3600000000000,0,32768,2097152,0,1,42,stack,14552704,0,0,0,0,0,0,3248,35.861845
28,bench_p26_wt,bench_p26_wt_random,32,64,0,8,1,134217728,64,3600000000000,0,32768,2097152,0,1,42,ctx,14552704,0,0,0,0,0,0,608,35.861895
28,bench_p26_wt,bench_p26_wt_random,32,64,0,8,1,134217728,64,3600000000000,0,32768,2097152,0,1,42,heap,14552704,0,0,0,0,0,0,784,35.861949
28,bench_p26_wt,bench_p26_wt_random,32,64,0,8,1,134217728,64,3600000000000,0,32768,2097152,0,1,42,usage,14552704,0,0,0,0,0,0,4980736,35.861988
25,bench_p26_wt,bench_p26_wt_random,32,64,0,1,1,134217728,64,3600000000000,0,32768,2097152,0,1,42,write,14904256,86592648,5571198,10646,1988998804,1134514581,1395392512,3600375806731,35.963785
25,bench_p26_wt,bench_p26_wt_random,32,64,0,1,1,134217728,64,3600000000000,0,32768,2097152,0,1,42,stack,14904256,0,0,0,0,0,0,3248,35.963888
25,bench_p26_wt,bench_p26_wt_random,32,64,0,1,1,134217728,64,3600000000000,0,32768,2097152,0,1,42,ctx,14904256,0,0,0,0,0,0,608,35.963941
25,bench_p26_wt,bench_p26_wt_random,32,64,0,1,1,134217728,64,3600000000000,0,32768,2097152,0,1,42,heap,14904256,0,0,0,0,0,0,784,35.963989
25,bench_p26_wt,bench_p26_wt_random,32,64,0,1,1,134217728,64,3600000000000,0,32768,2097152,0,1,42,usage,14904256,0,0,0,0,0,0,4849664,35.964031
29,bench_p26_wt,bench_p26_wt_random,32,64,0,16,1,134217728,64,3600000000000,0,32768,2097152,0,1,42,write,14514368,87535225,5478024,10522,2006962561,1128325280,1379139584,3600240416883,36.123700
29,bench_p26_wt,bench_p26_wt_random,32,64,0,16,1,134217728,64,3600000000000,0,32768,2097152,0,1,42,stack,14514368,0,0,0,0,0,0,3248,36.123799
29,bench_p26_wt,bench_p26_wt_random,32,64,0,16,1,134217728,64,3600000000000,0,32768,2097152,0,1,42,ctx,14514368,0,0,0,0,0,0,608,36.123852
29,bench_p26_wt,bench_p26_wt_random,32,64,0,16,1,134217728,64,3600000000000,0,32768,2097152,0,1,42,heap,14514368,0,0,0,0,0,0,784,36.123898
29,bench_p26_wt,bench_p26_wt_random,32,64,0,16,1,134217728,64,3600000000000,0,32768,2097152,0,1,42,usage,14514368,0,0,0,0,0,0,5898240,36.123943
27,bench_p26_wt,bench_p26_wt_random,32,64,0,4,1,134217728,64,3600000000000,0,32768,2097152,0,1,42,write,14676544,86929325,5538787,10537,1995556160,1127459128,1381105664,3600328131304,36.535805
27,bench_p26_wt,bench_p26_wt_random,32,64,0,4,1,134217728,64,3600000000000,0,32768,2097152,0,1,42,stack,14676544,0,0,0,0,0,0,3248,36.535903
27,bench_p26_wt,bench_p26_wt_random,32,64,0,4,1,134217728,64,3600000000000,0,32768,2097152,0,1,42,ctx,14676544,0,0,0,0,0,0,608,36.535952
27,bench_p26_wt,bench_p26_wt_random,32,64,0,4,1,134217728,64,3600000000000,0,32768,2097152,0,1,42,heap,14676544,0,0,0,0,0,0,784,36.536002
27,bench_p26_wt,bench_p26_wt_random,32,64,0,4,1,134217728,64,3600000000000,0,32768,2097152,0,1,42,usage,14676544,0,0,0,0,0,0,5767168,36.536045
31,bench_p26_wt,bench_p26_wt_random,32,64,0,64,1,134217728,64,3600000000000,0,32768,2097152,0,1,42,write,14213120,89097537,5316703,10626,2072578056,1148140864,1392771072,3600156439640,36.936349
31,bench_p26_wt,bench_p26_wt_random,32,64,0,64,1,134217728,64,3600000000000,0,32768,2097152,0,1,42,stack,14213120,0,0,0,0,0,0,3200,36.936447
31,bench_p26_wt,bench_p26_wt_random,32,64,0,64,1,134217728,64,3600000000000,0,32768,2097152,0,1,42,ctx,14213120,0,0,0,0,0,0,608,36.936498
31,bench_p26_wt,bench_p26_wt_random,32,64,0,64,1,134217728,64,3600000000000,0,32768,2097152,0,1,42,heap,14213120,0,0,0,0,0,0,784,36.936561
31,bench_p26_wt,bench_p26_wt_random,32,64,0,64,1,134217728,64,3600000000000,0,32768,2097152,0,1,42,usage,14213120,0,0,0,0,0,0,5767168,36.936608
32,bench_p26_wt,bench_p26_wt_random,32,64,0,128,1,134217728,64,3600000000000,0,32768,2097152,0,1,42,write,13177664,93251685,4905568,10368,2161516187,1128477312,1358954496,3600333202689,37.068558
32,bench_p26_wt,bench_p26_wt_random,32,64,0,128,1,134217728,64,3600000000000,0,32768,2097152,0,1,42,stack,13177664,0,0,0,0,0,0,3200,37.068656
32,bench_p26_wt,bench_p26_wt_random,32,64,0,128,1,134217728,64,3600000000000,0,32768,2097152,0,1,42,ctx,13177664,0,0,0,0,0,0,608,37.068707
32,bench_p26_wt,bench_p26_wt_random,32,64,0,128,1,134217728,64,3600000000000,0,32768,2097152,0,1,42,heap,13177664,0,0,0,0,0,0,784,37.068752
32,bench_p26_wt,bench_p26_wt_random,32,64,0,128,1,134217728,64,3600000000000,0,32768,2097152,0,1,42,usage,13177664,0,0,0,0,0,0,5242880,37.068802
33,bench_p26_wt,bench_p26_wt_random,32,64,0,256,1,134217728,64,3600000000000,0,32768,2097152,0,1,42,write,13253440,94341995,4766164,11119,2411808886,1220137984,1457389568,3600271375554,38.119281
33,bench_p26_wt,bench_p26_wt_random,32,64,0,256,1,134217728,64,3600000000000,0,32768,2097152,0,1,42,stack,13253440,0,0,0,0,0,0,3248,38.119382
33,bench_p26_wt,bench_p26_wt_random,32,64,0,256,1,134217728,64,3600000000000,0,32768,2097152,0,1,42,ctx,13253440,0,0,0,0,0,0,608,38.119431
33,bench_p26_wt,bench_p26_wt_random,32,64,0,256,1,134217728,64,3600000000000,0,32768,2097152,0,1,42,heap,13253440,0,0,0,0,0,0,784,38.119474
33,bench_p26_wt,bench_p26_wt_random,32,64,0,256,1,134217728,64,3600000000000,0,32768,2097152,0,1,42,usage,13253440,0,0,0,0,0,0,6029312,38.119517
34,bench_p26_wt,bench_p26_wt_random,32,64,0,512,1,134217728,64,3600000000000,0,32768,2097152,0,1,42,write,13076096,111871247,2948980,13361,3107402239,1509877760,1751252992,3600165228013,41.627801
34,bench_p26_wt,bench_p26_wt_random,32,64,0,512,1,134217728,64,3600000000000,0,32768,2097152,0,1,42,stack,13076096,0,0,0,0,0,0,3120,41.627896
34,bench_p26_wt,bench_p26_wt_random,32,64,0,512,1,134217728,64,3600000000000,0,32768,2097152,0,1,42,ctx,13076096,0,0,0,0,0,0,608,41.627947
34,bench_p26_wt,bench_p26_wt_random,32,64,0,512,1,134217728,64,3600000000000,0,32768,2097152,0,1,42,heap,13076096,0,0,0,0,0,0,1296,41.627999
34,bench_p26_wt,bench_p26_wt_random,32,64,0,512,1,134217728,64,3600000000000,0,32768,2097152,0,1,42,usage,13076096,0,0,0,0,0,0,5373952,41.628042
36,bench_p26_wt,bench_p26_wt_random,32,64,0,2048,1,134217728,64,3600000000000,0,32768,2097152,0,1,42,write,5707712,133998599,749332,12680,3514036156,1534631936,1661992960,3601229253364,42.256224
36,bench_p26_wt,bench_p26_wt_random,32,64,0,2048,1,134217728,64,3600000000000,0,32768,2097152,0,1,42,stack,5707712,0,0,0,0,0,0,3200,42.256307
36,bench_p26_wt,bench_p26_wt_random,32,64,0,2048,1,134217728,64,3600000000000,0,32768,2097152,0,1,42,ctx,5707712,0,0,0,0,0,0,608,42.256357
36,bench_p26_wt,bench_p26_wt_random,32,64,0,2048,1,134217728,64,3600000000000,0,32768,2097152,0,1,42,heap,5707712,0,0,0,0,0,0,4368,42.256397
36,bench_p26_wt,bench_p26_wt_random,32,64,0,2048,1,134217728,64,3600000000000,0,32768,2097152,0,1,42,usage,5707712,0,0,0,0,0,0,5373952,42.256428
35,bench_p26_wt,bench_p26_wt_random,32,64,0,1024,1,134217728,64,3600000000000,0,32768,2097152,0,1,42,write,9562816,125877230,1544713,13476,3445926191,1581786112,1766326272,3601536043645,42.353921
35,bench_p26_wt,bench_p26_wt_random,32,64,0,1024,1,134217728,64,3600000000000,0,32768,2097152,0,1,42,stack,9562816,0,0,0,0,0,0,3200,42.353996
35,bench_p26_wt,bench_p26_wt_random,32,64,0,1024,1,134217728,64,3600000000000,0,32768,2097152,0,1,42,ctx,9562816,0,0,0,0,0,0,608,42.354031
35,bench_p26_wt,bench_p26_wt_random,32,64,0,1024,1,134217728,64,3600000000000,0,32768,2097152,0,1,42,heap,9562816,0,0,0,0,0,0,2320,42.354059
35,bench_p26_wt,bench_p26_wt_random,32,64,0,1024,1,134217728,64,3600000000000,0,32768,2097152,0,1,42,usage,9562816,0,0,0,0,0,0,5373952,42.354085
37,bench_p26_wt,bench_p26_wt_random,32,64,0,4096,1,134217728,64,3600000000000,0,32768,2097152,0,1,42,write,3046016,134790370,700540,11598,3387068339,1434705920,1520173056,3602058562121,18.196729
37,bench_p26_wt,bench_p26_wt_random,32,64,0,4096,1,134217728,64,3600000000000,0,32768,2097152,0,1,42,stack,3046016,0,0,0,0,0,0,3200,18.196796
37,bench_p26_wt,bench_p26_wt_random,32,64,0,4096,1,134217728,64,3600000000000,0,32768,2097152,0,1,42,ctx,3046016,0,0,0,0,0,0,608,18.196827
37,bench_p26_wt,bench_p26_wt_random,32,64,0,4096,1,134217728,64,3600000000000,0,32768,2097152,0,1,42,heap,3046016,0,0,0,0,0,0,8464,18.196851
37,bench_p26_wt,bench_p26_wt_random,32,64,0,4096,1,134217728,64,3600000000000,0,32768,2097152,0,1,42,usage,3046016,0,0,0,0,0,0,5767168,18.196875
49,bench_p26_wt,bench_p26_wt_many,32,64,0,2048,1,134217728,64,3600000000000,0,32768,2097152,0,1,42,write,10247104,136291728,211376,3399,9626559107,432898048,445513728,3600131461049,120.492275
49,bench_p26_wt,bench_p26_wt_many,32,64,0,2048,1,134217728,64,3600000000000,0,32768,2097152,0,1,42,stack,10247104,0,0,0,0,0,0,3312,120.492418
49,bench_p26_wt,bench_p26_wt_many,32,64,0,2048,1,134217728,64,3600000000000,0,32768,2097152,0,1,42,ctx,10247104,0,0,0,0,0,0,848,120.492486
49,bench_p26_wt,bench_p26_wt_many,32,64,0,2048,1,134217728,64,3600000000000,0,32768,2097152,0,1,42,heap,10247104,0,0,0,0,0,0,4368,120.492534
49,bench_p26_wt,bench_p26_wt_many,32,64,0,2048,1,134217728,64,3600000000000,0,32768,2097152,0,1,42,usage,10247104,0,0,0,0,0,0,34340864,120.492579
48,bench_p26_wt,bench_p26_wt_many,32,64,0,1024,1,134217728,64,3600000000000,0,32768,2097152,0,1,42,write,12983552,133719872,268750,2160,12477982992,275200000,283115520,3600005583920,159.586355
48,bench_p26_wt,bench_p26_wt_many,32,64,0,1024,1,134217728,64,3600000000000,0,32768,2097152,0,1,42,stack,12983552,0,0,0,0,0,0,3312,159.586465
48,bench_p26_wt,bench_p26_wt_many,32,64,0,1024,1,134217728,64,3600000000000,0,32768,2097152,0,1,42,ctx,12983552,0,0,0,0,0,0,848,159.586518
48,bench_p26_wt,bench_p26_wt_many,32,64,0,1024,1,134217728,64,3600000000000,0,32768,2097152,0,1,42,heap,12983552,0,0,0,0,0,0,2320,159.586565
48,bench_p26_wt,bench_p26_wt_many,32,64,0,1024,1,134217728,64,3600000000000,0,32768,2097152,0,1,42,usage,12983552,0,0,0,0,0,0,34078720,159.586612
42,bench_p26_wt,bench_p26_wt_many,32,64,0,16,1,134217728,64,3600000000000,0,32768,2097152,0,1,42,write,9731840,130400445,224019,405,17770163048,46984960,53084160,3600015902136,179.321122
42,bench_p26_wt,bench_p26_wt_many,32,64,0,16,1,134217728,64,3600000000000,0,32768,2097152,0,1,42,stack,9731840,0,0,0,0,0,0,3488,179.321229
42,bench_p26_wt,bench_p26_wt_many,32,64,0,16,1,134217728,64,3600000000000,0,32768,2097152,0,1,42,ctx,9731840,0,0,0,0,0,0,848,179.321284
42,bench_p26_wt,bench_p26_wt_many,32,64,0,16,1,134217728,64,3600000000000,0,32768,2097152,0,1,42,heap,9731840,0,0,0,0,0,0,784,179.321332
42,bench_p26_wt,bench_p26_wt_many,32,64,0,16,1,134217728,64,3600000000000,0,32768,2097152,0,1,42,usage,9731840,0,0,0,0,0,0,34078720,179.321381
40,bench_p26_wt,bench_p26_wt_many,32,64,0,4,1,134217728,64,3600000000000,0,32768,2097152,0,1,42,write,9736896,130380932,224388,398,17792223421,45956208,52166656,3600014385751,195.857150
40,bench_p26_wt,bench_p26_wt_many,32,64,0,4,1,134217728,64,3600000000000,0,32768,2097152,0,1,42,stack,9736896,0,0,0,0,0,0,3488,195.857258
40,bench_p26_wt,bench_p26_wt_many,32,64,0,4,1,134217728,64,3600000000000,0,32768,2097152,0,1,42,ctx,9736896,0,0,0,0,0,0,848,195.857313
40,bench_p26_wt,bench_p26_wt_many,32,64,0,4,1,134217728,64,3600000000000,0,32768,2097152,0,1,42,heap,9736896,0,0,0,0,0,0,784,195.857361
40,bench_p26_wt,bench_p26_wt_many,32,64,0,4,1,134217728,64,3600000000000,0,32768,2097152,0,1,42,usage,9736896,0,0,0,0,0,0,34078720,195.857408
43,bench_p26_wt,bench_p26_wt_many,32,64,0,32,1,134217728,64,3600000000000,0,32768,2097152,0,1,42,write,9889152,130332070,227414,420,17810494014,49089312,55050240,3600019541498,196.644595
43,bench_p26_wt,bench_p26_wt_many,32,64,0,32,1,134217728,64,3600000000000,0,32768,2097152,0,1,42,stack,9889152,0,0,0,0,0,0,3488,196.644693
43,bench_p26_wt,bench_p26_wt_many,32,64,0,32,1,134217728,64,3600000000000,0,32768,2097152,0,1,42,ctx,9889152,0,0,0,0,0,0,848,196.644746
43,bench_p26_wt,bench_p26_wt_many,32,64,0,32,1,134217728,64,3600000000000,0,32768,2097152,0,1,42,heap,9889152,0,0,0,0,0,0,784,196.644792
43,bench_p26_wt,bench_p26_wt_many,32,64,0,32,1,134217728,64,3600000000000,0,32768,2097152,0,1,42,usage,9889152,0,0,0,0,0,0,34078720,196.644836
41,bench_p26_wt,bench_p26_wt_many,32,64,0,8,1,134217728,64,3600000000000,0,32768,2097152,0,1,42,write,9753728,130353168,224596,399,17824513082,46331672,52297728,3600006631190,199.781018
41,bench_p26_wt,bench_p26_wt_many,32,64,0,8,1,134217728,64,3600000000000,0,32768,2097152,0,1,42,stack,9753728,0,0,0,0,0,0,3488,199.781117
41,bench_p26_wt,bench_p26_wt_many,32,64,0,8,1,134217728,64,3600000000000,0,32768,2097152,0,1,42,ctx,9753728,0,0,0,0,0,0,848,199.781169
41,bench_p26_wt,bench_p26_wt_many,32,64,0,8,1,134217728,64,3600000000000,0,32768,2097152,0,1,42,heap,9753728,0,0,0,0,0,0,784,199.781217
41,bench_p26_wt,bench_p26_wt_many,32,64,0,8,1,134217728,64,3600000000000,0,32768,2097152,0,1,42,usage,9753728,0,0,0,0,0,0,34078720,199.781275
47,bench_p26_wt,bench_p26_wt_many,32,64,0,512,1,134217728,64,3600000000000,0,32768,2097152,0,1,42,write,13886336,131426228,288678,1183,15411009979,147803136,155058176,3600002231521,202.049587
47,bench_p26_wt,bench_p26_wt_many,32,64,0,512,1,134217728,64,3600000000000,0,32768,2097152,0,1,42,stack,13886336,0,0,0,0,0,0,3312,202.049690
47,bench_p26_wt,bench_p26_wt_many,32,64,0,512,1,134217728,64,3600000000000,0,32768,2097152,0,1,42,ctx,13886336,0,0,0,0,0,0,848,202.049743
47,bench_p26_wt,bench_p26_wt_many,32,64,0,512,1,134217728,64,3600000000000,0,32768,2097152,0,1,42,heap,13886336,0,0,0,0,0,0,1296,202.049790
47,bench_p26_wt,bench_p26_wt_many,32,64,0,512,1,134217728,64,3600000000000,0,32768,2097152,0,1,42,usage,13886336,0,0,0,0,0,0,34340864,202.049835
44,bench_p26_wt,bench_p26_wt_many,32,64,0,64,1,134217728,64,3600000000000,0,32768,2097152,0,1,42,write,10470272,130228514,244432,493,17704230101,57193920,64618496,3600005095695,204.079226
44,bench_p26_wt,bench_p26_wt_many,32,64,0,64,1,134217728,64,3600000000000,0,32768,2097152,0,1,42,stack,10470272,0,0,0,0,0,0,3248,204.079323
44,bench_p26_wt,bench_p26_wt_many,32,64,0,64,1,134217728,64,3600000000000,0,32768,2097152,0,1,42,ctx,10470272,0,0,0,0,0,0,848,204.079373
44,bench_p26_wt,bench_p26_wt_many,32,64,0,64,1,134217728,64,3600000000000,0,32768,2097152,0,1,42,heap,10470272,0,0,0,0,0,0,784,204.079415
44,bench_p26_wt,bench_p26_wt_many,32,64,0,64,1,134217728,64,3600000000000,0,32768,2097152,0,1,42,usage,10470272,0,0,0,0,0,0,34078720,204.079456
39,bench_p26_wt,bench_p26_wt_many,32,64,0,2,1,134217728,64,3600000000000,0,32768,2097152,0,1,42,write,9728960,130367597,224234,397,17811476754,45758958,52035584,3600008286464,204.409735
39,bench_p26_wt,bench_p26_wt_many,32,64,0,2,1,134217728,64,3600000000000,0,32768,2097152,0,1,42,stack,9728960,0,0,0,0,0,0,3488,204.409822
39,bench_p26_wt,bench_p26_wt_many,32,64,0,2,1,134217728,64,3600000000000,0,32768,2097152,0,1,42,ctx,9728960,0,0,0,0,0,0,848,204.409865
39,bench_p26_wt,bench_p26_wt_many,32,64,0,2,1,134217728,64,3600000000000,0,32768,2097152,0,1,42,heap,9728960,0,0,0,0,0,0,784,204.409901
39,bench_p26_wt,bench_p26_wt_many,32,64,0,2,1,134217728,64,3600000000000,0,32768,2097152,0,1,42,usage,9728960,0,0,0,0,0,0,34078720,204.409934
38,bench_p26_wt,bench_p26_wt_many,32,64,0,1,1,134217728,64,3600000000000,0,32768,2097152,0,1,42,write,9690752,130406596,223585,396,17770940679,45579359,51904512,3600029005458,205.276601
38,bench_p26_wt,bench_p26_wt_many,32,64,0,1,1,134217728,64,3600000000000,0,32768,2097152,0,1,42,stack,9690752,0,0,0,0,0,0,3488,205.276693
38,bench_p26_wt,bench_p26_wt_many,32,64,0,1,1,134217728,64,3600000000000,0,32768,2097152,0,1,42,ctx,9690752,0,0,0,0,0,0,848,205.276748
38,bench_p26_wt,bench_p26_wt_many,32,64,0,1,1,134217728,64,3600000000000,0,32768,2097152,0,1,42,heap,9690752,0,0,0,0,0,0,784,205.276788
38,bench_p26_wt,bench_p26_wt_many,32,64,0,1,1,134217728,64,3600000000000,0,32768,2097152,0,1,42,usage,9690752,0,0,0,0,0,0,34078720,205.276829
45,bench_p26_wt,bench_p26_wt_many,32,64,0,128,1,134217728,64,3600000000000,0,32768,2097152,0,1,42,write,11568832,129825568,259157,521,18023141072,62698624,68288512,3600000372464,205.523231
45,bench_p26_wt,bench_p26_wt_many,32,64,0,128,1,134217728,64,3600000000000,0,32768,2097152,0,1,42,stack,11568832,0,0,0,0,0,0,3248,205.523298
45,bench_p26_wt,bench_p26_wt_many,32,64,0,128,1,134217728,64,3600000000000,0,32768,2097152,0,1,42,ctx,11568832,0,0,0,0,0,0,848,205.523330
45,bench_p26_wt,bench_p26_wt_many,32,64,0,128,1,134217728,64,3600000000000,0,32768,2097152,0,1,42,heap,11568832,0,0,0,0,0,0,784,205.523356
45,bench_p26_wt,bench_p26_wt_many,32,64,0,128,1,134217728,64,3600000000000,0,32768,2097152,0,1,42,usage,11568832,0,0,0,0,0,0,34078720,205.523380
46,bench_p26_wt,bench_p26_wt_many,32,64,0,256,1,134217728,64,3600000000000,0,32768,2097152,0,1,42,write,12027776,129633355,257686,553,18284775425,65967616,72482816,3600005085715,215.773848
46,bench_p26_wt,bench_p26_wt_many,32,64,0,256,1,134217728,64,3600000000000,0,32768,2097152,0,1,42,stack,12027776,0,0,0,0,0,0,3488,215.773938
46,bench_p26_wt,bench_p26_wt_many,32,64,0,256,1,134217728,64,3600000000000,0,32768,2097152,0,1,42,ctx,12027776,0,0,0,0,0,0,848,215.773974
46,bench_p26_wt,bench_p26_wt_many,32,64,0,256,1,134217728,64,3600000000000,0,32768,2097152,0,1,42,heap,12027776,0,0,0,0,0,0,784,215.774002
46,bench_p26_wt,bench_p26_wt_many,32,64,0,256,1,134217728,64,3600000000000,0,32768,2097152,0,1,42,usage,12027776,0,0,0,0,0,0,34078720,215.774029
50,bench_p26_wt,bench_p26_wt_many,32,64,0,4096,1,134217728,64,3600000000000,0,32768,2097152,0,1,42,write,6963328,137197076,286008,4664,7198716179,585744384,611319808,3600290702441,34.005176
50,bench_p26_wt,bench_p26_wt_many,32,64,0,4096,1,134217728,64,3600000000000,0,32768,2097152,0,1,42,stack,6963328,0,0,0,0,0,0,3312,34.005247
50,bench_p26_wt,bench_p26_wt_many,32,64,0,4096,1,134217728,64,3600000000000,0,32768,2097152,0,1,42,ctx,6963328,0,0,0,0,0,0,848,34.005279
50,bench_p26_wt,bench_p26_wt_many,32,64,0,4096,1,134217728,64,3600000000000,0,32768,2097152,0,1,42,heap,6963328,0,0,0,0,0,0,8464,34.005306
50,bench_p26_wt,bench_p26_wt_many,32,64,0,4096,1,134217728,64,3600000000000,0,32768,2097152,0,1,42,usage,6963328,0,0,0,0,0,0,34603008,34.005332
51,bench_p26_wt,bench_p26_wt_logging,32,64,0,1,1,134217728,64,3600000000000,0,32768,2097152,0,1,42,write,120900352,65821244,7811830,4403,593014335,559023371,577110016,3600000855678,37.578847
51,bench_p26_wt,bench_p26_wt_logging,32,64,0,1,1,134217728,64,3600000000000,0,32768,2097152,0,1,42,stack,120900352,0,0,0,0,0,0,3296,37.578991
51,bench_p26_wt,bench_p26_wt_logging,32,64,0,1,1,134217728,64,3600000000000,0,32768,2097152,0,1,42,ctx,120900352,0,0,0,0,0,0,624,37.579059
51,bench_p26_wt,bench_p26_wt_logging,32,64,0,1,1,134217728,64,3600000000000,0,32768,2097152,0,1,42,heap,120900352,0,0,0,0,0,0,784,37.579116
51,bench_p26_wt,bench_p26_wt_logging,32,64,0,1,1,134217728,64,3600000000000,0,32768,2097152,0,1,42,usage,120900352,0,0,0,0,0,0,4194304,37.579171
52,bench_p26_wt,bench_p26_wt_logging,32,64,0,2,1,134217728,64,3600000000000,0,32768,2097152,0,1,42,write,125578368,62696381,8113804,4603,619289187,583010454,603324416,3600002431099,38.553466
52,bench_p26_wt,bench_p26_wt_logging,32,64,0,2,1,134217728,64,3600000000000,0,32768,2097152,0,1,42,stack,125578368,0,0,0,0,0,0,3296,38.553584
52,bench_p26_wt,bench_p26_wt_logging,32,64,0,2,1,134217728,64,3600000000000,0,32768,2097152,0,1,42,ctx,125578368,0,0,0,0,0,0,624,38.553645
52,bench_p26_wt,bench_p26_wt_logging,32,64,0,2,1,134217728,64,3600000000000,0,32768,2097152,0,1,42,heap,125578368,0,0,0,0,0,0,784,38.553708
52,bench_p26_wt,bench_p26_wt_logging,32,64,0,2,1,134217728,64,3600000000000,0,32768,2097152,0,1,42,usage,125578368,0,0,0,0,0,0,4718592,38.553763
54,bench_p26_wt,bench_p26_wt_logging,32,64,0,8,1,134217728,64,3600000000000,0,32768,2097152,0,1,42,write,125946304,62540657,8124189,4737,650005749,603192432,620888064,3600000639615,38.653902
54,bench_p26_wt,bench_p26_wt_logging,32,64,0,8,1,134217728,64,3600000000000,0,32768,2097152,0,1,42,stack,125946304,0,0,0,0,0,0,3296,38.654010
54,bench_p26_wt,bench_p26_wt_logging,32,64,0,8,1,134217728,64,3600000000000,0,32768,2097152,0,1,42,ctx,125946304,0,0,0,0,0,0,624,38.654069
54,bench_p26_wt,bench_p26_wt_logging,32,64,0,8,1,134217728,64,3600000000000,0,32768,2097152,0,1,42,heap,125946304,0,0,0,0,0,0,784,38.654121
54,bench_p26_wt,bench_p26_wt_logging,32,64,0,8,1,134217728,64,3600000000000,0,32768,2097152,0,1,42,usage,125946304,0,0,0,0,0,0,3014656,38.654171
53,bench_p26_wt,bench_p26_wt_logging,32,64,0,4,1,134217728,64,3600000000000,0,32768,2097152,0,1,42,write,126030592,62447338,8136521,4681,626850416,590714936,613548032,3600001331832,38.724732
53,bench_p26_wt,bench_p26_wt_logging,32,64,0,4,1,134217728,64,3600000000000,0,32768,2097152,0,1,42,stack,126030592,0,0,0,0,0,0,3296,38.724835
53,bench_p26_wt,bench_p26_wt_logging,32,64,0,4,1,134217728,64,3600000000000,0,32768,2097152,0,1,42,ctx,126030592,0,0,0,0,0,0,624,38.724905
53,bench_p26_wt,bench_p26_wt_logging,32,64,0,4,1,134217728,64,3600000000000,0,32768,2097152,0,1,42,heap,126030592,0,0,0,0,0,0,784,38.724974
53,bench_p26_wt,bench_p26_wt_logging,32,64,0,4,1,134217728,64,3600000000000,0,32768,2097152,0,1,42,usage,126030592,0,0,0,0,0,0,3145728,38.725027
55,bench_p26_wt,bench_p26_wt_logging,32,64,0,16,1,134217728,64,3600000000000,0,32768,2097152,0,1,42,write,126184896,62424880,8129114,4889,698001829,624456912,640811008,3600000639663,39.828461
55,bench_p26_wt,bench_p26_wt_logging,32,64,0,16,1,134217728,64,3600000000000,0,32768,2097152,0,1,42,stack,126184896,0,0,0,0,0,0,3296,39.828571
55,bench_p26_wt,bench_p26_wt_logging,32,64,0,16,1,134217728,64,3600000000000,0,32768,2097152,0,1,42,ctx,126184896,0,0,0,0,0,0,624,39.828628
55,bench_p26_wt,bench_p26_wt_logging,32,64,0,16,1,134217728,64,3600000000000,0,32768,2097152,0,1,42,heap,126184896,0,0,0,0,0,0,784,39.828678
55,bench_p26_wt,bench_p26_wt_logging,32,64,0,16,1,134217728,64,3600000000000,0,32768,2097152,0,1,42,usage,126184896,0,0,0,0,0,0,3276800,39.828727
56,bench_p26_wt,bench_p26_wt_logging,32,64,0,32,1,134217728,64,3600000000000,0,32768,2097152,0,1,42,write,125970112,62690749,8090624,5159,797971869,658941216,676200448,3600003152903,40.625410
56,bench_p26_wt,bench_p26_wt_logging,32,64,0,32,1,134217728,64,3600000000000,0,32768,2097152,0,1,42,stack,125970112,0,0,0,0,0,0,3296,40.625515
56,bench_p26_wt,bench_p26_wt_logging,32,64,0,32,1,134217728,64,3600000000000,0,32768,2097152,0,1,42,ctx,125970112,0,0,0,0,0,0,624,40.625569
56,bench_p26_wt,bench_p26_wt_logging,32,64,0,32,1,134217728,64,3600000000000,0,32768,2097152,0,1,42,heap,125970112,0,0,0,0,0,0,784,40.625635
56,bench_p26_wt,bench_p26_wt_logging,32,64,0,32,1,134217728,64,3600000000000,0,32768,2097152,0,1,42,usage,125970112,0,0,0,0,0,0,3014656,40.625685
57,bench_p26_wt,bench_p26_wt_logging,32,64,0,64,1,134217728,64,3600000000000,0,32768,2097152,0,1,42,write,125666176,62893899,8040795,6058,991144751,765147200,794034176,3600001397053,40.663876
57,bench_p26_wt,bench_p26_wt_logging,32,64,0,64,1,134217728,64,3600000000000,0,32768,2097152,0,1,42,stack,125666176,0,0,0,0,0,0,3296,40.663969
57,bench_p26_wt,bench_p26_wt_logging,32,64,0,64,1,134217728,64,3600000000000,0,32768,2097152,0,1,42,ctx,125666176,0,0,0,0,0,0,624,40.664024
57,bench_p26_wt,bench_p26_wt_logging,32,64,0,64,1,134217728,64,3600000000000,0,32768,2097152,0,1,42,heap,125666176,0,0,0,0,0,0,784,40.664072
57,bench_p26_wt,bench_p26_wt_logging,32,64,0,64,1,134217728,64,3600000000000,0,32768,2097152,0,1,42,usage,125666176,0,0,0,0,0,0,4980736,40.664118
58,bench_p26_wt,bench_p26_wt_logging,32,64,0,128,1,134217728,64,3600000000000,0,32768,2097152,0,1,42,write,126171968,72861931,7000571,7140,1506848148,923344768,935854080,3600000960636,41.878377
58,bench_p26_wt,bench_p26_wt_logging,32,64,0,128,1,134217728,64,3600000000000,0,32768,2097152,0,1,42,stack,126171968,0,0,0,0,0,0,3296,41.878478
58,bench_p26_wt,bench_p26_wt_logging,32,64,0,128,1,134217728,64,3600000000000,0,32768,2097152,0,1,42,ctx,126171968,0,0,0,0,0,0,624,41.878540
58,bench_p26_wt,bench_p26_wt_logging,32,64,0,128,1,134217728,64,3600000000000,0,32768,2097152,0,1,42,heap,126171968,0,0,0,0,0,0,784,41.878593
58,bench_p26_wt,bench_p26_wt_logging,32,64,0,128,1,134217728,64,3600000000000,0,32768,2097152,0,1,42,usage,126171968,0,0,0,0,0,0,3276800,41.878639
59,bench_p26_wt,bench_p26_wt_logging,32,64,0,256,1,134217728,64,3600000000000,0,32768,2097152,0,1,42,write,117575936,78942642,6244337,12223,2385169989,1598550272,1602093056,3600001516063,48.280863
59,bench_p26_wt,bench_p26_wt_logging,32,64,0,256,1,134217728,64,3600000000000,0,32768,2097152,0,1,42,stack,117575936,0,0,0,0,0,0,3296,48.280955
59,bench_p26_wt,bench_p26_wt_logging,32,64,0,256,1,134217728,64,3600000000000,0,32768,2097152,0,1,42,ctx,117575936,0,0,0,0,0,0,624,48.281001
59,bench_p26_wt,bench_p26_wt_logging,32,64,0,256,1,134217728,64,3600000000000,0,32768,2097152,0,1,42,heap,117575936,0,0,0,0,0,0,784,48.281037
59,bench_p26_wt,bench_p26_wt_logging,32,64,0,256,1,134217728,64,3600000000000,0,32768,2097152,0,1,42,usage,117575936,0,0,0,0,0,0,2883584,48.281071
60,bench_p26_wt,bench_p26_wt_logging,32,64,0,512,1,134217728,64,3600000000000,0,32768,2097152,0,1,42,write,119645248,79254051,5897133,23086,4003651349,3019332096,3025928192,3600007228559,54.499418
60,bench_p26_wt,bench_p26_wt_logging,32,64,0,512,1,134217728,64,3600000000000,0,32768,2097152,0,1,42,stack,119645248,0,0,0,0,0,0,3296,54.499501
60,bench_p26_wt,bench_p26_wt_logging,32,64,0,512,1,134217728,64,3600000000000,0,32768,2097152,0,1,42,ctx,119645248,0,0,0,0,0,0,624,54.499542
60,bench_p26_wt,bench_p26_wt_logging,32,64,0,512,1,134217728,64,3600000000000,0,32768,2097152,0,1,42,heap,119645248,0,0,0,0,0,0,1296,54.499575
60,bench_p26_wt,bench_p26_wt_logging,32,64,0,512,1,134217728,64,3600000000000,0,32768,2097152,0,1,42,usage,119645248,0,0,0,0,0,0,3014656,54.499605
61,bench_p26_wt,bench_p26_wt_logging,32,64,0,1024,1,134217728,64,3600000000000,0,32768,2097152,0,1,42,write,85063232,94479212,4135323,32306,5308985060,4234570752,4234412032,3600000118508,60.821135
61,bench_p26_wt,bench_p26_wt_logging,32,64,0,1024,1,134217728,64,3600000000000,0,32768,2097152,0,1,42,stack,85063232,0,0,0,0,0,0,3296,60.821220
61,bench_p26_wt,bench_p26_wt_logging,32,64,0,1024,1,134217728,64,3600000000000,0,32768,2097152,0,1,42,ctx,85063232,0,0,0,0,0,0,624,60.821257
61,bench_p26_wt,bench_p26_wt_logging,32,64,0,1024,1,134217728,64,3600000000000,0,32768,2097152,0,1,42,heap,85063232,0,0,0,0,0,0,2320,60.821287
61,bench_p26_wt,bench_p26_wt_logging,32,64,0,1024,1,134217728,64,3600000000000,0,32768,2097152,0,1,42,usage,85063232,0,0,0,0,0,0,3932160,60.821316
62,bench_p26_wt,bench_p26_wt_logging,32,64,0,2048,1,134217728,64,3600000000000,0,32768,2097152,0,1,42,write,79351040,90849384,3771261,58941,8546517009,7723542528,7725514752,3600000502083,74.364196
62,bench_p26_wt,bench_p26_wt_logging,32,64,0,2048,1,134217728,64,3600000000000,0,32768,2097152,0,1,42,stack,79351040,0,0,0,0,0,0,3296,74.364285
62,bench_p26_wt,bench_p26_wt_logging,32,64,0,2048,1,134217728,64,3600000000000,0,32768,2097152,0,1,42,ctx,79351040,0,0,0,0,0,0,624,74.364321
62,bench_p26_wt,bench_p26_wt_logging,32,64,0,2048,1,134217728,64,3600000000000,0,32768,2097152,0,1,42,heap,79351040,0,0,0,0,0,0,4368,74.364352
62,bench_p26_wt,bench_p26_wt_logging,32,64,0,2048,1,134217728,64,3600000000000,0,32768,2097152,0,1,42,usage,79351040,0,0,0,0,0,0,4849664,74.364383
63,bench_p26_wt,bench_p26_wt_logging,32,64,0,4096,1,134217728,64,3600000000000,0,32768,2097152,0,1,42,write,43777024,85226130,4171658,65200,9087134575,8543555584,8545894400,3600002681149,52.821809
63,bench_p26_wt,bench_p26_wt_logging,32,64,0,4096,1,134217728,64,3600000000000,0,32768,2097152,0,1,42,stack,43777024,0,0,0,0,0,0,3296,52.821882
63,bench_p26_wt,bench_p26_wt_logging,32,64,0,4096,1,134217728,64,3600000000000,0,32768,2097152,0,1,42,ctx,43777024,0,0,0,0,0,0,624,52.821912
63,bench_p26_wt,bench_p26_wt_logging,32,64,0,4096,1,134217728,64,3600000000000,0,32768,2097152,0,1,42,heap,43777024,0,0,0,0,0,0,8464,52.821938
63,bench_p26_wt,bench_p26_wt_logging,32,64,0,4096,1,134217728,64,3600000000000,0,32768,2097152,0,1,42,usage,43777024,0,0,0,0,0,0,4849664,52.821963
