i,suite,case,SKIP_WARMUP,SIM_SIZE,SIZE,BLOCK_SIZE,CHUNK,DISK_SIZE,FILE_SIZE,FILE_COUNT,SEED,FS,NO_FRUNCATE,DISK_GEOMETRY,SIM_TIME,NO_SET,probe,n,bench_reads,bench_progs,bench_erases,bench_readed,bench_progged,bench_erased,bench_simtime,bench_runtime
13,bench_p26_wt,bench_p26_wt_linear,0,0,2097152,8192,64,134217728,64,32768,42,33,0,1,3600000000000,1,write,2804949568,78319424,6173386,390352,1302739023,3160773632,3197763584,3600008890845,44.201899
13,bench_p26_wt,bench_p26_wt_linear,0,0,2097152,8192,64,134217728,64,32768,42,33,0,1,3600000000000,1,stack,2804949568,0,0,0,0,0,0,3232,44.202122
13,bench_p26_wt,bench_p26_wt_linear,0,0,2097152,8192,64,134217728,64,32768,42,33,0,1,3600000000000,1,ctx,2804949568,0,0,0,0,0,0,624,44.202185
13,bench_p26_wt,bench_p26_wt_linear,0,0,2097152,8192,64,134217728,64,32768,42,33,0,1,3600000000000,1,heap,2804949568,0,0,0,0,0,0,1296,44.202236
13,bench_p26_wt,bench_p26_wt_linear,0,0,2097152,8192,64,134217728,64,32768,42,33,0,1,3600000000000,1,usage,2804949568,0,0,0,0,0,0,1122304,44.202282
12,bench_p26_wt,bench_p26_wt_linear,0,0,2097152,4096,64,134217728,64,32768,42,33,0,1,3600000000000,1,write,1492456000,103265593,3847290,500446,1721822071,1969812480,2049826816,3600012162517,55.873656
12,bench_p26_wt,bench_p26_wt_linear,0,0,2097152,4096,64,134217728,64,32768,42,33,0,1,3600000000000,1,stack,1492456000,0,0,0,0,0,0,3312,55.873796
12,bench_p26_wt,bench_p26_wt_linear,0,0,2097152,4096,64,134217728,64,32768,42,33,0,1,3600000000000,1,ctx,1492456000,0,0,0,0,0,0,624,55.873862
12,bench_p26_wt,bench_p26_wt_linear,0,0,2097152,4096,64,134217728,64,32768,42,33,0,1,3600000000000,1,heap,1492456000,0,0,0,0,0,0,1296,55.873919
12,bench_p26_wt,bench_p26_wt_linear,0,0,2097152,4096,64,134217728,64,32768,42,33,0,1,3600000000000,1,usage,1492456000,0,0,0,0,0,0,1499136,55.873974
17,bench_p26_wt,bench_p26_wt_linear,0,0,2097152,131072,64,134217728,64,32768,42,33,0,1,3600000000000,1,write,4630589504,28918859,10728232,41919,1158180569,5492854784,5494407168,3600008792603,63.514103
17,bench_p26_wt,bench_p26_wt_linear,0,0,2097152,131072,64,134217728,64,32768,42,33,0,1,3600000000000,1,stack,4630589504,0,0,0,0,0,0,3312,63.514209
17,bench_p26_wt,bench_p26_wt_linear,0,0,2097152,131072,64,134217728,64,32768,42,33,0,1,3600000000000,1,ctx,4630589504,0,0,0,0,0,0,624,63.514260
17,bench_p26_wt,bench_p26_wt_linear,0,0,2097152,131072,64,134217728,64,32768,42,33,0,1,3600000000000,1,heap,4630589504,0,0,0,0,0,0,1296,63.514308
17,bench_p26_wt,bench_p26_wt_linear,0,0,2097152,131072,64,134217728,64,32768,42,33,0,1,3600000000000,1,usage,4630589504,0,0,0,0,0,0,786432,63.514359
19,bench_p26_wt,bench_p26_wt_linear,0,0,2097152,524288,64,134217728,64,32768,42,33,0,1,3600000000000,1,write,4574292032,29589052,10663546,41664,1202616550,5459735552,5460983808,3600030938386,63.893097
19,bench_p26_wt,bench_p26_wt_linear,0,0,2097152,524288,64,134217728,64,32768,42,33,0,1,3600000000000,1,stack,4574292032,0,0,0,0,0,0,3312,63.893197
19,bench_p26_wt,bench_p26_wt_linear,0,0,2097152,524288,64,134217728,64,32768,42,33,0,1,3600000000000,1,ctx,4574292032,0,0,0,0,0,0,624,63.893248
19,bench_p26_wt,bench_p26_wt_linear,0,0,2097152,524288,64,134217728,64,32768,42,33,0,1,3600000000000,1,heap,4574292032,0,0,0,0,0,0,1296,63.893293
19,bench_p26_wt,bench_p26_wt_linear,0,0,2097152,524288,64,134217728,64,32768,42,33,0,1,3600000000000,1,usage,4574292032,0,0,0,0,0,0,3145728,63.893336
14,bench_p26_wt,bench_p26_wt_linear,0,0,2097152,16384,64,134217728,64,32768,42,33,0,1,3600000000000,1,write,2942090304,73736647,6602463,207096,1213745306,3380461056,3393060864,3600002665838,67.839324
14,bench_p26_wt,bench_p26_wt_linear,0,0,2097152,16384,64,134217728,64,32768,42,33,0,1,3600000000000,1,stack,2942090304,0,0,0,0,0,0,3312,67.839425
14,bench_p26_wt,bench_p26_wt_linear,0,0,2097152,16384,64,134217728,64,32768,42,33,0,1,3600000000000,1,ctx,2942090304,0,0,0,0,0,0,624,67.839472
14,bench_p26_wt,bench_p26_wt_linear,0,0,2097152,16384,64,134217728,64,32768,42,33,0,1,3600000000000,1,heap,2942090304,0,0,0,0,0,0,1296,67.839514
14,bench_p26_wt,bench_p26_wt_linear,0,0,2097152,16384,64,134217728,64,32768,42,33,0,1,3600000000000,1,usage,2942090304,0,0,0,0,0,0,1982464,67.839557
15,bench_p26_wt,bench_p26_wt_linear,0,0,2097152,32768,64,134217728,64,32768,42,33,0,1,3600000000000,1,write,3687580224,54258018,8397011,131348,1172167289,4299269632,4304011264,3600006101243,69.137128
15,bench_p26_wt,bench_p26_wt_linear,0,0,2097152,32768,64,134217728,64,32768,42,33,0,1,3600000000000,1,stack,3687580224,0,0,0,0,0,0,3280,69.137221
15,bench_p26_wt,bench_p26_wt_linear,0,0,2097152,32768,64,134217728,64,32768,42,33,0,1,3600000000000,1,ctx,3687580224,0,0,0,0,0,0,624,69.137264
15,bench_p26_wt,bench_p26_wt_linear,0,0,2097152,32768,64,134217728,64,32768,42,33,0,1,3600000000000,1,heap,3687580224,0,0,0,0,0,0,1296,69.137302
15,bench_p26_wt,bench_p26_wt_linear,0,0,2097152,32768,64,134217728,64,32768,42,33,0,1,3600000000000,1,usage,3687580224,0,0,0,0,0,0,950272,69.137339
16,bench_p26_wt,bench_p26_wt_linear,0,0,2097152,65536,64,134217728,64,32768,42,33,0,1,3600000000000,1,write,4441966656,34471915,10218758,79883,1140304523,5232004096,5235212288,3600001829969,74.819676
16,bench_p26_wt,bench_p26_wt_linear,0,0,2097152,65536,64,134217728,64,32768,42,33,0,1,3600000000000,1,stack,4441966656,0,0,0,0,0,0,3312,74.819757
16,bench_p26_wt,bench_p26_wt_linear,0,0,2097152,65536,64,134217728,64,32768,42,33,0,1,3600000000000,1,ctx,4441966656,0,0,0,0,0,0,624,74.819795
16,bench_p26_wt,bench_p26_wt_linear,0,0,2097152,65536,64,134217728,64,32768,42,33,0,1,3600000000000,1,heap,4441966656,0,0,0,0,0,0,1296,74.819828
16,bench_p26_wt,bench_p26_wt_linear,0,0,2097152,65536,64,134217728,64,32768,42,33,0,1,3600000000000,1,usage,4441966656,0,0,0,0,0,0,524288,74.819858
18,bench_p26_wt,bench_p26_wt_linear,0,0,2097152,262144,64,134217728,64,32768,42,33,0,1,3600000000000,1,write,4630524992,28469303,10767963,42074,1180478947,5513197056,5514723328,3600002447833,79.256836
18,bench_p26_wt,bench_p26_wt_linear,0,0,2097152,262144,64,134217728,64,32768,42,33,0,1,3600000000000,1,stack,4630524992,0,0,0,0,0,0,3280,79.256914
18,bench_p26_wt,bench_p26_wt_linear,0,0,2097152,262144,64,134217728,64,32768,42,33,0,1,3600000000000,1,ctx,4630524992,0,0,0,0,0,0,624,79.256948
18,bench_p26_wt,bench_p26_wt_linear,0,0,2097152,262144,64,134217728,64,32768,42,33,0,1,3600000000000,1,heap,4630524992,0,0,0,0,0,0,1296,79.256976
18,bench_p26_wt,bench_p26_wt_linear,0,0,2097152,262144,64,134217728,64,32768,42,33,0,1,3600000000000,1,usage,4630524992,0,0,0,0,0,0,1310720,79.257002
20,bench_p26_wt,bench_p26_wt_linear,0,0,2097152,1048576,64,134217728,64,32768,42,33,0,1,3600000000000,1,write,4559310912,29765446,10645801,41608,1224287858,5450650112,5453643776,3600061333622,81.078164
20,bench_p26_wt,bench_p26_wt_linear,0,0,2097152,1048576,64,134217728,64,32768,42,33,0,1,3600000000000,1,stack,4559310912,0,0,0,0,0,0,3232,81.078234
20,bench_p26_wt,bench_p26_wt_linear,0,0,2097152,1048576,64,134217728,64,32768,42,33,0,1,3600000000000,1,ctx,4559310912,0,0,0,0,0,0,624,81.078265
20,bench_p26_wt,bench_p26_wt_linear,0,0,2097152,1048576,64,134217728,64,32768,42,33,0,1,3600000000000,1,heap,4559310912,0,0,0,0,0,0,1296,81.078290
20,bench_p26_wt,bench_p26_wt_linear,0,0,2097152,1048576,64,134217728,64,32768,42,33,0,1,3600000000000,1,usage,4559310912,0,0,0,0,0,0,6291456,81.078314
21,bench_p26_wt,bench_p26_wt_random,0,0,2097152,4096,64,134217728,64,32768,42,33,0,1,3600000000000,1,write,6404480,128756221,1447661,207419,2484405099,741202432,849588224,3600050040561,25.589956
21,bench_p26_wt,bench_p26_wt_random,0,0,2097152,4096,64,134217728,64,32768,42,33,0,1,3600000000000,1,stack,6404480,0,0,0,0,0,0,3296,25.590068
21,bench_p26_wt,bench_p26_wt_random,0,0,2097152,4096,64,134217728,64,32768,42,33,0,1,3600000000000,1,ctx,6404480,0,0,0,0,0,0,608,25.590132
21,bench_p26_wt,bench_p26_wt_random,0,0,2097152,4096,64,134217728,64,32768,42,33,0,1,3600000000000,1,heap,6404480,0,0,0,0,0,0,1296,25.590178
21,bench_p26_wt,bench_p26_wt_random,0,0,2097152,4096,64,134217728,64,32768,42,33,0,1,3600000000000,1,usage,6404480,0,0,0,0,0,0,5234688,25.590221
24,bench_p26_wt,bench_p26_wt_random,0,0,2097152,32768,64,134217728,64,32768,42,33,0,1,3600000000000,1,write,13907392,115703933,2605744,44620,3069889331,1334140928,1462108160,3600208827593,28.051329
24,bench_p26_wt,bench_p26_wt_random,0,0,2097152,32768,64,134217728,64,32768,42,33,0,1,3600000000000,1,stack,13907392,0,0,0,0,0,0,3200,28.051446
24,bench_p26_wt,bench_p26_wt_random,0,0,2097152,32768,64,134217728,64,32768,42,33,0,1,3600000000000,1,ctx,13907392,0,0,0,0,0,0,608,28.051502
24,bench_p26_wt,bench_p26_wt_random,0,0,2097152,32768,64,134217728,64,32768,42,33,0,1,3600000000000,1,heap,13907392,0,0,0,0,0,0,1296,28.051551
24,bench_p26_wt,bench_p26_wt_random,0,0,2097152,32768,64,134217728,64,32768,42,33,0,1,3600000000000,1,usage,13907392,0,0,0,0,0,0,4325376,28.051596
25,bench_p26_wt,bench_p26_wt_random,0,0,2097152,65536,64,134217728,64,32768,42,33,0,1,3600000000000,1,write,13377600,113838952,2772798,23941,3123646549,1419672576,1568997376,3600364325455,28.110163
25,bench_p26_wt,bench_p26_wt_random,0,0,2097152,65536,64,134217728,64,32768,42,33,0,1,3600000000000,1,stack,13377600,0,0,0,0,0,0,3296,28.110277
25,bench_p26_wt,bench_p26_wt_random,0,0,2097152,65536,64,134217728,64,32768,42,33,0,1,3600000000000,1,ctx,13377600,0,0,0,0,0,0,608,28.110331
25,bench_p26_wt,bench_p26_wt_random,0,0,2097152,65536,64,134217728,64,32768,42,33,0,1,3600000000000,1,heap,13377600,0,0,0,0,0,0,1296,28.110379
25,bench_p26_wt,bench_p26_wt_random,0,0,2097152,65536,64,134217728,64,32768,42,33,0,1,3600000000000,1,usage,13377600,0,0,0,0,0,0,4587520,28.110423
22,bench_p26_wt,bench_p26_wt_random,0,0,2097152,8192,64,134217728,64,32768,42,33,0,1,3600000000000,1,write,6129600,132208319,1151685,79563,2225510213,589662720,651780096,3600172042271,31.478240
22,bench_p26_wt,bench_p26_wt_random,0,0,2097152,8192,64,134217728,64,32768,42,33,0,1,3600000000000,1,stack,6129600,0,0,0,0,0,0,3296,31.478343
22,bench_p26_wt,bench_p26_wt_random,0,0,2097152,8192,64,134217728,64,32768,42,33,0,1,3600000000000,1,ctx,6129600,0,0,0,0,0,0,608,31.478396
22,bench_p26_wt,bench_p26_wt_random,0,0,2097152,8192,64,134217728,64,32768,42,33,0,1,3600000000000,1,heap,6129600,0,0,0,0,0,0,1296,31.478442
22,bench_p26_wt,bench_p26_wt_random,0,0,2097152,8192,64,134217728,64,32768,42,33,0,1,3600000000000,1,usage,6129600,0,0,0,0,0,0,4489216,31.478487
23,bench_p26_wt,bench_p26_wt_random,0,0,2097152,16384,64,134217728,64,32768,42,33,0,1,3600000000000,1,write,12106368,121107193,2128087,73288,2810778510,1089580544,1200750592,3600163761546,35.646721
23,bench_p26_wt,bench_p26_wt_random,0,0,2097152,16384,64,134217728,64,32768,42,33,0,1,3600000000000,1,stack,12106368,0,0,0,0,0,0,3296,35.646827
23,bench_p26_wt,bench_p26_wt_random,0,0,2097152,16384,64,134217728,64,32768,42,33,0,1,3600000000000,1,ctx,12106368,0,0,0,0,0,0,608,35.655134
23,bench_p26_wt,bench_p26_wt_random,0,0,2097152,16384,64,134217728,64,32768,42,33,0,1,3600000000000,1,heap,12106368,0,0,0,0,0,0,1296,35.655189
23,bench_p26_wt,bench_p26_wt_random,0,0,2097152,16384,64,134217728,64,32768,42,33,0,1,3600000000000,1,usage,12106368,0,0,0,0,0,0,4259840,35.655234
26,bench_p26_wt,bench_p26_wt_random,0,0,2097152,131072,64,134217728,64,32768,42,33,0,1,3600000000000,1,write,13076096,111871247,2948980,13361,3107402239,1509877760,1751252992,3600165228013,37.015516
26,bench_p26_wt,bench_p26_wt_random,0,0,2097152,131072,64,134217728,64,32768,42,33,0,1,3600000000000,1,stack,13076096,0,0,0,0,0,0,3120,37.015609
26,bench_p26_wt,bench_p26_wt_random,0,0,2097152,131072,64,134217728,64,32768,42,33,0,1,3600000000000,1,ctx,13076096,0,0,0,0,0,0,608,37.015655
26,bench_p26_wt,bench_p26_wt_random,0,0,2097152,131072,64,134217728,64,32768,42,33,0,1,3600000000000,1,heap,13076096,0,0,0,0,0,0,1296,37.015695
26,bench_p26_wt,bench_p26_wt_random,0,0,2097152,131072,64,134217728,64,32768,42,33,0,1,3600000000000,1,usage,13076096,0,0,0,0,0,0,5373952,37.015735
27,bench_p26_wt,bench_p26_wt_random,0,0,2097152,262144,64,134217728,64,32768,42,33,0,1,3600000000000,1,write,17971584,103021635,3744568,19928,3022676829,1917218816,2612002816,3600500543463,37.568192
27,bench_p26_wt,bench_p26_wt_random,0,0,2097152,262144,64,134217728,64,32768,42,33,0,1,3600000000000,1,stack,17971584,0,0,0,0,0,0,3280,37.568272
27,bench_p26_wt,bench_p26_wt_random,0,0,2097152,262144,64,134217728,64,32768,42,33,0,1,3600000000000,1,ctx,17971584,0,0,0,0,0,0,608,37.568399
27,bench_p26_wt,bench_p26_wt_random,0,0,2097152,262144,64,134217728,64,32768,42,33,0,1,3600000000000,1,heap,17971584,0,0,0,0,0,0,1296,37.568443
27,bench_p26_wt,bench_p26_wt_random,0,0,2097152,262144,64,134217728,64,32768,42,33,0,1,3600000000000,1,usage,17971584,0,0,0,0,0,0,6029312,37.568496
28,bench_p26_wt,bench_p26_wt_random,0,0,2097152,524288,64,134217728,64,32768,42,33,0,1,3600000000000,1,write,22113152,87740936,5038015,36108,3476687522,2579463680,4732747776,3601157608454,39.887173
28,bench_p26_wt,bench_p26_wt_random,0,0,2097152,524288,64,134217728,64,32768,42,33,0,1,3600000000000,1,stack,22113152,0,0,0,0,0,0,3280,39.887241
28,bench_p26_wt,bench_p26_wt_random,0,0,2097152,524288,64,134217728,64,32768,42,33,0,1,3600000000000,1,ctx,22113152,0,0,0,0,0,0,608,39.887275
28,bench_p26_wt,bench_p26_wt_random,0,0,2097152,524288,64,134217728,64,32768,42,33,0,1,3600000000000,1,heap,22113152,0,0,0,0,0,0,1296,39.887302
28,bench_p26_wt,bench_p26_wt_random,0,0,2097152,524288,64,134217728,64,32768,42,33,0,1,3600000000000,1,usage,22113152,0,0,0,0,0,0,6815744,39.887329
29,bench_p26_wt,bench_p26_wt_random,0,0,2097152,1048576,64,134217728,64,32768,42,33,0,1,3600000000000,1,write,22199488,82109368,5382661,59720,3575569445,2755922432,7827619840,3600522618047,40.882556
29,bench_p26_wt,bench_p26_wt_random,0,0,2097152,1048576,64,134217728,64,32768,42,33,0,1,3600000000000,1,stack,22199488,0,0,0,0,0,0,3312,40.882620
29,bench_p26_wt,bench_p26_wt_random,0,0,2097152,1048576,64,134217728,64,32768,42,33,0,1,3600000000000,1,ctx,22199488,0,0,0,0,0,0,608,40.882652
29,bench_p26_wt,bench_p26_wt_random,0,0,2097152,1048576,64,134217728,64,32768,42,33,0,1,3600000000000,1,heap,22199488,0,0,0,0,0,0,1296,40.882678
29,bench_p26_wt,bench_p26_wt_random,0,0,2097152,1048576,64,134217728,64,32768,42,33,0,1,3600000000000,1,usage,22199488,0,0,0,0,0,0,19922944,40.882702
32,bench_p26_wt,bench_p26_wt_many,0,0,2097152,16384,64,134217728,64,32768,42,33,0,1,3600000000000,1,write,26309568,135651247,612509,20071,5384719456,313604608,328843264,3600004901152,42.443729
32,bench_p26_wt,bench_p26_wt_many,0,0,2097152,16384,64,134217728,64,32768,42,33,0,1,3600000000000,1,stack,26309568,0,0,0,0,0,0,3248,42.443845
32,bench_p26_wt,bench_p26_wt_many,0,0,2097152,16384,64,134217728,64,32768,42,33,0,1,3600000000000,1,ctx,26309568,0,0,0,0,0,0,848,42.443911
32,bench_p26_wt,bench_p26_wt_many,0,0,2097152,16384,64,134217728,64,32768,42,33,0,1,3600000000000,1,heap,26309568,0,0,0,0,0,0,1296,42.443959
32,bench_p26_wt,bench_p26_wt_many,0,0,2097152,16384,64,134217728,64,32768,42,33,0,1,3600000000000,1,usage,26309568,0,0,0,0,0,0,32047104,42.444003
30,bench_p26_wt,bench_p26_wt_many,0,0,2097152,4096,64,134217728,64,32768,42,33,0,1,3600000000000,1,write,29034176,136498119,701767,100416,3004592908,359304704,411303936,3600002081764,45.786010
30,bench_p26_wt,bench_p26_wt_many,0,0,2097152,4096,64,134217728,64,32768,42,33,0,1,3600000000000,1,stack,29034176,0,0,0,0,0,0,3248,45.786111
30,bench_p26_wt,bench_p26_wt_many,0,0,2097152,4096,64,134217728,64,32768,42,33,0,1,3600000000000,1,ctx,29034176,0,0,0,0,0,0,848,45.786165
30,bench_p26_wt,bench_p26_wt_many,0,0,2097152,4096,64,134217728,64,32768,42,33,0,1,3600000000000,1,heap,29034176,0,0,0,0,0,0,1296,45.786211
30,bench_p26_wt,bench_p26_wt_many,0,0,2097152,4096,64,134217728,64,32768,42,33,0,1,3600000000000,1,usage,29034176,0,0,0,0,0,0,32444416,45.786256
31,bench_p26_wt,bench_p26_wt_many,0,0,2097152,8192,64,134217728,64,32768,42,33,0,1,3600000000000,1,write,28186304,136196318,667357,44979,3898979775,341686784,368467968,3600003545901,53.963146
31,bench_p26_wt,bench_p26_wt_many,0,0,2097152,8192,64,134217728,64,32768,42,33,0,1,3600000000000,1,stack,28186304,0,0,0,0,0,0,3248,53.963253
31,bench_p26_wt,bench_p26_wt_many,0,0,2097152,8192,64,134217728,64,32768,42,33,0,1,3600000000000,1,ctx,28186304,0,0,0,0,0,0,848,53.963306
31,bench_p26_wt,bench_p26_wt_many,0,0,2097152,8192,64,134217728,64,32768,42,33,0,1,3600000000000,1,heap,28186304,0,0,0,0,0,0,1296,53.963353
31,bench_p26_wt,bench_p26_wt_many,0,0,2097152,8192,64,134217728,64,32768,42,33,0,1,3600000000000,1,usage,28186304,0,0,0,0,0,0,32415744,53.963410
33,bench_p26_wt,bench_p26_wt_many,0,0,2097152,32768,64,134217728,64,32768,42,33,0,1,3600000000000,1,write,22927744,134628964,529101,8580,7884340767,270899712,281149440,3600007289421,78.731779
33,bench_p26_wt,bench_p26_wt_many,0,0,2097152,32768,64,134217728,64,32768,42,33,0,1,3600000000000,1,stack,22927744,0,0,0,0,0,0,3312,78.731885
33,bench_p26_wt,bench_p26_wt_many,0,0,2097152,32768,64,134217728,64,32768,42,33,0,1,3600000000000,1,ctx,22927744,0,0,0,0,0,0,848,78.731939
33,bench_p26_wt,bench_p26_wt_many,0,0,2097152,32768,64,134217728,64,32768,42,33,0,1,3600000000000,1,heap,22927744,0,0,0,0,0,0,1296,78.731986
33,bench_p26_wt,bench_p26_wt_many,0,0,2097152,32768,64,134217728,64,32768,42,33,0,1,3600000000000,1,usage,22927744,0,0,0,0,0,0,33882112,78.732034
34,bench_p26_wt,bench_p26_wt_many,0,0,2097152,65536,64,134217728,64,32768,42,33,0,1,3600000000000,1,write,17504960,133456803,409162,3311,11089785624,209490944,216989696,3600007071432,96.116110
34,bench_p26_wt,bench_p26_wt_many,0,0,2097152,65536,64,134217728,64,32768,42,33,0,1,3600000000000,1,stack,17504960,0,0,0,0,0,0,3312,96.116210
34,bench_p26_wt,bench_p26_wt_many,0,0,2097152,65536,64,134217728,64,32768,42,33,0,1,3600000000000,1,ctx,17504960,0,0,0,0,0,0,848,96.116263
34,bench_p26_wt,bench_p26_wt_many,0,0,2097152,65536,64,134217728,64,32768,42,33,0,1,3600000000000,1,heap,17504960,0,0,0,0,0,0,1296,96.116306
34,bench_p26_wt,bench_p26_wt_many,0,0,2097152,65536,64,134217728,64,32768,42,33,0,1,3600000000000,1,usage,17504960,0,0,0,0,0,0,33816576,96.116351
35,bench_p26_wt,bench_p26_wt_many,0,0,2097152,131072,64,134217728,64,32768,42,33,0,1,3600000000000,1,write,13003072,131124368,313669,1278,15475130734,160598528,167510016,3600476055850,105.333564
35,bench_p26_wt,bench_p26_wt_many,0,0,2097152,131072,64,134217728,64,32768,42,33,0,1,3600000000000,1,stack,13003072,0,0,0,0,0,0,3312,105.333662
35,bench_p26_wt,bench_p26_wt_many,0,0,2097152,131072,64,134217728,64,32768,42,33,0,1,3600000000000,1,ctx,13003072,0,0,0,0,0,0,848,105.333711
35,bench_p26_wt,bench_p26_wt_many,0,0,2097152,131072,64,134217728,64,32768,42,33,0,1,3600000000000,1,heap,13003072,0,0,0,0,0,0,1296,105.333754
35,bench_p26_wt,bench_p26_wt_many,0,0,2097152,131072,64,134217728,64,32768,42,33,0,1,3600000000000,1,usage,13003072,0,0,0,0,0,0,34078720,105.333794
38,bench_p26_wt,bench_p26_wt_many,0,0,2097152,1048576,64,134217728,64,32768,42,33,0,1,3600000000000,1,write,2411712,127005942,82721,360,24032244174,42353152,47185920,3600091506762,140.061558
38,bench_p26_wt,bench_p26_wt_many,0,0,2097152,1048576,64,134217728,64,32768,42,33,0,1,3600000000000,1,stack,2411712,0,0,0,0,0,0,3248,140.061642
38,bench_p26_wt,bench_p26_wt_many,0,0,2097152,1048576,64,134217728,64,32768,42,33,0,1,3600000000000,1,ctx,2411712,0,0,0,0,0,0,848,140.061681
38,bench_p26_wt,bench_p26_wt_many,0,0,2097152,1048576,64,134217728,64,32768,42,33,0,1,3600000000000,1,heap,2411712,0,0,0,0,0,0,1296,140.061715
38,bench_p26_wt,bench_p26_wt_many,0,0,2097152,1048576,64,134217728,64,32768,42,33,0,1,3600000000000,1,usage,2411712,0,0,0,0,0,0,20971520,140.061745
36,bench_p26_wt,bench_p26_wt_many,0,0,2097152,262144,64,134217728,64,32768,42,33,0,1,3600000000000,1,write,8179008,129366524,212415,874,19149384988,108756480,114556928,3600007897876,145.274849
36,bench_p26_wt,bench_p26_wt_many,0,0,2097152,262144,64,134217728,64,32768,42,33,0,1,3600000000000,1,stack,8179008,0,0,0,0,0,0,3312,145.274933
36,bench_p26_wt,bench_p26_wt_many,0,0,2097152,262144,64,134217728,64,32768,42,33,0,1,3600000000000,1,ctx,8179008,0,0,0,0,0,0,848,145.274969
36,bench_p26_wt,bench_p26_wt_many,0,0,2097152,262144,64,134217728,64,32768,42,33,0,1,3600000000000,1,heap,8179008,0,0,0,0,0,0,1296,145.275000
36,bench_p26_wt,bench_p26_wt_many,0,0,2097152,262144,64,134217728,64,32768,42,33,0,1,3600000000000,1,usage,8179008,0,0,0,0,0,0,34603008,145.275028
37,bench_p26_wt,bench_p26_wt_many,0,0,2097152,524288,64,134217728,64,32768,42,33,0,1,3600000000000,1,write,4469440,128221125,134319,596,21727475659,68771328,78118912,3600023252497,146.265149
37,bench_p26_wt,bench_p26_wt_many,0,0,2097152,524288,64,134217728,64,32768,42,33,0,1,3600000000000,1,stack,4469440,0,0,0,0,0,0,3312,146.265215
37,bench_p26_wt,bench_p26_wt_many,0,0,2097152,524288,64,134217728,64,32768,42,33,0,1,3600000000000,1,ctx,4469440,0,0,0,0,0,0,848,146.265246
37,bench_p26_wt,bench_p26_wt_many,0,0,2097152,524288,64,134217728,64,32768,42,33,0,1,3600000000000,1,heap,4469440,0,0,0,0,0,0,1296,146.265272
37,bench_p26_wt,bench_p26_wt_many,0,0,2097152,524288,64,134217728,64,32768,42,33,0,1,3600000000000,1,usage,4469440,0,0,0,0,0,0,35651584,146.265297
41,bench_p26_wt,bench_p26_wt_logging,0,0,2097152,16384,64,134217728,64,32768,42,33,0,1,3600000000000,1,write,12788480,133644216,1039529,33060,1978533053,532238848,541655040,3600002301959,17.808096
41,bench_p26_wt,bench_p26_wt_logging,0,0,2097152,16384,64,134217728,64,32768,42,33,0,1,3600000000000,1,stack,12788480,0,0,0,0,0,0,3296,17.808214
41,bench_p26_wt,bench_p26_wt_logging,0,0,2097152,16384,64,134217728,64,32768,42,33,0,1,3600000000000,1,ctx,12788480,0,0,0,0,0,0,624,17.808267
41,bench_p26_wt,bench_p26_wt_logging,0,0,2097152,16384,64,134217728,64,32768,42,33,0,1,3600000000000,1,heap,12788480,0,0,0,0,0,0,1296,17.808317
41,bench_p26_wt,bench_p26_wt_logging,0,0,2097152,16384,64,134217728,64,32768,42,33,0,1,3600000000000,1,usage,12788480,0,0,0,0,0,0,2244608,17.808363
40,bench_p26_wt,bench_p26_wt_logging,0,0,2097152,8192,64,134217728,64,32768,42,33,0,1,3600000000000,1,write,10587840,130224952,1325179,87002,2364272620,678491648,712720384,3600015671428,21.694022
40,bench_p26_wt,bench_p26_wt_logging,0,0,2097152,8192,64,134217728,64,32768,42,33,0,1,3600000000000,1,stack,10587840,0,0,0,0,0,0,3296,21.694128
40,bench_p26_wt,bench_p26_wt_logging,0,0,2097152,8192,64,134217728,64,32768,42,33,0,1,3600000000000,1,ctx,10587840,0,0,0,0,0,0,624,21.694184
40,bench_p26_wt,bench_p26_wt_logging,0,0,2097152,8192,64,134217728,64,32768,42,33,0,1,3600000000000,1,heap,10587840,0,0,0,0,0,0,1296,21.694234
40,bench_p26_wt,bench_p26_wt_logging,0,0,2097152,8192,64,134217728,64,32768,42,33,0,1,3600000000000,1,usage,10587840,0,0,0,0,0,0,2252800,21.694279
39,bench_p26_wt,bench_p26_wt_logging,0,0,2097152,4096,64,134217728,64,32768,42,33,0,1,3600000000000,1,write,10235008,130091159,1342036,184453,2272875177,687122432,755519488,3600008817291,30.752737
39,bench_p26_wt,bench_p26_wt_logging,0,0,2097152,4096,64,134217728,64,32768,42,33,0,1,3600000000000,1,stack,10235008,0,0,0,0,0,0,3280,30.752847
39,bench_p26_wt,bench_p26_wt_logging,0,0,2097152,4096,64,134217728,64,32768,42,33,0,1,3600000000000,1,ctx,10235008,0,0,0,0,0,0,624,30.752903
39,bench_p26_wt,bench_p26_wt_logging,0,0,2097152,4096,64,134217728,64,32768,42,33,0,1,3600000000000,1,heap,10235008,0,0,0,0,0,0,1296,30.752950
39,bench_p26_wt,bench_p26_wt_logging,0,0,2097152,4096,64,134217728,64,32768,42,33,0,1,3600000000000,1,usage,10235008,0,0,0,0,0,0,2318336,30.753006
42,bench_p26_wt,bench_p26_wt_logging,0,0,2097152,32768,64,134217728,64,32768,42,33,0,1,3600000000000,1,write,39210944,115504732,2663335,41624,2607337565,1363627520,1363935232,3600001888487,33.174570
42,bench_p26_wt,bench_p26_wt_logging,0,0,2097152,32768,64,134217728,64,32768,42,33,0,1,3600000000000,1,stack,39210944,0,0,0,0,0,0,3296,33.174674
42,bench_p26_wt,bench_p26_wt_logging,0,0,2097152,32768,64,134217728,64,32768,42,33,0,1,3600000000000,1,ctx,39210944,0,0,0,0,0,0,624,33.174725
42,bench_p26_wt,bench_p26_wt_logging,0,0,2097152,32768,64,134217728,64,32768,42,33,0,1,3600000000000,1,heap,39210944,0,0,0,0,0,0,1296,33.174787
42,bench_p26_wt,bench_p26_wt_logging,0,0,2097152,32768,64,134217728,64,32768,42,33,0,1,3600000000000,1,usage,39210944,0,0,0,0,0,0,2326528,33.174832
44,bench_p26_wt,bench_p26_wt_logging,0,0,2097152,131072,64,134217728,64,32768,42,33,0,1,3600000000000,1,write,77765696,89054040,5026102,19640,3584196252,2573364224,2574254080,3600001288596,36.044345
44,bench_p26_wt,bench_p26_wt_logging,0,0,2097152,131072,64,134217728,64,32768,42,33,0,1,3600000000000,1,stack,77765696,0,0,0,0,0,0,3296,36.044458
44,bench_p26_wt,bench_p26_wt_logging,0,0,2097152,131072,64,134217728,64,32768,42,33,0,1,3600000000000,1,ctx,77765696,0,0,0,0,0,0,624,36.044509
44,bench_p26_wt,bench_p26_wt_logging,0,0,2097152,131072,64,134217728,64,32768,42,33,0,1,3600000000000,1,heap,77765696,0,0,0,0,0,0,1296,36.044554
44,bench_p26_wt,bench_p26_wt_logging,0,0,2097152,131072,64,134217728,64,32768,42,33,0,1,3600000000000,1,usage,77765696,0,0,0,0,0,0,3014656,36.044597
43,bench_p26_wt,bench_p26_wt_logging,0,0,2097152,65536,64,134217728,64,32768,42,33,0,1,3600000000000,1,write,64145920,98416418,4189956,32744,3236168469,2145257472,2145910784,3600003289743,43.612488
43,bench_p26_wt,bench_p26_wt_logging,0,0,2097152,65536,64,134217728,64,32768,42,33,0,1,3600000000000,1,stack,64145920,0,0,0,0,0,0,3296,43.612586
43,bench_p26_wt,bench_p26_wt_logging,0,0,2097152,65536,64,134217728,64,32768,42,33,0,1,3600000000000,1,ctx,64145920,0,0,0,0,0,0,624,43.612638
43,bench_p26_wt,bench_p26_wt_logging,0,0,2097152,65536,64,134217728,64,32768,42,33,0,1,3600000000000,1,heap,64145920,0,0,0,0,0,0,1296,43.612676
43,bench_p26_wt,bench_p26_wt_logging,0,0,2097152,65536,64,134217728,64,32768,42,33,0,1,3600000000000,1,usage,64145920,0,0,0,0,0,0,2555904,43.612714
45,bench_p26_wt,bench_p26_wt_logging,0,0,2097152,262144,64,134217728,64,32768,42,33,0,1,3600000000000,1,write,82605504,85376695,5354263,20920,3724891249,2741382656,2742026240,3600001990243,45.783212
45,bench_p26_wt,bench_p26_wt_logging,0,0,2097152,262144,64,134217728,64,32768,42,33,0,1,3600000000000,1,stack,82605504,0,0,0,0,0,0,3296,45.783293
45,bench_p26_wt,bench_p26_wt_logging,0,0,2097152,262144,64,134217728,64,32768,42,33,0,1,3600000000000,1,ctx,82605504,0,0,0,0,0,0,624,45.783330
45,bench_p26_wt,bench_p26_wt_logging,0,0,2097152,262144,64,134217728,64,32768,42,33,0,1,3600000000000,1,heap,82605504,0,0,0,0,0,0,1296,45.783360
45,bench_p26_wt,bench_p26_wt_logging,0,0,2097152,262144,64,134217728,64,32768,42,33,0,1,3600000000000,1,usage,82605504,0,0,0,0,0,0,3670016,45.783388
46,bench_p26_wt,bench_p26_wt_logging,0,0,2097152,524288,64,134217728,64,32768,42,33,0,1,3600000000000,1,write,91115904,79341174,5893806,23028,3942079549,3017628672,3018326016,3600000830599,46.759003
46,bench_p26_wt,bench_p26_wt_logging,0,0,2097152,524288,64,134217728,64,32768,42,33,0,1,3600000000000,1,stack,91115904,0,0,0,0,0,0,3296,46.759077
46,bench_p26_wt,bench_p26_wt_logging,0,0,2097152,524288,64,134217728,64,32768,42,33,0,1,3600000000000,1,ctx,91115904,0,0,0,0,0,0,624,46.759111
46,bench_p26_wt,bench_p26_wt_logging,0,0,2097152,524288,64,134217728,64,32768,42,33,0,1,3600000000000,1,heap,91115904,0,0,0,0,0,0,1296,46.759141
46,bench_p26_wt,bench_p26_wt_logging,0,0,2097152,524288,64,134217728,64,32768,42,33,0,1,3600000000000,1,usage,91115904,0,0,0,0,0,0,5242880,46.759166
47,bench_p26_wt,bench_p26_wt_logging,0,0,2097152,1048576,64,134217728,64,32768,42,33,0,1,3600000000000,1,write,99873728,73238134,6439381,25168,4161031377,3296963072,3298820096,3600002556291,48.656240
47,bench_p26_wt,bench_p26_wt_logging,0,0,2097152,1048576,64,134217728,64,32768,42,33,0,1,3600000000000,1,stack,99873728,0,0,0,0,0,0,3296,48.656312
47,bench_p26_wt,bench_p26_wt_logging,0,0,2097152,1048576,64,134217728,64,32768,42,33,0,1,3600000000000,1,ctx,99873728,0,0,0,0,0,0,624,48.656342
47,bench_p26_wt,bench_p26_wt_logging,0,0,2097152,1048576,64,134217728,64,32768,42,33,0,1,3600000000000,1,heap,99873728,0,0,0,0,0,0,1296,48.656366
47,bench_p26_wt,bench_p26_wt_logging,0,0,2097152,1048576,64,134217728,64,32768,42,33,0,1,3600000000000,1,usage,99873728,0,0,0,0,0,0,9437184,48.656390
