i,suite,case,DISK_SIZE,SEED,FILE_COUNT,NO_SET,SKIP_WARMUP,DISK_GEOMETRY,FS,READ_SIZE,SIM_SIZE,CHUNK,FILE_SIZE,SIZE,NO_FRUNCATE,SIM_TIME,probe,n,bench_reads,bench_progs,bench_erases,bench_readed,bench_progged,bench_erased,bench_simtime,bench_runtime
22,bench_p26_wt,bench_p26_wt_linear,134217728,42,32768,0,0,0,3,1024,0,64,64,2097152,0,3600000000000,write,254420032,1578835968,1179905,67993,1578835968,271794057,278499328,3600024171051,8.817862
22,bench_p26_wt,bench_p26_wt_linear,134217728,42,32768,0,0,0,3,1024,0,64,64,2097152,0,3600000000000,stack,254420032,0,0,0,0,0,0,3312,8.818098
22,bench_p26_wt,bench_p26_wt_linear,134217728,42,32768,0,0,0,3,1024,0,64,64,2097152,0,3600000000000,ctx,254420032,0,0,0,0,0,0,624,8.818154
22,bench_p26_wt,bench_p26_wt_linear,134217728,42,32768,0,0,0,3,1024,0,64,64,2097152,0,3600000000000,heap,254420032,0,0,0,0,0,0,2320,8.818206
22,bench_p26_wt,bench_p26_wt_linear,134217728,42,32768,0,0,0,3,1024,0,64,64,2097152,0,3600000000000,usage,254420032,0,0,0,0,0,0,716800,8.818251
23,bench_p26_wt,bench_p26_wt_linear,134217728,42,32768,0,0,0,3,2048,0,64,64,2097152,0,3600000000000,write,252430400,2272952320,1170246,67463,2272952320,269550522,276328448,3600032073934,8.819751
23,bench_p26_wt,bench_p26_wt_linear,134217728,42,32768,0,0,0,3,2048,0,64,64,2097152,0,3600000000000,stack,252430400,0,0,0,0,0,0,3312,8.819825
23,bench_p26_wt,bench_p26_wt_linear,134217728,42,32768,0,0,0,3,2048,0,64,64,2097152,0,3600000000000,ctx,252430400,0,0,0,0,0,0,624,8.819879
23,bench_p26_wt,bench_p26_wt_linear,134217728,42,32768,0,0,0,3,2048,0,64,64,2097152,0,3600000000000,heap,252430400,0,0,0,0,0,0,4368,8.819924
23,bench_p26_wt,bench_p26_wt_linear,134217728,42,32768,0,0,0,3,2048,0,64,64,2097152,0,3600000000000,usage,252430400,0,0,0,0,0,0,827392,8.819970
21,bench_p26_wt,bench_p26_wt_linear,134217728,42,32768,0,0,0,3,512,0,64,64,2097152,0,3600000000000,write,255717952,1123017728,1186212,68342,1123017728,273249573,279928832,3600047234495,9.040020
21,bench_p26_wt,bench_p26_wt_linear,134217728,42,32768,0,0,0,3,512,0,64,64,2097152,0,3600000000000,stack,255717952,0,0,0,0,0,0,3312,9.040124
21,bench_p26_wt,bench_p26_wt_linear,134217728,42,32768,0,0,0,3,512,0,64,64,2097152,0,3600000000000,ctx,255717952,0,0,0,0,0,0,624,9.040176
21,bench_p26_wt,bench_p26_wt_linear,134217728,42,32768,0,0,0,3,512,0,64,64,2097152,0,3600000000000,heap,255717952,0,0,0,0,0,0,1296,9.040231
21,bench_p26_wt,bench_p26_wt_linear,134217728,42,32768,0,0,0,3,512,0,64,64,2097152,0,3600000000000,usage,255717952,0,0,0,0,0,0,2060288,9.040280
20,bench_p26_wt,bench_p26_wt_linear,134217728,42,32768,0,0,0,3,256,0,64,64,2097152,0,3600000000000,write,256885056,720249856,1191673,68652,720249856,274519152,281198592,3600095323984,9.172693
20,bench_p26_wt,bench_p26_wt_linear,134217728,42,32768,0,0,0,3,256,0,64,64,2097152,0,3600000000000,stack,256885056,0,0,0,0,0,0,3312,9.172792
20,bench_p26_wt,bench_p26_wt_linear,134217728,42,32768,0,0,0,3,256,0,64,64,2097152,0,3600000000000,ctx,256885056,0,0,0,0,0,0,624,9.172843
20,bench_p26_wt,bench_p26_wt_linear,134217728,42,32768,0,0,0,3,256,0,64,64,2097152,0,3600000000000,heap,256885056,0,0,0,0,0,0,784,9.172887
20,bench_p26_wt,bench_p26_wt_linear,134217728,42,32768,0,0,0,3,256,0,64,64,2097152,0,3600000000000,usage,256885056,0,0,0,0,0,0,1097728,9.172931
18,bench_p26_wt,bench_p26_wt_linear,134217728,42,32768,0,0,0,3,64,0,64,64,2097152,0,3600000000000,write,258171200,275538944,1197582,68993,275538944,275887957,282595328,3600041792847,9.180110
18,bench_p26_wt,bench_p26_wt_linear,134217728,42,32768,0,0,0,3,64,0,64,64,2097152,0,3600000000000,stack,258171200,0,0,0,0,0,0,3312,9.180178
18,bench_p26_wt,bench_p26_wt_linear,134217728,42,32768,0,0,0,3,64,0,64,64,2097152,0,3600000000000,ctx,258171200,0,0,0,0,0,0,624,9.180225
18,bench_p26_wt,bench_p26_wt_linear,134217728,42,32768,0,0,0,3,64,0,64,64,2097152,0,3600000000000,heap,258171200,0,0,0,0,0,0,784,9.180267
18,bench_p26_wt,bench_p26_wt_linear,134217728,42,32768,0,0,0,3,64,0,64,64,2097152,0,3600000000000,usage,258171200,0,0,0,0,0,0,258048,9.180309
19,bench_p26_wt,bench_p26_wt_linear,134217728,42,32768,0,0,0,3,128,0,64,64,2097152,0,3600000000000,write,257671488,442614400,1195354,68864,442614400,275365333,282066944,3600018569423,9.309422
19,bench_p26_wt,bench_p26_wt_linear,134217728,42,32768,0,0,0,3,128,0,64,64,2097152,0,3600000000000,stack,257671488,0,0,0,0,0,0,3312,9.309541
19,bench_p26_wt,bench_p26_wt_linear,134217728,42,32768,0,0,0,3,128,0,64,64,2097152,0,3600000000000,ctx,257671488,0,0,0,0,0,0,624,9.309592
19,bench_p26_wt,bench_p26_wt_linear,134217728,42,32768,0,0,0,3,128,0,64,64,2097152,0,3600000000000,heap,257671488,0,0,0,0,0,0,784,9.309636
19,bench_p26_wt,bench_p26_wt_linear,134217728,42,32768,0,0,0,3,128,0,64,64,2097152,0,3600000000000,usage,257671488,0,0,0,0,0,0,1908736,9.309679
17,bench_p26_wt,bench_p26_wt_linear,134217728,42,32768,0,0,0,3,32,0,64,64,2097152,0,3600000000000,write,258429248,185571520,1198774,69062,185571520,276162569,282877952,3600030173355,9.347981
17,bench_p26_wt,bench_p26_wt_linear,134217728,42,32768,0,0,0,3,32,0,64,64,2097152,0,3600000000000,stack,258429248,0,0,0,0,0,0,3312,9.348071
17,bench_p26_wt,bench_p26_wt_linear,134217728,42,32768,0,0,0,3,32,0,64,64,2097152,0,3600000000000,ctx,258429248,0,0,0,0,0,0,624,9.348123
17,bench_p26_wt,bench_p26_wt_linear,134217728,42,32768,0,0,0,3,32,0,64,64,2097152,0,3600000000000,heap,258429248,0,0,0,0,0,0,784,9.348175
17,bench_p26_wt,bench_p26_wt_linear,134217728,42,32768,0,0,0,3,32,0,64,64,2097152,0,3600000000000,usage,258429248,0,0,0,0,0,0,524288,9.348221
12,bench_p26_wt,bench_p26_wt_linear,134217728,42,32768,0,0,0,3,1,0,64,64,2097152,0,3600000000000,write,258715968,86387406,1200116,69140,86387406,276470753,283197440,3600115531235,9.372606
12,bench_p26_wt,bench_p26_wt_linear,134217728,42,32768,0,0,0,3,1,0,64,64,2097152,0,3600000000000,stack,258715968,0,0,0,0,0,0,3312,9.372678
12,bench_p26_wt,bench_p26_wt_linear,134217728,42,32768,0,0,0,3,1,0,64,64,2097152,0,3600000000000,ctx,258715968,0,0,0,0,0,0,624,9.372721
12,bench_p26_wt,bench_p26_wt_linear,134217728,42,32768,0,0,0,3,1,0,64,64,2097152,0,3600000000000,heap,258715968,0,0,0,0,0,0,784,9.372757
12,bench_p26_wt,bench_p26_wt_linear,134217728,42,32768,0,0,0,3,1,0,64,64,2097152,0,3600000000000,usage,258715968,0,0,0,0,0,0,823296,9.372791
16,bench_p26_wt,bench_p26_wt_linear,134217728,42,32768,0,0,0,3,16,0,64,64,2097152,0,3600000000000,write,258556224,141691680,1199365,69096,141691680,276298346,283017216,3600043989470,9.389009
16,bench_p26_wt,bench_p26_wt_linear,134217728,42,32768,0,0,0,3,16,0,64,64,2097152,0,3600000000000,stack,258556224,0,0,0,0,0,0,3312,9.389091
16,bench_p26_wt,bench_p26_wt_linear,134217728,42,32768,0,0,0,3,16,0,64,64,2097152,0,3600000000000,ctx,258556224,0,0,0,0,0,0,624,9.389127
16,bench_p26_wt,bench_p26_wt_linear,134217728,42,32768,0,0,0,3,16,0,64,64,2097152,0,3600000000000,heap,258556224,0,0,0,0,0,0,784,9.389154
16,bench_p26_wt,bench_p26_wt_linear,134217728,42,32768,0,0,0,3,16,0,64,64,2097152,0,3600000000000,usage,258556224,0,0,0,0,0,0,655360,9.389181
15,bench_p26_wt,bench_p26_wt_linear,134217728,42,32768,0,0,0,3,8,0,64,64,2097152,0,3600000000000,write,258617664,119713736,1199656,69114,119713736,276365352,283090944,3600092557880,9.631901
15,bench_p26_wt,bench_p26_wt_linear,134217728,42,32768,0,0,0,3,8,0,64,64,2097152,0,3600000000000,stack,258617664,0,0,0,0,0,0,3312,9.631988
15,bench_p26_wt,bench_p26_wt_linear,134217728,42,32768,0,0,0,3,8,0,64,64,2097152,0,3600000000000,ctx,258617664,0,0,0,0,0,0,624,9.632097
15,bench_p26_wt,bench_p26_wt_linear,134217728,42,32768,0,0,0,3,8,0,64,64,2097152,0,3600000000000,heap,258617664,0,0,0,0,0,0,784,9.632145
15,bench_p26_wt,bench_p26_wt_linear,134217728,42,32768,0,0,0,3,8,0,64,64,2097152,0,3600000000000,usage,258617664,0,0,0,0,0,0,720896,9.632177
14,bench_p26_wt,bench_p26_wt_linear,134217728,42,32768,0,0,0,3,4,0,64,64,2097152,0,3600000000000,write,258654528,106412512,1199826,69123,106412512,276404100,283127808,3600034254796,9.638893
14,bench_p26_wt,bench_p26_wt_linear,134217728,42,32768,0,0,0,3,4,0,64,64,2097152,0,3600000000000,stack,258654528,0,0,0,0,0,0,3312,9.638953
14,bench_p26_wt,bench_p26_wt_linear,134217728,42,32768,0,0,0,3,4,0,64,64,2097152,0,3600000000000,ctx,258654528,0,0,0,0,0,0,624,9.638998
14,bench_p26_wt,bench_p26_wt_linear,134217728,42,32768,0,0,0,3,4,0,64,64,2097152,0,3600000000000,heap,258654528,0,0,0,0,0,0,784,9.639054
14,bench_p26_wt,bench_p26_wt_linear,134217728,42,32768,0,0,0,3,4,0,64,64,2097152,0,3600000000000,usage,258654528,0,0,0,0,0,0,757760,9.639093
13,bench_p26_wt,bench_p26_wt_linear,134217728,42,32768,0,0,0,3,2,0,64,64,2097152,0,3600000000000,write,258679104,98677360,1199938,69129,98677360,276429934,283152384,3600040145834,9.747863
13,bench_p26_wt,bench_p26_wt_linear,134217728,42,32768,0,0,0,3,2,0,64,64,2097152,0,3600000000000,stack,258679104,0,0,0,0,0,0,3312,9.747934
13,bench_p26_wt,bench_p26_wt_linear,134217728,42,32768,0,0,0,3,2,0,64,64,2097152,0,3600000000000,ctx,258679104,0,0,0,0,0,0,624,9.747967
13,bench_p26_wt,bench_p26_wt_linear,134217728,42,32768,0,0,0,3,2,0,64,64,2097152,0,3600000000000,heap,258679104,0,0,0,0,0,0,784,9.747993
13,bench_p26_wt,bench_p26_wt_linear,134217728,42,32768,0,0,0,3,2,0,64,64,2097152,0,3600000000000,usage,258679104,0,0,0,0,0,0,782336,9.748018
24,bench_p26_wt,bench_p26_wt_linear,134217728,42,32768,0,0,0,3,4096,0,64,64,2097152,0,3600000000000,write,255320128,1481367552,1180817,68073,1481367552,272216678,278827008,3600098273426,3.609041
24,bench_p26_wt,bench_p26_wt_linear,134217728,42,32768,0,0,0,3,4096,0,64,64,2097152,0,3600000000000,stack,255320128,0,0,0,0,0,0,3312,3.609109
24,bench_p26_wt,bench_p26_wt_linear,134217728,42,32768,0,0,0,3,4096,0,64,64,2097152,0,3600000000000,ctx,255320128,0,0,0,0,0,0,624,3.609139
24,bench_p26_wt,bench_p26_wt_linear,134217728,42,32768,0,0,0,3,4096,0,64,64,2097152,0,3600000000000,heap,255320128,0,0,0,0,0,0,8464,3.609164
24,bench_p26_wt,bench_p26_wt_linear,134217728,42,32768,0,0,0,3,4096,0,64,64,2097152,0,3600000000000,usage,255320128,0,0,0,0,0,0,1634304,3.609187
36,bench_p26_wt,bench_p26_wt_random,134217728,42,32768,0,0,0,3,2048,0,64,64,2097152,0,3600000000000,write,6217664,19154352128,1602939,48651,19154352128,173574690,199274496,3600082393478,13.528999
36,bench_p26_wt,bench_p26_wt_random,134217728,42,32768,0,0,0,3,2048,0,64,64,2097152,0,3600000000000,stack,6217664,0,0,0,0,0,0,3296,13.529130
36,bench_p26_wt,bench_p26_wt_random,134217728,42,32768,0,0,0,3,2048,0,64,64,2097152,0,3600000000000,ctx,6217664,0,0,0,0,0,0,608,13.529189
36,bench_p26_wt,bench_p26_wt_random,134217728,42,32768,0,0,0,3,2048,0,64,64,2097152,0,3600000000000,heap,6217664,0,0,0,0,0,0,4368,13.529241
36,bench_p26_wt,bench_p26_wt_random,134217728,42,32768,0,0,0,3,2048,0,64,64,2097152,0,3600000000000,usage,6217664,0,0,0,0,0,0,4780032,13.529291
35,bench_p26_wt,bench_p26_wt_random,134217728,42,32768,0,0,0,3,1024,0,64,64,2097152,0,3600000000000,write,6631232,14427185152,1711901,51878,14427185152,185310241,212492288,3600028099955,14.725077
35,bench_p26_wt,bench_p26_wt_random,134217728,42,32768,0,0,0,3,1024,0,64,64,2097152,0,3600000000000,stack,6631232,0,0,0,0,0,0,3296,14.725187
35,bench_p26_wt,bench_p26_wt_random,134217728,42,32768,0,0,0,3,1024,0,64,64,2097152,0,3600000000000,ctx,6631232,0,0,0,0,0,0,608,14.725257
35,bench_p26_wt,bench_p26_wt_random,134217728,42,32768,0,0,0,3,1024,0,64,64,2097152,0,3600000000000,heap,6631232,0,0,0,0,0,0,2320,14.725311
35,bench_p26_wt,bench_p26_wt_random,134217728,42,32768,0,0,0,3,1024,0,64,64,2097152,0,3600000000000,usage,6631232,0,0,0,0,0,0,4759552,14.725360
34,bench_p26_wt,bench_p26_wt_random,134217728,42,32768,0,0,0,3,512,0,64,64,2097152,0,3600000000000,write,7017600,9941312512,1815211,54947,9941312512,196484436,225062912,3600243603004,15.604040
34,bench_p26_wt,bench_p26_wt_random,134217728,42,32768,0,0,0,3,512,0,64,64,2097152,0,3600000000000,stack,7017600,0,0,0,0,0,0,3296,15.604144
34,bench_p26_wt,bench_p26_wt_random,134217728,42,32768,0,0,0,3,512,0,64,64,2097152,0,3600000000000,ctx,7017600,0,0,0,0,0,0,608,15.604202
34,bench_p26_wt,bench_p26_wt_random,134217728,42,32768,0,0,0,3,512,0,64,64,2097152,0,3600000000000,heap,7017600,0,0,0,0,0,0,1296,15.604252
34,bench_p26_wt,bench_p26_wt_random,134217728,42,32768,0,0,0,3,512,0,64,64,2097152,0,3600000000000,usage,7017600,0,0,0,0,0,0,4849664,15.604300
31,bench_p26_wt,bench_p26_wt_random,134217728,42,32768,0,0,0,3,64,0,64,64,2097152,0,3600000000000,write,7653056,2546998784,1984511,60002,2546998784,214788912,245768192,3600028715408,16.421194
31,bench_p26_wt,bench_p26_wt_random,134217728,42,32768,0,0,0,3,64,0,64,64,2097152,0,3600000000000,stack,7653056,0,0,0,0,0,0,3296,16.421309
31,bench_p26_wt,bench_p26_wt_random,134217728,42,32768,0,0,0,3,64,0,64,64,2097152,0,3600000000000,ctx,7653056,0,0,0,0,0,0,608,16.429592
31,bench_p26_wt,bench_p26_wt_random,134217728,42,32768,0,0,0,3,64,0,64,64,2097152,0,3600000000000,heap,7653056,0,0,0,0,0,0,784,16.429658
31,bench_p26_wt,bench_p26_wt_random,134217728,42,32768,0,0,0,3,64,0,64,64,2097152,0,3600000000000,usage,7653056,0,0,0,0,0,0,4706304,16.429709
33,bench_p26_wt,bench_p26_wt_random,134217728,42,32768,0,0,0,3,256,0,64,64,2097152,0,3600000000000,write,7321984,6443467520,1895374,57335,6443467520,205133604,234844160,3600026388908,16.544989
33,bench_p26_wt,bench_p26_wt_random,134217728,42,32768,0,0,0,3,256,0,64,64,2097152,0,3600000000000,stack,7321984,0,0,0,0,0,0,3296,16.545089
33,bench_p26_wt,bench_p26_wt_random,134217728,42,32768,0,0,0,3,256,0,64,64,2097152,0,3600000000000,ctx,7321984,0,0,0,0,0,0,608,16.545144
33,bench_p26_wt,bench_p26_wt_random,134217728,42,32768,0,0,0,3,256,0,64,64,2097152,0,3600000000000,heap,7321984,0,0,0,0,0,0,784,16.545192
33,bench_p26_wt,bench_p26_wt_random,134217728,42,32768,0,0,0,3,256,0,64,64,2097152,0,3600000000000,usage,7321984,0,0,0,0,0,0,4820992,16.545237
32,bench_p26_wt,bench_p26_wt_random,134217728,42,32768,0,0,0,3,128,0,64,64,2097152,0,3600000000000,write,7538304,3912987392,1953374,59068,3912987392,211396339,241942528,3600116270601,16.748474
32,bench_p26_wt,bench_p26_wt_random,134217728,42,32768,0,0,0,3,128,0,64,64,2097152,0,3600000000000,stack,7538304,0,0,0,0,0,0,3296,16.748576
32,bench_p26_wt,bench_p26_wt_random,134217728,42,32768,0,0,0,3,128,0,64,64,2097152,0,3600000000000,ctx,7538304,0,0,0,0,0,0,608,16.748628
32,bench_p26_wt,bench_p26_wt_random,134217728,42,32768,0,0,0,3,128,0,64,64,2097152,0,3600000000000,heap,7538304,0,0,0,0,0,0,784,16.748677
32,bench_p26_wt,bench_p26_wt_random,134217728,42,32768,0,0,0,3,128,0,64,64,2097152,0,3600000000000,usage,7538304,0,0,0,0,0,0,4747264,16.748723
30,bench_p26_wt,bench_p26_wt_random,134217728,42,32768,0,0,0,3,32,0,64,64,2097152,0,3600000000000,write,7726912,1714593184,2004012,60569,1714593184,216896441,248090624,3600089668539,17.041437
30,bench_p26_wt,bench_p26_wt_random,134217728,42,32768,0,0,0,3,32,0,64,64,2097152,0,3600000000000,stack,7726912,0,0,0,0,0,0,3296,17.041538
30,bench_p26_wt,bench_p26_wt_random,134217728,42,32768,0,0,0,3,32,0,64,64,2097152,0,3600000000000,ctx,7726912,0,0,0,0,0,0,608,17.041588
30,bench_p26_wt,bench_p26_wt_random,134217728,42,32768,0,0,0,3,32,0,64,64,2097152,0,3600000000000,heap,7726912,0,0,0,0,0,0,784,17.041636
30,bench_p26_wt,bench_p26_wt_random,134217728,42,32768,0,0,0,3,32,0,64,64,2097152,0,3600000000000,usage,7726912,0,0,0,0,0,0,4784128,17.041684
25,bench_p26_wt,bench_p26_wt_random,134217728,42,32768,0,0,0,3,1,0,64,64,2097152,0,3600000000000,write,7800256,843240476,2023461,61169,843240476,219014615,250548224,3600057088597,17.552400
25,bench_p26_wt,bench_p26_wt_random,134217728,42,32768,0,0,0,3,1,0,64,64,2097152,0,3600000000000,stack,7800256,0,0,0,0,0,0,3296,17.552497
25,bench_p26_wt,bench_p26_wt_random,134217728,42,32768,0,0,0,3,1,0,64,64,2097152,0,3600000000000,ctx,7800256,0,0,0,0,0,0,608,17.552547
25,bench_p26_wt,bench_p26_wt_random,134217728,42,32768,0,0,0,3,1,0,64,64,2097152,0,3600000000000,heap,7800256,0,0,0,0,0,0,784,17.552590
25,bench_p26_wt,bench_p26_wt_random,134217728,42,32768,0,0,0,3,1,0,64,64,2097152,0,3600000000000,usage,7800256,0,0,0,0,0,0,4820992,17.552631
29,bench_p26_wt,bench_p26_wt_random,134217728,42,32768,0,0,0,3,16,0,64,64,2097152,0,3600000000000,write,7765760,1289338592,2013395,60863,1289338592,217919850,249294848,3600082935518,17.902334
29,bench_p26_wt,bench_p26_wt_random,134217728,42,32768,0,0,0,3,16,0,64,64,2097152,0,3600000000000,stack,7765760,0,0,0,0,0,0,3296,17.902428
29,bench_p26_wt,bench_p26_wt_random,134217728,42,32768,0,0,0,3,16,0,64,64,2097152,0,3600000000000,ctx,7765760,0,0,0,0,0,0,608,17.902486
29,bench_p26_wt,bench_p26_wt_random,134217728,42,32768,0,0,0,3,16,0,64,64,2097152,0,3600000000000,heap,7765760,0,0,0,0,0,0,784,17.902529
29,bench_p26_wt,bench_p26_wt_random,134217728,42,32768,0,0,0,3,16,0,64,64,2097152,0,3600000000000,usage,7765760,0,0,0,0,0,0,4743168,17.902577
28,bench_p26_wt,bench_p26_wt_random,134217728,42,32768,0,0,0,3,8,0,64,64,2097152,0,3600000000000,write,7780352,1104374752,2017548,60993,1104374752,218372903,249827328,3600204546789,19.061477
28,bench_p26_wt,bench_p26_wt_random,134217728,42,32768,0,0,0,3,8,0,64,64,2097152,0,3600000000000,stack,7780352,0,0,0,0,0,0,3296,19.061558
28,bench_p26_wt,bench_p26_wt_random,134217728,42,32768,0,0,0,3,8,0,64,64,2097152,0,3600000000000,ctx,7780352,0,0,0,0,0,0,608,19.061599
28,bench_p26_wt,bench_p26_wt_random,134217728,42,32768,0,0,0,3,8,0,64,64,2097152,0,3600000000000,heap,7780352,0,0,0,0,0,0,784,19.061632
28,bench_p26_wt,bench_p26_wt_random,134217728,42,32768,0,0,0,3,8,0,64,64,2097152,0,3600000000000,usage,7780352,0,0,0,0,0,0,4767744,19.061664
26,bench_p26_wt,bench_p26_wt_random,134217728,42,32768,0,0,0,3,2,0,64,64,2097152,0,3600000000000,write,7794240,912798084,2021794,61124,912798084,218838369,250363904,3600144091347,19.481169
26,bench_p26_wt,bench_p26_wt_random,134217728,42,32768,0,0,0,3,2,0,64,64,2097152,0,3600000000000,stack,7794240,0,0,0,0,0,0,3296,19.481246
26,bench_p26_wt,bench_p26_wt_random,134217728,42,32768,0,0,0,3,2,0,64,64,2097152,0,3600000000000,ctx,7794240,0,0,0,0,0,0,608,19.481284
26,bench_p26_wt,bench_p26_wt_random,134217728,42,32768,0,0,0,3,2,0,64,64,2097152,0,3600000000000,heap,7794240,0,0,0,0,0,0,784,19.481313
26,bench_p26_wt,bench_p26_wt_random,134217728,42,32768,0,0,0,3,2,0,64,64,2097152,0,3600000000000,usage,7794240,0,0,0,0,0,0,4804608,19.481341
27,bench_p26_wt,bench_p26_wt_random,134217728,42,32768,0,0,0,3,4,0,64,64,2097152,0,3600000000000,write,7789696,973822824,2020292,61083,973822824,218680698,250195968,3600136148046,20.019446
27,bench_p26_wt,bench_p26_wt_random,134217728,42,32768,0,0,0,3,4,0,64,64,2097152,0,3600000000000,stack,7789696,0,0,0,0,0,0,3296,20.019521
27,bench_p26_wt,bench_p26_wt_random,134217728,42,32768,0,0,0,3,4,0,64,64,2097152,0,3600000000000,ctx,7789696,0,0,0,0,0,0,608,20.019556
27,bench_p26_wt,bench_p26_wt_random,134217728,42,32768,0,0,0,3,4,0,64,64,2097152,0,3600000000000,heap,7789696,0,0,0,0,0,0,784,20.019584
27,bench_p26_wt,bench_p26_wt_random,134217728,42,32768,0,0,0,3,4,0,64,64,2097152,0,3600000000000,usage,7789696,0,0,0,0,0,0,4816896,20.019609
37,bench_p26_wt,bench_p26_wt_random,134217728,42,32768,0,0,0,3,4096,0,64,64,2097152,0,3600000000000,write,6248384,18768773120,1611936,48916,18768773120,174547746,200359936,3600202316678,5.637070
37,bench_p26_wt,bench_p26_wt_random,134217728,42,32768,0,0,0,3,4096,0,64,64,2097152,0,3600000000000,stack,6248384,0,0,0,0,0,0,3296,5.637141
37,bench_p26_wt,bench_p26_wt_random,134217728,42,32768,0,0,0,3,4096,0,64,64,2097152,0,3600000000000,ctx,6248384,0,0,0,0,0,0,608,5.637172
37,bench_p26_wt,bench_p26_wt_random,134217728,42,32768,0,0,0,3,4096,0,64,64,2097152,0,3600000000000,heap,6248384,0,0,0,0,0,0,8464,5.637198
37,bench_p26_wt,bench_p26_wt_random,134217728,42,32768,0,0,0,3,4096,0,64,64,2097152,0,3600000000000,usage,6248384,0,0,0,0,0,0,4780032,5.637232
49,bench_p26_wt,bench_p26_wt_many,134217728,42,32768,0,0,0,3,2048,0,64,64,2097152,0,3600000000000,write,33499072,44747294720,998059,31301,44747294720,118764870,128208896,3600002604338,40.278927
49,bench_p26_wt,bench_p26_wt_many,134217728,42,32768,0,0,0,3,2048,0,64,64,2097152,0,3600000000000,stack,33499072,0,0,0,0,0,0,3488,40.279059
49,bench_p26_wt,bench_p26_wt_many,134217728,42,32768,0,0,0,3,2048,0,64,64,2097152,0,3600000000000,ctx,33499072,0,0,0,0,0,0,848,40.279118
49,bench_p26_wt,bench_p26_wt_many,134217728,42,32768,0,0,0,3,2048,0,64,64,2097152,0,3600000000000,heap,33499072,0,0,0,0,0,0,4368,40.279166
49,bench_p26_wt,bench_p26_wt_many,134217728,42,32768,0,0,0,3,2048,0,64,64,2097152,0,3600000000000,usage,33499072,0,0,0,0,0,0,31920128,40.279213
48,bench_p26_wt,bench_p26_wt_many,134217728,42,32768,0,0,0,3,1024,0,64,64,2097152,0,3600000000000,write,37624320,39762579456,1112795,34706,39762579456,132331945,142155776,3600001278091,45.342602
48,bench_p26_wt,bench_p26_wt_many,134217728,42,32768,0,0,0,3,1024,0,64,64,2097152,0,3600000000000,stack,37624320,0,0,0,0,0,0,3488,45.342712
48,bench_p26_wt,bench_p26_wt_many,134217728,42,32768,0,0,0,3,1024,0,64,64,2097152,0,3600000000000,ctx,37624320,0,0,0,0,0,0,848,45.342768
48,bench_p26_wt,bench_p26_wt_many,134217728,42,32768,0,0,0,3,1024,0,64,64,2097152,0,3600000000000,heap,37624320,0,0,0,0,0,0,2320,45.342818
48,bench_p26_wt,bench_p26_wt_many,134217728,42,32768,0,0,0,3,1024,0,64,64,2097152,0,3600000000000,usage,37624320,0,0,0,0,0,0,31920128,45.342863
47,bench_p26_wt,bench_p26_wt_many,134217728,42,32768,0,0,0,3,512,0,64,64,2097152,0,3600000000000,write,44144256,31841063936,1294249,40125,31841063936,153795797,164352000,3600001013455,50.354236
47,bench_p26_wt,bench_p26_wt_many,134217728,42,32768,0,0,0,3,512,0,64,64,2097152,0,3600000000000,stack,44144256,0,0,0,0,0,0,3488,50.354341
47,bench_p26_wt,bench_p26_wt_many,134217728,42,32768,0,0,0,3,512,0,64,64,2097152,0,3600000000000,ctx,44144256,0,0,0,0,0,0,848,50.354397
47,bench_p26_wt,bench_p26_wt_many,134217728,42,32768,0,0,0,3,512,0,64,64,2097152,0,3600000000000,heap,44144256,0,0,0,0,0,0,1296,50.354445
47,bench_p26_wt,bench_p26_wt_many,134217728,42,32768,0,0,0,3,512,0,64,64,2097152,0,3600000000000,usage,44144256,0,0,0,0,0,0,31920128,50.354492
46,bench_p26_wt,bench_p26_wt_many,134217728,42,32768,0,0,0,3,256,0,64,64,2097152,0,3600000000000,write,50467264,24220510720,1470036,45328,24220510720,174563828,185663488,3600038785308,62.112102
46,bench_p26_wt,bench_p26_wt_many,134217728,42,32768,0,0,0,3,256,0,64,64,2097152,0,3600000000000,stack,50467264,0,0,0,0,0,0,3488,62.112206
46,bench_p26_wt,bench_p26_wt_many,134217728,42,32768,0,0,0,3,256,0,64,64,2097152,0,3600000000000,ctx,50467264,0,0,0,0,0,0,848,62.112260
46,bench_p26_wt,bench_p26_wt_many,134217728,42,32768,0,0,0,3,256,0,64,64,2097152,0,3600000000000,heap,50467264,0,0,0,0,0,0,784,62.112308
46,bench_p26_wt,bench_p26_wt_many,134217728,42,32768,0,0,0,3,256,0,64,64,2097152,0,3600000000000,usage,50467264,0,0,0,0,0,0,31920128,62.112355
45,bench_p26_wt,bench_p26_wt_many,134217728,42,32768,0,0,0,3,128,0,64,64,2097152,0,3600000000000,write,56255424,17206882304,1631039,50122,17206882304,193595489,205299712,3600000615475,62.406825
45,bench_p26_wt,bench_p26_wt_many,134217728,42,32768,0,0,0,3,128,0,64,64,2097152,0,3600000000000,stack,56255424,0,0,0,0,0,0,3488,62.406927
45,bench_p26_wt,bench_p26_wt_many,134217728,42,32768,0,0,0,3,128,0,64,64,2097152,0,3600000000000,ctx,56255424,0,0,0,0,0,0,848,62.406981
45,bench_p26_wt,bench_p26_wt_many,134217728,42,32768,0,0,0,3,128,0,64,64,2097152,0,3600000000000,heap,56255424,0,0,0,0,0,0,784,62.407027
45,bench_p26_wt,bench_p26_wt_many,134217728,42,32768,0,0,0,3,128,0,64,64,2097152,0,3600000000000,usage,56255424,0,0,0,0,0,0,31920128,62.407071
42,bench_p26_wt,bench_p26_wt_many,134217728,42,32768,0,0,0,3,16,0,64,64,2097152,0,3600000000000,write,64185280,7586146992,1851729,56701,7586146992,219698291,232247296,3600017562377,68.817615
42,bench_p26_wt,bench_p26_wt_many,134217728,42,32768,0,0,0,3,16,0,64,64,2097152,0,3600000000000,stack,64185280,0,0,0,0,0,0,3488,68.817717
42,bench_p26_wt,bench_p26_wt_many,134217728,42,32768,0,0,0,3,16,0,64,64,2097152,0,3600000000000,ctx,64185280,0,0,0,0,0,0,848,68.817771
42,bench_p26_wt,bench_p26_wt_many,134217728,42,32768,0,0,0,3,16,0,64,64,2097152,0,3600000000000,heap,64185280,0,0,0,0,0,0,784,68.817818
42,bench_p26_wt,bench_p26_wt_many,134217728,42,32768,0,0,0,3,16,0,64,64,2097152,0,3600000000000,usage,64185280,0,0,0,0,0,0,31920128,68.817879
44,bench_p26_wt,bench_p26_wt_many,134217728,42,32768,0,0,0,3,64,0,64,64,2097152,0,3600000000000,write,60412288,12188156480,1746729,53549,12188156480,207264293,219336704,3600012492223,69.950988
44,bench_p26_wt,bench_p26_wt_many,134217728,42,32768,0,0,0,3,64,0,64,64,2097152,0,3600000000000,stack,60412288,0,0,0,0,0,0,3488,69.951109
44,bench_p26_wt,bench_p26_wt_many,134217728,42,32768,0,0,0,3,64,0,64,64,2097152,0,3600000000000,ctx,60412288,0,0,0,0,0,0,848,69.951163
44,bench_p26_wt,bench_p26_wt_many,134217728,42,32768,0,0,0,3,64,0,64,64,2097152,0,3600000000000,heap,60412288,0,0,0,0,0,0,784,69.951209
44,bench_p26_wt,bench_p26_wt_many,134217728,42,32768,0,0,0,3,64,0,64,64,2097152,0,3600000000000,usage,60412288,0,0,0,0,0,0,31920128,69.951252
43,bench_p26_wt,bench_p26_wt_many,134217728,42,32768,0,0,0,3,32,0,64,64,2097152,0,3600000000000,write,62858560,9206956224,1814817,55591,9206956224,215328062,227700736,3600048864410,73.418572
43,bench_p26_wt,bench_p26_wt_many,134217728,42,32768,0,0,0,3,32,0,64,64,2097152,0,3600000000000,stack,62858560,0,0,0,0,0,0,3488,73.418657
43,bench_p26_wt,bench_p26_wt_many,134217728,42,32768,0,0,0,3,32,0,64,64,2097152,0,3600000000000,ctx,62858560,0,0,0,0,0,0,848,73.418699
43,bench_p26_wt,bench_p26_wt_many,134217728,42,32768,0,0,0,3,32,0,64,64,2097152,0,3600000000000,heap,62858560,0,0,0,0,0,0,784,73.418733
43,bench_p26_wt,bench_p26_wt_many,134217728,42,32768,0,0,0,3,32,0,64,64,2097152,0,3600000000000,usage,62858560,0,0,0,0,0,0,31920128,73.418765
38,bench_p26_wt,bench_p26_wt_many,134217728,42,32768,0,0,0,3,1,0,64,64,2097152,0,3600000000000,write,65273856,6305946422,1881890,57569,6305946422,223237770,235802624,3600003883694,73.829954
38,bench_p26_wt,bench_p26_wt_many,134217728,42,32768,0,0,0,3,1,0,64,64,2097152,0,3600000000000,stack,65273856,0,0,0,0,0,0,3488,73.830044
38,bench_p26_wt,bench_p26_wt_many,134217728,42,32768,0,0,0,3,1,0,64,64,2097152,0,3600000000000,ctx,65273856,0,0,0,0,0,0,848,73.830091
38,bench_p26_wt,bench_p26_wt_many,134217728,42,32768,0,0,0,3,1,0,64,64,2097152,0,3600000000000,heap,65273856,0,0,0,0,0,0,784,73.830132
38,bench_p26_wt,bench_p26_wt_many,134217728,42,32768,0,0,0,3,1,0,64,64,2097152,0,3600000000000,usage,65273856,0,0,0,0,0,0,31920128,73.830169
41,bench_p26_wt,bench_p26_wt_many,134217728,42,32768,0,0,0,3,8,0,64,64,2097152,0,3600000000000,write,64626944,7062016072,1863978,57057,7062016072,221138802,233705472,3600000384694,75.083222
41,bench_p26_wt,bench_p26_wt_many,134217728,42,32768,0,0,0,3,8,0,64,64,2097152,0,3600000000000,stack,64626944,0,0,0,0,0,0,3488,75.083311
41,bench_p26_wt,bench_p26_wt_many,134217728,42,32768,0,0,0,3,8,0,64,64,2097152,0,3600000000000,ctx,64626944,0,0,0,0,0,0,848,75.091655
41,bench_p26_wt,bench_p26_wt_many,134217728,42,32768,0,0,0,3,8,0,64,64,2097152,0,3600000000000,heap,64626944,0,0,0,0,0,0,784,75.091711
41,bench_p26_wt,bench_p26_wt_many,134217728,42,32768,0,0,0,3,8,0,64,64,2097152,0,3600000000000,usage,64626944,0,0,0,0,0,0,31920128,75.091751
40,bench_p26_wt,bench_p26_wt_many,134217728,42,32768,0,0,0,3,4,0,64,64,2097152,0,3600000000000,write,64978816,6651374512,1873735,57335,6651374512,222280132,234844160,3600010082828,84.146395
40,bench_p26_wt,bench_p26_wt_many,134217728,42,32768,0,0,0,3,4,0,64,64,2097152,0,3600000000000,stack,64978816,0,0,0,0,0,0,3488,84.146477
40,bench_p26_wt,bench_p26_wt_many,134217728,42,32768,0,0,0,3,4,0,64,64,2097152,0,3600000000000,ctx,64978816,0,0,0,0,0,0,848,84.146516
40,bench_p26_wt,bench_p26_wt_many,134217728,42,32768,0,0,0,3,4,0,64,64,2097152,0,3600000000000,heap,64978816,0,0,0,0,0,0,784,84.146547
40,bench_p26_wt,bench_p26_wt_many,134217728,42,32768,0,0,0,3,4,0,64,64,2097152,0,3600000000000,usage,64978816,0,0,0,0,0,0,31920128,84.146575
39,bench_p26_wt,bench_p26_wt_many,134217728,42,32768,0,0,0,3,2,0,64,64,2097152,0,3600000000000,write,65225344,6367330770,1880512,57527,6367330770,223075047,235630592,3600014845941,84.321042
39,bench_p26_wt,bench_p26_wt_many,134217728,42,32768,0,0,0,3,2,0,64,64,2097152,0,3600000000000,stack,65225344,0,0,0,0,0,0,3488,84.321113
39,bench_p26_wt,bench_p26_wt_many,134217728,42,32768,0,0,0,3,2,0,64,64,2097152,0,3600000000000,ctx,65225344,0,0,0,0,0,0,848,84.321160
39,bench_p26_wt,bench_p26_wt_many,134217728,42,32768,0,0,0,3,2,0,64,64,2097152,0,3600000000000,heap,65225344,0,0,0,0,0,0,784,84.321198
39,bench_p26_wt,bench_p26_wt_many,134217728,42,32768,0,0,0,3,2,0,64,64,2097152,0,3600000000000,usage,65225344,0,0,0,0,0,0,31920128,84.321259
50,bench_p26_wt,bench_p26_wt_many,134217728,42,32768,0,0,0,3,4096,0,64,64,2097152,0,3600000000000,write,47562112,27699154944,1389397,42956,27699154944,165046174,175947776,3600000985018,22.100968
50,bench_p26_wt,bench_p26_wt_many,134217728,42,32768,0,0,0,3,4096,0,64,64,2097152,0,3600000000000,stack,47562112,0,0,0,0,0,0,3488,22.101037
50,bench_p26_wt,bench_p26_wt_many,134217728,42,32768,0,0,0,3,4096,0,64,64,2097152,0,3600000000000,ctx,47562112,0,0,0,0,0,0,848,22.101068
50,bench_p26_wt,bench_p26_wt_many,134217728,42,32768,0,0,0,3,4096,0,64,64,2097152,0,3600000000000,heap,47562112,0,0,0,0,0,0,8464,22.101092
50,bench_p26_wt,bench_p26_wt_many,134217728,42,32768,0,0,0,3,4096,0,64,64,2097152,0,3600000000000,usage,47562112,0,0,0,0,0,0,31920128,22.101114
62,bench_p26_wt,bench_p26_wt_logging,134217728,42,32768,0,0,0,3,2048,0,64,64,2097152,0,3600000000000,write,12595072,20802000896,2069536,43040,20802000896,169223653,176291840,3600116740095,14.905236
62,bench_p26_wt,bench_p26_wt_logging,134217728,42,32768,0,0,0,3,2048,0,64,64,2097152,0,3600000000000,stack,12595072,0,0,0,0,0,0,3264,14.905366
62,bench_p26_wt,bench_p26_wt_logging,134217728,42,32768,0,0,0,3,2048,0,64,64,2097152,0,3600000000000,ctx,12595072,0,0,0,0,0,0,624,14.905428
62,bench_p26_wt,bench_p26_wt_logging,134217728,42,32768,0,0,0,3,2048,0,64,64,2097152,0,3600000000000,heap,12595072,0,0,0,0,0,0,4368,14.905478
62,bench_p26_wt,bench_p26_wt_logging,134217728,42,32768,0,0,0,3,2048,0,64,64,2097152,0,3600000000000,usage,12595072,0,0,0,0,0,0,2445312,14.905525
61,bench_p26_wt,bench_p26_wt_logging,134217728,42,32768,0,0,0,3,1024,0,64,64,2097152,0,3600000000000,write,13727680,14152735744,2266146,47193,14152735744,185576412,193302528,3600005420884,15.799752
61,bench_p26_wt,bench_p26_wt_logging,134217728,42,32768,0,0,0,3,1024,0,64,64,2097152,0,3600000000000,stack,13727680,0,0,0,0,0,0,3264,15.799862
61,bench_p26_wt,bench_p26_wt_logging,134217728,42,32768,0,0,0,3,1024,0,64,64,2097152,0,3600000000000,ctx,13727680,0,0,0,0,0,0,624,15.799921
61,bench_p26_wt,bench_p26_wt_logging,134217728,42,32768,0,0,0,3,1024,0,64,64,2097152,0,3600000000000,heap,13727680,0,0,0,0,0,0,2320,15.799971
61,bench_p26_wt,bench_p26_wt_logging,134217728,42,32768,0,0,0,3,1024,0,64,64,2097152,0,3600000000000,usage,13727680,0,0,0,0,0,0,2449408,15.800020
60,bench_p26_wt,bench_p26_wt_logging,134217728,42,32768,0,0,0,3,512,0,64,64,2097152,0,3600000000000,write,14490752,9684468224,2398481,49984,9684468224,196566592,204734464,3600025721280,16.982336
60,bench_p26_wt,bench_p26_wt_logging,134217728,42,32768,0,0,0,3,512,0,64,64,2097152,0,3600000000000,stack,14490752,0,0,0,0,0,0,3264,16.982447
60,bench_p26_wt,bench_p26_wt_logging,134217728,42,32768,0,0,0,3,512,0,64,64,2097152,0,3600000000000,ctx,14490752,0,0,0,0,0,0,624,16.982510
60,bench_p26_wt,bench_p26_wt_logging,134217728,42,32768,0,0,0,3,512,0,64,64,2097152,0,3600000000000,heap,14490752,0,0,0,0,0,0,1296,16.982565
60,bench_p26_wt,bench_p26_wt_logging,134217728,42,32768,0,0,0,3,512,0,64,64,2097152,0,3600000000000,usage,14490752,0,0,0,0,0,0,2449408,16.982642
59,bench_p26_wt,bench_p26_wt_logging,134217728,42,32768,0,0,0,3,256,0,64,64,2097152,0,3600000000000,write,14989376,6757088768,2485038,51813,6757088768,203767578,212226048,3600003782894,17.750589
59,bench_p26_wt,bench_p26_wt_logging,134217728,42,32768,0,0,0,3,256,0,64,64,2097152,0,3600000000000,stack,14989376,0,0,0,0,0,0,3264,17.750689
59,bench_p26_wt,bench_p26_wt_logging,134217728,42,32768,0,0,0,3,256,0,64,64,2097152,0,3600000000000,ctx,14989376,0,0,0,0,0,0,624,17.750744
59,bench_p26_wt,bench_p26_wt_logging,134217728,42,32768,0,0,0,3,256,0,64,64,2097152,0,3600000000000,heap,14989376,0,0,0,0,0,0,784,17.750791
59,bench_p26_wt,bench_p26_wt_logging,134217728,42,32768,0,0,0,3,256,0,64,64,2097152,0,3600000000000,usage,14989376,0,0,0,0,0,0,2449408,17.750838
57,bench_p26_wt,bench_p26_wt_logging,134217728,42,32768,0,0,0,3,64,0,64,64,2097152,0,3600000000000,write,15666624,2772736448,2602865,54304,2772736448,213569490,222429184,3600053460374,18.543944
57,bench_p26_wt,bench_p26_wt_logging,134217728,42,32768,0,0,0,3,64,0,64,64,2097152,0,3600000000000,stack,15666624,0,0,0,0,0,0,3264,18.544065
57,bench_p26_wt,bench_p26_wt_logging,134217728,42,32768,0,0,0,3,64,0,64,64,2097152,0,3600000000000,ctx,15666624,0,0,0,0,0,0,624,18.544122
57,bench_p26_wt,bench_p26_wt_logging,134217728,42,32768,0,0,0,3,64,0,64,64,2097152,0,3600000000000,heap,15666624,0,0,0,0,0,0,784,18.544171
57,bench_p26_wt,bench_p26_wt_logging,134217728,42,32768,0,0,0,3,64,0,64,64,2097152,0,3600000000000,usage,15666624,0,0,0,0,0,0,2449408,18.544217
58,bench_p26_wt,bench_p26_wt_logging,134217728,42,32768,0,0,0,3,128,0,64,64,2097152,0,3600000000000,write,15417600,4247141632,2559353,53381,4247141632,209936889,218648576,3600016519291,18.660934
58,bench_p26_wt,bench_p26_wt_logging,134217728,42,32768,0,0,0,3,128,0,64,64,2097152,0,3600000000000,stack,15417600,0,0,0,0,0,0,3264,18.661018
58,bench_p26_wt,bench_p26_wt_logging,134217728,42,32768,0,0,0,3,128,0,64,64,2097152,0,3600000000000,ctx,15417600,0,0,0,0,0,0,624,18.661072
58,bench_p26_wt,bench_p26_wt_logging,134217728,42,32768,0,0,0,3,128,0,64,64,2097152,0,3600000000000,heap,15417600,0,0,0,0,0,0,784,18.661119
58,bench_p26_wt,bench_p26_wt_logging,134217728,42,32768,0,0,0,3,128,0,64,64,2097152,0,3600000000000,usage,15417600,0,0,0,0,0,0,2449408,18.661164
55,bench_p26_wt,bench_p26_wt_logging,134217728,42,32768,0,0,0,3,16,0,64,64,2097152,0,3600000000000,write,15907264,1349129360,2644727,55195,1349129360,217068813,226078720,3600019624823,19.045857
55,bench_p26_wt,bench_p26_wt_logging,134217728,42,32768,0,0,0,3,16,0,64,64,2097152,0,3600000000000,stack,15907264,0,0,0,0,0,0,3264,19.045959
55,bench_p26_wt,bench_p26_wt_logging,134217728,42,32768,0,0,0,3,16,0,64,64,2097152,0,3600000000000,ctx,15907264,0,0,0,0,0,0,624,19.046012
55,bench_p26_wt,bench_p26_wt_logging,134217728,42,32768,0,0,0,3,16,0,64,64,2097152,0,3600000000000,heap,15907264,0,0,0,0,0,0,784,19.046059
55,bench_p26_wt,bench_p26_wt_logging,134217728,42,32768,0,0,0,3,16,0,64,64,2097152,0,3600000000000,usage,15907264,0,0,0,0,0,0,2449408,19.046103
56,bench_p26_wt,bench_p26_wt_logging,134217728,42,32768,0,0,0,3,32,0,64,64,2097152,0,3600000000000,write,15826560,1832315168,2630664,54891,1832315168,215878618,224833536,3600017851950,19.063811
56,bench_p26_wt,bench_p26_wt_logging,134217728,42,32768,0,0,0,3,32,0,64,64,2097152,0,3600000000000,stack,15826560,0,0,0,0,0,0,3264,19.063871
56,bench_p26_wt,bench_p26_wt_logging,134217728,42,32768,0,0,0,3,32,0,64,64,2097152,0,3600000000000,ctx,15826560,0,0,0,0,0,0,624,19.063908
56,bench_p26_wt,bench_p26_wt_logging,134217728,42,32768,0,0,0,3,32,0,64,64,2097152,0,3600000000000,heap,15826560,0,0,0,0,0,0,784,19.063938
56,bench_p26_wt,bench_p26_wt_logging,134217728,42,32768,0,0,0,3,32,0,64,64,2097152,0,3600000000000,usage,15826560,0,0,0,0,0,0,2449408,19.063966
51,bench_p26_wt,bench_p26_wt_logging,134217728,42,32768,0,0,0,3,1,0,64,64,2097152,0,3600000000000,write,15992704,840673598,2659584,55515,840673598,218324755,227389440,3600049528857,19.233931
51,bench_p26_wt,bench_p26_wt_logging,134217728,42,32768,0,0,0,3,1,0,64,64,2097152,0,3600000000000,stack,15992704,0,0,0,0,0,0,3264,19.234008
51,bench_p26_wt,bench_p26_wt_logging,134217728,42,32768,0,0,0,3,1,0,64,64,2097152,0,3600000000000,ctx,15992704,0,0,0,0,0,0,624,19.234049
51,bench_p26_wt,bench_p26_wt_logging,134217728,42,32768,0,0,0,3,1,0,64,64,2097152,0,3600000000000,heap,15992704,0,0,0,0,0,0,784,19.234082
51,bench_p26_wt,bench_p26_wt_logging,134217728,42,32768,0,0,0,3,1,0,64,64,2097152,0,3600000000000,usage,15992704,0,0,0,0,0,0,2449408,19.234113
54,bench_p26_wt,bench_p26_wt_logging,134217728,42,32768,0,0,0,3,8,0,64,64,2097152,0,3600000000000,write,15940992,1150803328,2650579,55319,1150803328,217556389,226586624,3600017229887,20.242343
54,bench_p26_wt,bench_p26_wt_logging,134217728,42,32768,0,0,0,3,8,0,64,64,2097152,0,3600000000000,stack,15940992,0,0,0,0,0,0,3264,20.242431
54,bench_p26_wt,bench_p26_wt_logging,134217728,42,32768,0,0,0,3,8,0,64,64,2097152,0,3600000000000,ctx,15940992,0,0,0,0,0,0,624,20.242471
54,bench_p26_wt,bench_p26_wt_logging,134217728,42,32768,0,0,0,3,8,0,64,64,2097152,0,3600000000000,heap,15940992,0,0,0,0,0,0,784,20.242513
54,bench_p26_wt,bench_p26_wt_logging,134217728,42,32768,0,0,0,3,8,0,64,64,2097152,0,3600000000000,usage,15940992,0,0,0,0,0,0,2445312,20.242543
52,bench_p26_wt,bench_p26_wt_logging,134217728,42,32768,0,0,0,3,2,0,64,64,2097152,0,3600000000000,write,15977344,930277520,2656926,55458,930277520,218098989,227155968,3600000932567,22.024170
52,bench_p26_wt,bench_p26_wt_logging,134217728,42,32768,0,0,0,3,2,0,64,64,2097152,0,3600000000000,stack,15977344,0,0,0,0,0,0,3264,22.024257
52,bench_p26_wt,bench_p26_wt_logging,134217728,42,32768,0,0,0,3,2,0,64,64,2097152,0,3600000000000,ctx,15977344,0,0,0,0,0,0,624,22.024298
52,bench_p26_wt,bench_p26_wt_logging,134217728,42,32768,0,0,0,3,2,0,64,64,2097152,0,3600000000000,heap,15977344,0,0,0,0,0,0,784,22.024334
52,bench_p26_wt,bench_p26_wt_logging,134217728,42,32768,0,0,0,3,2,0,64,64,2097152,0,3600000000000,usage,15977344,0,0,0,0,0,0,2449408,22.024372
53,bench_p26_wt,bench_p26_wt_logging,134217728,42,32768,0,0,0,3,4,0,64,64,2097152,0,3600000000000,write,15965056,1004605364,2654797,55411,1004605364,217918901,226963456,3600003815311,22.213168
53,bench_p26_wt,bench_p26_wt_logging,134217728,42,32768,0,0,0,3,4,0,64,64,2097152,0,3600000000000,stack,15965056,0,0,0,0,0,0,3264,22.213232
53,bench_p26_wt,bench_p26_wt_logging,134217728,42,32768,0,0,0,3,4,0,64,64,2097152,0,3600000000000,ctx,15965056,0,0,0,0,0,0,624,22.213265
53,bench_p26_wt,bench_p26_wt_logging,134217728,42,32768,0,0,0,3,4,0,64,64,2097152,0,3600000000000,heap,15965056,0,0,0,0,0,0,784,22.213293
53,bench_p26_wt,bench_p26_wt_logging,134217728,42,32768,0,0,0,3,4,0,64,64,2097152,0,3600000000000,usage,15965056,0,0,0,0,0,0,2449408,22.213318
63,bench_p26_wt,bench_p26_wt_logging,134217728,42,32768,0,0,0,3,4096,0,64,64,2097152,0,3600000000000,write,13530944,15306268672,2231999,46473,15306268672,182737843,190353408,3600030602057,6.091916
63,bench_p26_wt,bench_p26_wt_logging,134217728,42,32768,0,0,0,3,4096,0,64,64,2097152,0,3600000000000,stack,13530944,0,0,0,0,0,0,3264,6.091985
63,bench_p26_wt,bench_p26_wt_logging,134217728,42,32768,0,0,0,3,4096,0,64,64,2097152,0,3600000000000,ctx,13530944,0,0,0,0,0,0,624,6.100387
63,bench_p26_wt,bench_p26_wt_logging,134217728,42,32768,0,0,0,3,4096,0,64,64,2097152,0,3600000000000,heap,13530944,0,0,0,0,0,0,8464,6.100458
63,bench_p26_wt,bench_p26_wt_logging,134217728,42,32768,0,0,0,3,4096,0,64,64,2097152,0,3600000000000,usage,13530944,0,0,0,0,0,0,2449408,6.100507
