i,suite,case,SIM_SIZE,SKIP_WARMUP,SIZE,DISK_GEOMETRY,SIM_TIME,NO_SET,READ_SIZE,CHUNK,NO_FRUNCATE,SEED,FILE_COUNT,DISK_SIZE,FS,FILE_SIZE,probe,n,bench_reads,bench_progs,bench_erases,bench_readed,bench_progged,bench_erased,bench_simtime,bench_runtime
23,bench_p26_wt,bench_p26_wt_linear,0,0,2097152,0,3600000000000,0,2048,64,1,42,32768,134217728,32,64,write,252430400,2272952320,1170246,67463,2272952320,269550522,276328448,3600032073934,6.809010
23,bench_p26_wt,bench_p26_wt_linear,0,0,2097152,0,3600000000000,0,2048,64,1,42,32768,134217728,32,64,stack,252430400,0,0,0,0,0,0,3312,6.809232
23,bench_p26_wt,bench_p26_wt_linear,0,0,2097152,0,3600000000000,0,2048,64,1,42,32768,134217728,32,64,ctx,252430400,0,0,0,0,0,0,624,6.809290
23,bench_p26_wt,bench_p26_wt_linear,0,0,2097152,0,3600000000000,0,2048,64,1,42,32768,134217728,32,64,heap,252430400,0,0,0,0,0,0,4368,6.809339
23,bench_p26_wt,bench_p26_wt_linear,0,0,2097152,0,3600000000000,0,2048,64,1,42,32768,134217728,32,64,usage,252430400,0,0,0,0,0,0,827392,6.809387
12,bench_p26_wt,bench_p26_wt_linear,0,0,2097152,0,3600000000000,0,1,64,1,42,32768,134217728,32,64,write,258715968,86387406,1200116,69140,86387406,276470753,283197440,3600115531235,7.488939
12,bench_p26_wt,bench_p26_wt_linear,0,0,2097152,0,3600000000000,0,1,64,1,42,32768,134217728,32,64,stack,258715968,0,0,0,0,0,0,3312,7.489042
12,bench_p26_wt,bench_p26_wt_linear,0,0,2097152,0,3600000000000,0,1,64,1,42,32768,134217728,32,64,ctx,258715968,0,0,0,0,0,0,624,7.489095
12,bench_p26_wt,bench_p26_wt_linear,0,0,2097152,0,3600000000000,0,1,64,1,42,32768,134217728,32,64,heap,258715968,0,0,0,0,0,0,784,7.489142
12,bench_p26_wt,bench_p26_wt_linear,0,0,2097152,0,3600000000000,0,1,64,1,42,32768,134217728,32,64,usage,258715968,0,0,0,0,0,0,823296,7.489187
19,bench_p26_wt,bench_p26_wt_linear,0,0,2097152,0,3600000000000,0,128,64,1,42,32768,134217728,32,64,write,257671488,442614400,1195354,68864,442614400,275365333,282066944,3600018569423,8.454703
19,bench_p26_wt,bench_p26_wt_linear,0,0,2097152,0,3600000000000,0,128,64,1,42,32768,134217728,32,64,stack,257671488,0,0,0,0,0,0,3312,8.454816
19,bench_p26_wt,bench_p26_wt_linear,0,0,2097152,0,3600000000000,0,128,64,1,42,32768,134217728,32,64,ctx,257671488,0,0,0,0,0,0,624,8.454875
19,bench_p26_wt,bench_p26_wt_linear,0,0,2097152,0,3600000000000,0,128,64,1,42,32768,134217728,32,64,heap,257671488,0,0,0,0,0,0,784,8.454926
19,bench_p26_wt,bench_p26_wt_linear,0,0,2097152,0,3600000000000,0,128,64,1,42,32768,134217728,32,64,usage,257671488,0,0,0,0,0,0,1908736,8.454976
22,bench_p26_wt,bench_p26_wt_linear,0,0,2097152,0,3600000000000,0,1024,64,1,42,32768,134217728,32,64,write,254420032,1578835968,1179905,67993,1578835968,271794057,278499328,3600024171051,8.951391
22,bench_p26_wt,bench_p26_wt_linear,0,0,2097152,0,3600000000000,0,1024,64,1,42,32768,134217728,32,64,stack,254420032,0,0,0,0,0,0,3312,8.951481
22,bench_p26_wt,bench_p26_wt_linear,0,0,2097152,0,3600000000000,0,1024,64,1,42,32768,134217728,32,64,ctx,254420032,0,0,0,0,0,0,624,8.951527
22,bench_p26_wt,bench_p26_wt_linear,0,0,2097152,0,3600000000000,0,1024,64,1,42,32768,134217728,32,64,heap,254420032,0,0,0,0,0,0,2320,8.951564
22,bench_p26_wt,bench_p26_wt_linear,0,0,2097152,0,3600000000000,0,1024,64,1,42,32768,134217728,32,64,usage,254420032,0,0,0,0,0,0,716800,8.951600
21,bench_p26_wt,bench_p26_wt_linear,0,0,2097152,0,3600000000000,0,512,64,1,42,32768,134217728,32,64,write,255717952,1123017728,1186212,68342,1123017728,273249573,279928832,3600047234495,8.982778
21,bench_p26_wt,bench_p26_wt_linear,0,0,2097152,0,3600000000000,0,512,64,1,42,32768,134217728,32,64,stack,255717952,0,0,0,0,0,0,3312,8.982868
21,bench_p26_wt,bench_p26_wt_linear,0,0,2097152,0,3600000000000,0,512,64,1,42,32768,134217728,32,64,ctx,255717952,0,0,0,0,0,0,624,8.982919
21,bench_p26_wt,bench_p26_wt_linear,0,0,2097152,0,3600000000000,0,512,64,1,42,32768,134217728,32,64,heap,255717952,0,0,0,0,0,0,1296,8.982962
21,bench_p26_wt,bench_p26_wt_linear,0,0,2097152,0,3600000000000,0,512,64,1,42,32768,134217728,32,64,usage,255717952,0,0,0,0,0,0,2060288,8.983005
20,bench_p26_wt,bench_p26_wt_linear,0,0,2097152,0,3600000000000,0,256,64,1,42,32768,134217728,32,64,write,256885056,720249856,1191673,68652,720249856,274519152,281198592,3600095323984,9.192281
20,bench_p26_wt,bench_p26_wt_linear,0,0,2097152,0,3600000000000,0,256,64,1,42,32768,134217728,32,64,stack,256885056,0,0,0,0,0,0,3312,9.192394
20,bench_p26_wt,bench_p26_wt_linear,0,0,2097152,0,3600000000000,0,256,64,1,42,32768,134217728,32,64,ctx,256885056,0,0,0,0,0,0,624,9.192446
20,bench_p26_wt,bench_p26_wt_linear,0,0,2097152,0,3600000000000,0,256,64,1,42,32768,134217728,32,64,heap,256885056,0,0,0,0,0,0,784,9.192491
20,bench_p26_wt,bench_p26_wt_linear,0,0,2097152,0,3600000000000,0,256,64,1,42,32768,134217728,32,64,usage,256885056,0,0,0,0,0,0,1097728,9.192533
18,bench_p26_wt,bench_p26_wt_linear,0,0,2097152,0,3600000000000,0,64,64,1,42,32768,134217728,32,64,write,258171200,275538944,1197582,68993,275538944,275887957,282595328,3600041792847,9.212025
18,bench_p26_wt,bench_p26_wt_linear,0,0,2097152,0,3600000000000,0,64,64,1,42,32768,134217728,32,64,stack,258171200,0,0,0,0,0,0,3312,9.212131
18,bench_p26_wt,bench_p26_wt_linear,0,0,2097152,0,3600000000000,0,64,64,1,42,32768,134217728,32,64,ctx,258171200,0,0,0,0,0,0,624,9.212182
18,bench_p26_wt,bench_p26_wt_linear,0,0,2097152,0,3600000000000,0,64,64,1,42,32768,134217728,32,64,heap,258171200,0,0,0,0,0,0,784,9.212227
18,bench_p26_wt,bench_p26_wt_linear,0,0,2097152,0,3600000000000,0,64,64,1,42,32768,134217728,32,64,usage,258171200,0,0,0,0,0,0,258048,9.212270
17,bench_p26_wt,bench_p26_wt_linear,0,0,2097152,0,3600000000000,0,32,64,1,42,32768,134217728,32,64,write,258429248,185571520,1198774,69062,185571520,276162569,282877952,3600030173355,9.339161
17,bench_p26_wt,bench_p26_wt_linear,0,0,2097152,0,3600000000000,0,32,64,1,42,32768,134217728,32,64,stack,258429248,0,0,0,0,0,0,3312,9.339248
17,bench_p26_wt,bench_p26_wt_linear,0,0,2097152,0,3600000000000,0,32,64,1,42,32768,134217728,32,64,ctx,258429248,0,0,0,0,0,0,624,9.339283
17,bench_p26_wt,bench_p26_wt_linear,0,0,2097152,0,3600000000000,0,32,64,1,42,32768,134217728,32,64,heap,258429248,0,0,0,0,0,0,784,9.339312
17,bench_p26_wt,bench_p26_wt_linear,0,0,2097152,0,3600000000000,0,32,64,1,42,32768,134217728,32,64,usage,258429248,0,0,0,0,0,0,524288,9.339338
16,bench_p26_wt,bench_p26_wt_linear,0,0,2097152,0,3600000000000,0,16,64,1,42,32768,134217728,32,64,write,258556224,141691680,1199365,69096,141691680,276298346,283017216,3600043989470,9.403540
16,bench_p26_wt,bench_p26_wt_linear,0,0,2097152,0,3600000000000,0,16,64,1,42,32768,134217728,32,64,stack,258556224,0,0,0,0,0,0,3312,9.403615
16,bench_p26_wt,bench_p26_wt_linear,0,0,2097152,0,3600000000000,0,16,64,1,42,32768,134217728,32,64,ctx,258556224,0,0,0,0,0,0,624,9.403650
16,bench_p26_wt,bench_p26_wt_linear,0,0,2097152,0,3600000000000,0,16,64,1,42,32768,134217728,32,64,heap,258556224,0,0,0,0,0,0,784,9.403679
16,bench_p26_wt,bench_p26_wt_linear,0,0,2097152,0,3600000000000,0,16,64,1,42,32768,134217728,32,64,usage,258556224,0,0,0,0,0,0,655360,9.403705
15,bench_p26_wt,bench_p26_wt_linear,0,0,2097152,0,3600000000000,0,8,64,1,42,32768,134217728,32,64,write,258617664,119713736,1199656,69114,119713736,276365352,283090944,3600092557880,9.576262
15,bench_p26_wt,bench_p26_wt_linear,0,0,2097152,0,3600000000000,0,8,64,1,42,32768,134217728,32,64,stack,258617664,0,0,0,0,0,0,3312,9.576334
15,bench_p26_wt,bench_p26_wt_linear,0,0,2097152,0,3600000000000,0,8,64,1,42,32768,134217728,32,64,ctx,258617664,0,0,0,0,0,0,624,9.576366
15,bench_p26_wt,bench_p26_wt_linear,0,0,2097152,0,3600000000000,0,8,64,1,42,32768,134217728,32,64,heap,258617664,0,0,0,0,0,0,784,9.576393
15,bench_p26_wt,bench_p26_wt_linear,0,0,2097152,0,3600000000000,0,8,64,1,42,32768,134217728,32,64,usage,258617664,0,0,0,0,0,0,720896,9.576418
13,bench_p26_wt,bench_p26_wt_linear,0,0,2097152,0,3600000000000,0,2,64,1,42,32768,134217728,32,64,write,258679104,98677360,1199938,69129,98677360,276429934,283152384,3600040145834,9.664775
13,bench_p26_wt,bench_p26_wt_linear,0,0,2097152,0,3600000000000,0,2,64,1,42,32768,134217728,32,64,stack,258679104,0,0,0,0,0,0,3312,9.664842
13,bench_p26_wt,bench_p26_wt_linear,0,0,2097152,0,3600000000000,0,2,64,1,42,32768,134217728,32,64,ctx,258679104,0,0,0,0,0,0,624,9.664882
13,bench_p26_wt,bench_p26_wt_linear,0,0,2097152,0,3600000000000,0,2,64,1,42,32768,134217728,32,64,heap,258679104,0,0,0,0,0,0,784,9.664907
13,bench_p26_wt,bench_p26_wt_linear,0,0,2097152,0,3600000000000,0,2,64,1,42,32768,134217728,32,64,usage,258679104,0,0,0,0,0,0,782336,9.664929
14,bench_p26_wt,bench_p26_wt_linear,0,0,2097152,0,3600000000000,0,4,64,1,42,32768,134217728,32,64,write,258654528,106412512,1199826,69123,106412512,276404100,283127808,3600034254796,9.760838
14,bench_p26_wt,bench_p26_wt_linear,0,0,2097152,0,3600000000000,0,4,64,1,42,32768,134217728,32,64,stack,258654528,0,0,0,0,0,0,3312,9.760911
14,bench_p26_wt,bench_p26_wt_linear,0,0,2097152,0,3600000000000,0,4,64,1,42,32768,134217728,32,64,ctx,258654528,0,0,0,0,0,0,624,9.760944
14,bench_p26_wt,bench_p26_wt_linear,0,0,2097152,0,3600000000000,0,4,64,1,42,32768,134217728,32,64,heap,258654528,0,0,0,0,0,0,784,9.760970
14,bench_p26_wt,bench_p26_wt_linear,0,0,2097152,0,3600000000000,0,4,64,1,42,32768,134217728,32,64,usage,258654528,0,0,0,0,0,0,757760,9.760994
24,bench_p26_wt,bench_p26_wt_linear,0,0,2097152,0,3600000000000,0,4096,64,1,42,32768,134217728,32,64,write,255320128,1481367552,1180817,68073,1481367552,272216678,278827008,3600098273426,4.574547
24,bench_p26_wt,bench_p26_wt_linear,0,0,2097152,0,3600000000000,0,4096,64,1,42,32768,134217728,32,64,stack,255320128,0,0,0,0,0,0,3312,4.574615
24,bench_p26_wt,bench_p26_wt_linear,0,0,2097152,0,3600000000000,0,4096,64,1,42,32768,134217728,32,64,ctx,255320128,0,0,0,0,0,0,624,4.574645
24,bench_p26_wt,bench_p26_wt_linear,0,0,2097152,0,3600000000000,0,4096,64,1,42,32768,134217728,32,64,heap,255320128,0,0,0,0,0,0,8464,4.574670
24,bench_p26_wt,bench_p26_wt_linear,0,0,2097152,0,3600000000000,0,4096,64,1,42,32768,134217728,32,64,usage,255320128,0,0,0,0,0,0,1634304,4.574694
36,bench_p26_wt,bench_p26_wt_random,0,0,2097152,0,3600000000000,0,2048,64,1,42,32768,134217728,32,64,write,6217664,19154352128,1602939,48651,19154352128,173574690,199274496,3600082393478,13.638124
36,bench_p26_wt,bench_p26_wt_random,0,0,2097152,0,3600000000000,0,2048,64,1,42,32768,134217728,32,64,stack,6217664,0,0,0,0,0,0,3296,13.638244
36,bench_p26_wt,bench_p26_wt_random,0,0,2097152,0,3600000000000,0,2048,64,1,42,32768,134217728,32,64,ctx,6217664,0,0,0,0,0,0,608,13.638304
36,bench_p26_wt,bench_p26_wt_random,0,0,2097152,0,3600000000000,0,2048,64,1,42,32768,134217728,32,64,heap,6217664,0,0,0,0,0,0,4368,13.638366
36,bench_p26_wt,bench_p26_wt_random,0,0,2097152,0,3600000000000,0,2048,64,1,42,32768,134217728,32,64,usage,6217664,0,0,0,0,0,0,4780032,13.638419
35,bench_p26_wt,bench_p26_wt_random,0,0,2097152,0,3600000000000,0,1024,64,1,42,32768,134217728,32,64,write,6631232,14427185152,1711901,51878,14427185152,185310241,212492288,3600028099955,14.505246
35,bench_p26_wt,bench_p26_wt_random,0,0,2097152,0,3600000000000,0,1024,64,1,42,32768,134217728,32,64,stack,6631232,0,0,0,0,0,0,3296,14.505356
35,bench_p26_wt,bench_p26_wt_random,0,0,2097152,0,3600000000000,0,1024,64,1,42,32768,134217728,32,64,ctx,6631232,0,0,0,0,0,0,608,14.505415
35,bench_p26_wt,bench_p26_wt_random,0,0,2097152,0,3600000000000,0,1024,64,1,42,32768,134217728,32,64,heap,6631232,0,0,0,0,0,0,2320,14.505466
35,bench_p26_wt,bench_p26_wt_random,0,0,2097152,0,3600000000000,0,1024,64,1,42,32768,134217728,32,64,usage,6631232,0,0,0,0,0,0,4759552,14.505515
34,bench_p26_wt,bench_p26_wt_random,0,0,2097152,0,3600000000000,0,512,64,1,42,32768,134217728,32,64,write,7017600,9941312512,1815211,54947,9941312512,196484436,225062912,3600243603004,15.633655
34,bench_p26_wt,bench_p26_wt_random,0,0,2097152,0,3600000000000,0,512,64,1,42,32768,134217728,32,64,stack,7017600,0,0,0,0,0,0,3296,15.633762
34,bench_p26_wt,bench_p26_wt_random,0,0,2097152,0,3600000000000,0,512,64,1,42,32768,134217728,32,64,ctx,7017600,0,0,0,0,0,0,608,15.633820
34,bench_p26_wt,bench_p26_wt_random,0,0,2097152,0,3600000000000,0,512,64,1,42,32768,134217728,32,64,heap,7017600,0,0,0,0,0,0,1296,15.633869
34,bench_p26_wt,bench_p26_wt_random,0,0,2097152,0,3600000000000,0,512,64,1,42,32768,134217728,32,64,usage,7017600,0,0,0,0,0,0,4849664,15.633930
33,bench_p26_wt,bench_p26_wt_random,0,0,2097152,0,3600000000000,0,256,64,1,42,32768,134217728,32,64,write,7321984,6443467520,1895374,57335,6443467520,205133604,234844160,3600026388908,16.478890
33,bench_p26_wt,bench_p26_wt_random,0,0,2097152,0,3600000000000,0,256,64,1,42,32768,134217728,32,64,stack,7321984,0,0,0,0,0,0,3296,16.478994
33,bench_p26_wt,bench_p26_wt_random,0,0,2097152,0,3600000000000,0,256,64,1,42,32768,134217728,32,64,ctx,7321984,0,0,0,0,0,0,608,16.479049
33,bench_p26_wt,bench_p26_wt_random,0,0,2097152,0,3600000000000,0,256,64,1,42,32768,134217728,32,64,heap,7321984,0,0,0,0,0,0,784,16.479099
33,bench_p26_wt,bench_p26_wt_random,0,0,2097152,0,3600000000000,0,256,64,1,42,32768,134217728,32,64,usage,7321984,0,0,0,0,0,0,4820992,16.479146
25,bench_p26_wt,bench_p26_wt_random,0,0,2097152,0,3600000000000,0,1,64,1,42,32768,134217728,32,64,write,7800256,843240476,2023461,61169,843240476,219014615,250548224,3600057088597,16.820294
25,bench_p26_wt,bench_p26_wt_random,0,0,2097152,0,3600000000000,0,1,64,1,42,32768,134217728,32,64,stack,7800256,0,0,0,0,0,0,3296,16.820397
25,bench_p26_wt,bench_p26_wt_random,0,0,2097152,0,3600000000000,0,1,64,1,42,32768,134217728,32,64,ctx,7800256,0,0,0,0,0,0,608,16.820452
25,bench_p26_wt,bench_p26_wt_random,0,0,2097152,0,3600000000000,0,1,64,1,42,32768,134217728,32,64,heap,7800256,0,0,0,0,0,0,784,16.820500
25,bench_p26_wt,bench_p26_wt_random,0,0,2097152,0,3600000000000,0,1,64,1,42,32768,134217728,32,64,usage,7800256,0,0,0,0,0,0,4820992,16.820545
32,bench_p26_wt,bench_p26_wt_random,0,0,2097152,0,3600000000000,0,128,64,1,42,32768,134217728,32,64,write,7538304,3912987392,1953374,59068,3912987392,211396339,241942528,3600116270601,16.942704
32,bench_p26_wt,bench_p26_wt_random,0,0,2097152,0,3600000000000,0,128,64,1,42,32768,134217728,32,64,stack,7538304,0,0,0,0,0,0,3296,16.942803
32,bench_p26_wt,bench_p26_wt_random,0,0,2097152,0,3600000000000,0,128,64,1,42,32768,134217728,32,64,ctx,7538304,0,0,0,0,0,0,608,16.942856
32,bench_p26_wt,bench_p26_wt_random,0,0,2097152,0,3600000000000,0,128,64,1,42,32768,134217728,32,64,heap,7538304,0,0,0,0,0,0,784,16.942911
32,bench_p26_wt,bench_p26_wt_random,0,0,2097152,0,3600000000000,0,128,64,1,42,32768,134217728,32,64,usage,7538304,0,0,0,0,0,0,4747264,16.942957
30,bench_p26_wt,bench_p26_wt_random,0,0,2097152,0,3600000000000,0,32,64,1,42,32768,134217728,32,64,write,7726912,1714593184,2004012,60569,1714593184,216896441,248090624,3600089668539,17.254893
30,bench_p26_wt,bench_p26_wt_random,0,0,2097152,0,3600000000000,0,32,64,1,42,32768,134217728,32,64,stack,7726912,0,0,0,0,0,0,3296,17.254987
30,bench_p26_wt,bench_p26_wt_random,0,0,2097152,0,3600000000000,0,32,64,1,42,32768,134217728,32,64,ctx,7726912,0,0,0,0,0,0,608,17.255038
30,bench_p26_wt,bench_p26_wt_random,0,0,2097152,0,3600000000000,0,32,64,1,42,32768,134217728,32,64,heap,7726912,0,0,0,0,0,0,784,17.255084
30,bench_p26_wt,bench_p26_wt_random,0,0,2097152,0,3600000000000,0,32,64,1,42,32768,134217728,32,64,usage,7726912,0,0,0,0,0,0,4784128,17.255126
31,bench_p26_wt,bench_p26_wt_random,0,0,2097152,0,3600000000000,0,64,64,1,42,32768,134217728,32,64,write,7653056,2546998784,1984511,60002,2546998784,214788912,245768192,3600028715408,17.324554
31,bench_p26_wt,bench_p26_wt_random,0,0,2097152,0,3600000000000,0,64,64,1,42,32768,134217728,32,64,stack,7653056,0,0,0,0,0,0,3296,17.324641
31,bench_p26_wt,bench_p26_wt_random,0,0,2097152,0,3600000000000,0,64,64,1,42,32768,134217728,32,64,ctx,7653056,0,0,0,0,0,0,608,17.324689
31,bench_p26_wt,bench_p26_wt_random,0,0,2097152,0,3600000000000,0,64,64,1,42,32768,134217728,32,64,heap,7653056,0,0,0,0,0,0,784,17.324732
31,bench_p26_wt,bench_p26_wt_random,0,0,2097152,0,3600000000000,0,64,64,1,42,32768,134217728,32,64,usage,7653056,0,0,0,0,0,0,4706304,17.324772
29,bench_p26_wt,bench_p26_wt_random,0,0,2097152,0,3600000000000,0,16,64,1,42,32768,134217728,32,64,write,7765760,1289338592,2013395,60863,1289338592,217919850,249294848,3600082935518,17.541970
29,bench_p26_wt,bench_p26_wt_random,0,0,2097152,0,3600000000000,0,16,64,1,42,32768,134217728,32,64,stack,7765760,0,0,0,0,0,0,3296,17.542068
29,bench_p26_wt,bench_p26_wt_random,0,0,2097152,0,3600000000000,0,16,64,1,42,32768,134217728,32,64,ctx,7765760,0,0,0,0,0,0,608,17.542118
29,bench_p26_wt,bench_p26_wt_random,0,0,2097152,0,3600000000000,0,16,64,1,42,32768,134217728,32,64,heap,7765760,0,0,0,0,0,0,784,17.542160
29,bench_p26_wt,bench_p26_wt_random,0,0,2097152,0,3600000000000,0,16,64,1,42,32768,134217728,32,64,usage,7765760,0,0,0,0,0,0,4743168,17.542201
28,bench_p26_wt,bench_p26_wt_random,0,0,2097152,0,3600000000000,0,8,64,1,42,32768,134217728,32,64,write,7780352,1104374752,2017548,60993,1104374752,218372903,249827328,3600204546789,18.458520
28,bench_p26_wt,bench_p26_wt_random,0,0,2097152,0,3600000000000,0,8,64,1,42,32768,134217728,32,64,stack,7780352,0,0,0,0,0,0,3296,18.458609
28,bench_p26_wt,bench_p26_wt_random,0,0,2097152,0,3600000000000,0,8,64,1,42,32768,134217728,32,64,ctx,7780352,0,0,0,0,0,0,608,18.458650
28,bench_p26_wt,bench_p26_wt_random,0,0,2097152,0,3600000000000,0,8,64,1,42,32768,134217728,32,64,heap,7780352,0,0,0,0,0,0,784,18.458684
28,bench_p26_wt,bench_p26_wt_random,0,0,2097152,0,3600000000000,0,8,64,1,42,32768,134217728,32,64,usage,7780352,0,0,0,0,0,0,4767744,18.458715
27,bench_p26_wt,bench_p26_wt_random,0,0,2097152,0,3600000000000,0,4,64,1,42,32768,134217728,32,64,write,7789696,973822824,2020292,61083,973822824,218680698,250195968,3600136148046,20.259716
27,bench_p26_wt,bench_p26_wt_random,0,0,2097152,0,3600000000000,0,4,64,1,42,32768,134217728,32,64,stack,7789696,0,0,0,0,0,0,3296,20.259829
27,bench_p26_wt,bench_p26_wt_random,0,0,2097152,0,3600000000000,0,4,64,1,42,32768,134217728,32,64,ctx,7789696,0,0,0,0,0,0,608,20.259861
27,bench_p26_wt,bench_p26_wt_random,0,0,2097152,0,3600000000000,0,4,64,1,42,32768,134217728,32,64,heap,7789696,0,0,0,0,0,0,784,20.259886
27,bench_p26_wt,bench_p26_wt_random,0,0,2097152,0,3600000000000,0,4,64,1,42,32768,134217728,32,64,usage,7789696,0,0,0,0,0,0,4816896,20.259910
26,bench_p26_wt,bench_p26_wt_random,0,0,2097152,0,3600000000000,0,2,64,1,42,32768,134217728,32,64,write,7794240,912798084,2021794,61124,912798084,218838369,250363904,3600144091347,20.871728
26,bench_p26_wt,bench_p26_wt_random,0,0,2097152,0,3600000000000,0,2,64,1,42,32768,134217728,32,64,stack,7794240,0,0,0,0,0,0,3296,20.871798
26,bench_p26_wt,bench_p26_wt_random,0,0,2097152,0,3600000000000,0,2,64,1,42,32768,134217728,32,64,ctx,7794240,0,0,0,0,0,0,608,20.871832
26,bench_p26_wt,bench_p26_wt_random,0,0,2097152,0,3600000000000,0,2,64,1,42,32768,134217728,32,64,heap,7794240,0,0,0,0,0,0,784,20.871860
26,bench_p26_wt,bench_p26_wt_random,0,0,2097152,0,3600000000000,0,2,64,1,42,32768,134217728,32,64,usage,7794240,0,0,0,0,0,0,4804608,20.871887
37,bench_p26_wt,bench_p26_wt_random,0,0,2097152,0,3600000000000,0,4096,64,1,42,32768,134217728,32,64,write,6248384,18768773120,1611936,48916,18768773120,174547746,200359936,3600202316678,6.086732
37,bench_p26_wt,bench_p26_wt_random,0,0,2097152,0,3600000000000,0,4096,64,1,42,32768,134217728,32,64,stack,6248384,0,0,0,0,0,0,3296,6.086803
37,bench_p26_wt,bench_p26_wt_random,0,0,2097152,0,3600000000000,0,4096,64,1,42,32768,134217728,32,64,ctx,6248384,0,0,0,0,0,0,608,6.086836
37,bench_p26_wt,bench_p26_wt_random,0,0,2097152,0,3600000000000,0,4096,64,1,42,32768,134217728,32,64,heap,6248384,0,0,0,0,0,0,8464,6.086865
37,bench_p26_wt,bench_p26_wt_random,0,0,2097152,0,3600000000000,0,4096,64,1,42,32768,134217728,32,64,usage,6248384,0,0,0,0,0,0,4780032,6.086893
49,bench_p26_wt,bench_p26_wt_many,0,0,2097152,0,3600000000000,0,2048,64,1,42,32768,134217728,32,64,write,33499072,44747294720,998059,31301,44747294720,118764870,128208896,3600002604338,39.477642
49,bench_p26_wt,bench_p26_wt_many,0,0,2097152,0,3600000000000,0,2048,64,1,42,32768,134217728,32,64,stack,33499072,0,0,0,0,0,0,3488,39.477773
49,bench_p26_wt,bench_p26_wt_many,0,0,2097152,0,3600000000000,0,2048,64,1,42,32768,134217728,32,64,ctx,33499072,0,0,0,0,0,0,848,39.477832
49,bench_p26_wt,bench_p26_wt_many,0,0,2097152,0,3600000000000,0,2048,64,1,42,32768,134217728,32,64,heap,33499072,0,0,0,0,0,0,4368,39.477884
49,bench_p26_wt,bench_p26_wt_many,0,0,2097152,0,3600000000000,0,2048,64,1,42,32768,134217728,32,64,usage,33499072,0,0,0,0,0,0,31920128,39.477944
48,bench_p26_wt,bench_p26_wt_many,0,0,2097152,0,3600000000000,0,1024,64,1,42,32768,134217728,32,64,write,37624320,39762579456,1112795,34706,39762579456,132331945,142155776,3600001278091,45.308039
48,bench_p26_wt,bench_p26_wt_many,0,0,2097152,0,3600000000000,0,1024,64,1,42,32768,134217728,32,64,stack,37624320,0,0,0,0,0,0,3488,45.308143
48,bench_p26_wt,bench_p26_wt_many,0,0,2097152,0,3600000000000,0,1024,64,1,42,32768,134217728,32,64,ctx,37624320,0,0,0,0,0,0,848,45.308201
48,bench_p26_wt,bench_p26_wt_many,0,0,2097152,0,3600000000000,0,1024,64,1,42,32768,134217728,32,64,heap,37624320,0,0,0,0,0,0,2320,45.308249
48,bench_p26_wt,bench_p26_wt_many,0,0,2097152,0,3600000000000,0,1024,64,1,42,32768,134217728,32,64,usage,37624320,0,0,0,0,0,0,31920128,45.308295
47,bench_p26_wt,bench_p26_wt_many,0,0,2097152,0,3600000000000,0,512,64,1,42,32768,134217728,32,64,write,44144256,31841063936,1294249,40125,31841063936,153795797,164352000,3600001013455,53.822471
47,bench_p26_wt,bench_p26_wt_many,0,0,2097152,0,3600000000000,0,512,64,1,42,32768,134217728,32,64,stack,44144256,0,0,0,0,0,0,3488,53.822580
47,bench_p26_wt,bench_p26_wt_many,0,0,2097152,0,3600000000000,0,512,64,1,42,32768,134217728,32,64,ctx,44144256,0,0,0,0,0,0,848,53.822637
47,bench_p26_wt,bench_p26_wt_many,0,0,2097152,0,3600000000000,0,512,64,1,42,32768,134217728,32,64,heap,44144256,0,0,0,0,0,0,1296,53.822685
47,bench_p26_wt,bench_p26_wt_many,0,0,2097152,0,3600000000000,0,512,64,1,42,32768,134217728,32,64,usage,44144256,0,0,0,0,0,0,31920128,53.822731
45,bench_p26_wt,bench_p26_wt_many,0,0,2097152,0,3600000000000,0,128,64,1,42,32768,134217728,32,64,write,56255424,17206882304,1631039,50122,17206882304,193595489,205299712,3600000615475,60.746454
45,bench_p26_wt,bench_p26_wt_many,0,0,2097152,0,3600000000000,0,128,64,1,42,32768,134217728,32,64,stack,56255424,0,0,0,0,0,0,3488,60.746568
45,bench_p26_wt,bench_p26_wt_many,0,0,2097152,0,3600000000000,0,128,64,1,42,32768,134217728,32,64,ctx,56255424,0,0,0,0,0,0,848,60.746638
45,bench_p26_wt,bench_p26_wt_many,0,0,2097152,0,3600000000000,0,128,64,1,42,32768,134217728,32,64,heap,56255424,0,0,0,0,0,0,784,60.746688
45,bench_p26_wt,bench_p26_wt_many,0,0,2097152,0,3600000000000,0,128,64,1,42,32768,134217728,32,64,usage,56255424,0,0,0,0,0,0,31920128,60.746734
46,bench_p26_wt,bench_p26_wt_many,0,0,2097152,0,3600000000000,0,256,64,1,42,32768,134217728,32,64,write,50467264,24220510720,1470036,45328,24220510720,174563828,185663488,3600038785308,62.697515
46,bench_p26_wt,bench_p26_wt_many,0,0,2097152,0,3600000000000,0,256,64,1,42,32768,134217728,32,64,stack,50467264,0,0,0,0,0,0,3488,62.697621
46,bench_p26_wt,bench_p26_wt_many,0,0,2097152,0,3600000000000,0,256,64,1,42,32768,134217728,32,64,ctx,50467264,0,0,0,0,0,0,848,62.697702
46,bench_p26_wt,bench_p26_wt_many,0,0,2097152,0,3600000000000,0,256,64,1,42,32768,134217728,32,64,heap,50467264,0,0,0,0,0,0,784,62.697752
46,bench_p26_wt,bench_p26_wt_many,0,0,2097152,0,3600000000000,0,256,64,1,42,32768,134217728,32,64,usage,50467264,0,0,0,0,0,0,31920128,62.697799
43,bench_p26_wt,bench_p26_wt_many,0,0,2097152,0,3600000000000,0,32,64,1,42,32768,134217728,32,64,write,62858560,9206956224,1814817,55591,9206956224,215328062,227700736,3600048864410,69.189265
43,bench_p26_wt,bench_p26_wt_many,0,0,2097152,0,3600000000000,0,32,64,1,42,32768,134217728,32,64,stack,62858560,0,0,0,0,0,0,3488,69.189356
43,bench_p26_wt,bench_p26_wt_many,0,0,2097152,0,3600000000000,0,32,64,1,42,32768,134217728,32,64,ctx,62858560,0,0,0,0,0,0,848,69.189409
43,bench_p26_wt,bench_p26_wt_many,0,0,2097152,0,3600000000000,0,32,64,1,42,32768,134217728,32,64,heap,62858560,0,0,0,0,0,0,784,69.189460
43,bench_p26_wt,bench_p26_wt_many,0,0,2097152,0,3600000000000,0,32,64,1,42,32768,134217728,32,64,usage,62858560,0,0,0,0,0,0,31920128,69.189530
42,bench_p26_wt,bench_p26_wt_many,0,0,2097152,0,3600000000000,0,16,64,1,42,32768,134217728,32,64,write,64185280,7586146992,1851729,56701,7586146992,219698291,232247296,3600017562377,70.142044
42,bench_p26_wt,bench_p26_wt_many,0,0,2097152,0,3600000000000,0,16,64,1,42,32768,134217728,32,64,stack,64185280,0,0,0,0,0,0,3488,70.142156
42,bench_p26_wt,bench_p26_wt_many,0,0,2097152,0,3600000000000,0,16,64,1,42,32768,134217728,32,64,ctx,64185280,0,0,0,0,0,0,848,70.142209
42,bench_p26_wt,bench_p26_wt_many,0,0,2097152,0,3600000000000,0,16,64,1,42,32768,134217728,32,64,heap,64185280,0,0,0,0,0,0,784,70.142257
42,bench_p26_wt,bench_p26_wt_many,0,0,2097152,0,3600000000000,0,16,64,1,42,32768,134217728,32,64,usage,64185280,0,0,0,0,0,0,31920128,70.142301
38,bench_p26_wt,bench_p26_wt_many,0,0,2097152,0,3600000000000,0,1,64,1,42,32768,134217728,32,64,write,65273856,6305946422,1881890,57569,6305946422,223237770,235802624,3600003883694,71.342027
38,bench_p26_wt,bench_p26_wt_many,0,0,2097152,0,3600000000000,0,1,64,1,42,32768,134217728,32,64,stack,65273856,0,0,0,0,0,0,3488,71.342111
38,bench_p26_wt,bench_p26_wt_many,0,0,2097152,0,3600000000000,0,1,64,1,42,32768,134217728,32,64,ctx,65273856,0,0,0,0,0,0,848,71.342153
38,bench_p26_wt,bench_p26_wt_many,0,0,2097152,0,3600000000000,0,1,64,1,42,32768,134217728,32,64,heap,65273856,0,0,0,0,0,0,784,71.342187
38,bench_p26_wt,bench_p26_wt_many,0,0,2097152,0,3600000000000,0,1,64,1,42,32768,134217728,32,64,usage,65273856,0,0,0,0,0,0,31920128,71.342215
44,bench_p26_wt,bench_p26_wt_many,0,0,2097152,0,3600000000000,0,64,64,1,42,32768,134217728,32,64,write,60412288,12188156480,1746729,53549,12188156480,207264293,219336704,3600012492223,71.541468
44,bench_p26_wt,bench_p26_wt_many,0,0,2097152,0,3600000000000,0,64,64,1,42,32768,134217728,32,64,stack,60412288,0,0,0,0,0,0,3488,71.541551
44,bench_p26_wt,bench_p26_wt_many,0,0,2097152,0,3600000000000,0,64,64,1,42,32768,134217728,32,64,ctx,60412288,0,0,0,0,0,0,848,71.541593
44,bench_p26_wt,bench_p26_wt_many,0,0,2097152,0,3600000000000,0,64,64,1,42,32768,134217728,32,64,heap,60412288,0,0,0,0,0,0,784,71.541628
44,bench_p26_wt,bench_p26_wt_many,0,0,2097152,0,3600000000000,0,64,64,1,42,32768,134217728,32,64,usage,60412288,0,0,0,0,0,0,31920128,71.541659
41,bench_p26_wt,bench_p26_wt_many,0,0,2097152,0,3600000000000,0,8,64,1,42,32768,134217728,32,64,write,64626944,7062016072,1863978,57057,7062016072,221138802,233705472,3600000384694,78.326373
41,bench_p26_wt,bench_p26_wt_many,0,0,2097152,0,3600000000000,0,8,64,1,42,32768,134217728,32,64,stack,64626944,0,0,0,0,0,0,3488,78.326457
41,bench_p26_wt,bench_p26_wt_many,0,0,2097152,0,3600000000000,0,8,64,1,42,32768,134217728,32,64,ctx,64626944,0,0,0,0,0,0,848,78.326499
41,bench_p26_wt,bench_p26_wt_many,0,0,2097152,0,3600000000000,0,8,64,1,42,32768,134217728,32,64,heap,64626944,0,0,0,0,0,0,784,78.326533
41,bench_p26_wt,bench_p26_wt_many,0,0,2097152,0,3600000000000,0,8,64,1,42,32768,134217728,32,64,usage,64626944,0,0,0,0,0,0,31920128,78.326564
40,bench_p26_wt,bench_p26_wt_many,0,0,2097152,0,3600000000000,0,4,64,1,42,32768,134217728,32,64,write,64978816,6651374512,1873735,57335,6651374512,222280132,234844160,3600010082828,81.980320
40,bench_p26_wt,bench_p26_wt_many,0,0,2097152,0,3600000000000,0,4,64,1,42,32768,134217728,32,64,stack,64978816,0,0,0,0,0,0,3488,81.980402
40,bench_p26_wt,bench_p26_wt_many,0,0,2097152,0,3600000000000,0,4,64,1,42,32768,134217728,32,64,ctx,64978816,0,0,0,0,0,0,848,81.980442
40,bench_p26_wt,bench_p26_wt_many,0,0,2097152,0,3600000000000,0,4,64,1,42,32768,134217728,32,64,heap,64978816,0,0,0,0,0,0,784,81.980474
40,bench_p26_wt,bench_p26_wt_many,0,0,2097152,0,3600000000000,0,4,64,1,42,32768,134217728,32,64,usage,64978816,0,0,0,0,0,0,31920128,81.980504
39,bench_p26_wt,bench_p26_wt_many,0,0,2097152,0,3600000000000,0,2,64,1,42,32768,134217728,32,64,write,65225344,6367330770,1880512,57527,6367330770,223075047,235630592,3600014845941,84.791747
39,bench_p26_wt,bench_p26_wt_many,0,0,2097152,0,3600000000000,0,2,64,1,42,32768,134217728,32,64,stack,65225344,0,0,0,0,0,0,3488,84.791822
39,bench_p26_wt,bench_p26_wt_many,0,0,2097152,0,3600000000000,0,2,64,1,42,32768,134217728,32,64,ctx,65225344,0,0,0,0,0,0,848,84.791857
39,bench_p26_wt,bench_p26_wt_many,0,0,2097152,0,3600000000000,0,2,64,1,42,32768,134217728,32,64,heap,65225344,0,0,0,0,0,0,784,84.791895
39,bench_p26_wt,bench_p26_wt_many,0,0,2097152,0,3600000000000,0,2,64,1,42,32768,134217728,32,64,usage,65225344,0,0,0,0,0,0,31920128,84.791934
50,bench_p26_wt,bench_p26_wt_many,0,0,2097152,0,3600000000000,0,4096,64,1,42,32768,134217728,32,64,write,47562112,27699154944,1389397,42956,27699154944,165046174,175947776,3600000985018,22.984453
50,bench_p26_wt,bench_p26_wt_many,0,0,2097152,0,3600000000000,0,4096,64,1,42,32768,134217728,32,64,stack,47562112,0,0,0,0,0,0,3488,22.984551
50,bench_p26_wt,bench_p26_wt_many,0,0,2097152,0,3600000000000,0,4096,64,1,42,32768,134217728,32,64,ctx,47562112,0,0,0,0,0,0,848,22.984584
50,bench_p26_wt,bench_p26_wt_many,0,0,2097152,0,3600000000000,0,4096,64,1,42,32768,134217728,32,64,heap,47562112,0,0,0,0,0,0,8464,22.984608
50,bench_p26_wt,bench_p26_wt_many,0,0,2097152,0,3600000000000,0,4096,64,1,42,32768,134217728,32,64,usage,47562112,0,0,0,0,0,0,31920128,22.984630
62,bench_p26_wt,bench_p26_wt_logging,0,0,2097152,0,3600000000000,0,2048,64,1,42,32768,134217728,32,64,write,20310656,19065511936,2349875,42090,19065511936,165566142,172400640,3600010449178,14.140750
62,bench_p26_wt,bench_p26_wt_logging,0,0,2097152,0,3600000000000,0,2048,64,1,42,32768,134217728,32,64,stack,20310656,0,0,0,0,0,0,3296,14.140873
62,bench_p26_wt,bench_p26_wt_logging,0,0,2097152,0,3600000000000,0,2048,64,1,42,32768,134217728,32,64,ctx,20310656,0,0,0,0,0,0,624,14.140931
62,bench_p26_wt,bench_p26_wt_logging,0,0,2097152,0,3600000000000,0,2048,64,1,42,32768,134217728,32,64,heap,20310656,0,0,0,0,0,0,4368,14.140981
62,bench_p26_wt,bench_p26_wt_logging,0,0,2097152,0,3600000000000,0,2048,64,1,42,32768,134217728,32,64,usage,20310656,0,0,0,0,0,0,3887104,14.141028
61,bench_p26_wt,bench_p26_wt_logging,0,0,2097152,0,3600000000000,0,1024,64,1,42,32768,134217728,32,64,write,22081600,12737646592,2557423,45863,12737646592,180328084,187854848,3600002007548,15.515868
61,bench_p26_wt,bench_p26_wt_logging,0,0,2097152,0,3600000000000,0,1024,64,1,42,32768,134217728,32,64,stack,22081600,0,0,0,0,0,0,3296,15.515977
61,bench_p26_wt,bench_p26_wt_logging,0,0,2097152,0,3600000000000,0,1024,64,1,42,32768,134217728,32,64,ctx,22081600,0,0,0,0,0,0,624,15.516034
61,bench_p26_wt,bench_p26_wt_logging,0,0,2097152,0,3600000000000,0,1024,64,1,42,32768,134217728,32,64,heap,22081600,0,0,0,0,0,0,2320,15.516085
61,bench_p26_wt,bench_p26_wt_logging,0,0,2097152,0,3600000000000,0,1024,64,1,42,32768,134217728,32,64,usage,22081600,0,0,0,0,0,0,3694592,15.516133
60,bench_p26_wt,bench_p26_wt_logging,0,0,2097152,0,3600000000000,0,512,64,1,42,32768,134217728,32,64,write,23353792,8340942848,2702045,48481,8340942848,190629363,198578176,3600003375113,16.127185
60,bench_p26_wt,bench_p26_wt_logging,0,0,2097152,0,3600000000000,0,512,64,1,42,32768,134217728,32,64,stack,23353792,0,0,0,0,0,0,3296,16.127293
60,bench_p26_wt,bench_p26_wt_logging,0,0,2097152,0,3600000000000,0,512,64,1,42,32768,134217728,32,64,ctx,23353792,0,0,0,0,0,0,624,16.127352
60,bench_p26_wt,bench_p26_wt_logging,0,0,2097152,0,3600000000000,0,512,64,1,42,32768,134217728,32,64,heap,23353792,0,0,0,0,0,0,1296,16.127404
60,bench_p26_wt,bench_p26_wt_logging,0,0,2097152,0,3600000000000,0,512,64,1,42,32768,134217728,32,64,usage,23353792,0,0,0,0,0,0,2826240,16.127454
59,bench_p26_wt,bench_p26_wt_logging,0,0,2097152,0,3600000000000,0,256,64,1,42,32768,134217728,32,64,write,24115136,5633291008,2792481,50081,5633291008,196903824,205131776,3600000341680,16.447937
59,bench_p26_wt,bench_p26_wt_logging,0,0,2097152,0,3600000000000,0,256,64,1,42,32768,134217728,32,64,stack,24115136,0,0,0,0,0,0,3296,16.448050
59,bench_p26_wt,bench_p26_wt_logging,0,0,2097152,0,3600000000000,0,256,64,1,42,32768,134217728,32,64,ctx,24115136,0,0,0,0,0,0,624,16.448107
59,bench_p26_wt,bench_p26_wt_logging,0,0,2097152,0,3600000000000,0,256,64,1,42,32768,134217728,32,64,heap,24115136,0,0,0,0,0,0,784,16.448156
59,bench_p26_wt,bench_p26_wt_logging,0,0,2097152,0,3600000000000,0,256,64,1,42,32768,134217728,32,64,usage,24115136,0,0,0,0,0,0,3624960,16.448204
57,bench_p26_wt,bench_p26_wt_logging,0,0,2097152,0,3600000000000,0,64,64,1,42,32768,134217728,32,64,write,25015424,2297729088,2901311,52075,2297729088,204740357,213299200,3600000009311,17.240716
57,bench_p26_wt,bench_p26_wt_logging,0,0,2097152,0,3600000000000,0,64,64,1,42,32768,134217728,32,64,stack,25015424,0,0,0,0,0,0,3296,17.240820
57,bench_p26_wt,bench_p26_wt_logging,0,0,2097152,0,3600000000000,0,64,64,1,42,32768,134217728,32,64,ctx,25015424,0,0,0,0,0,0,624,17.240876
57,bench_p26_wt,bench_p26_wt_logging,0,0,2097152,0,3600000000000,0,64,64,1,42,32768,134217728,32,64,heap,25015424,0,0,0,0,0,0,784,17.240925
57,bench_p26_wt,bench_p26_wt_logging,0,0,2097152,0,3600000000000,0,64,64,1,42,32768,134217728,32,64,usage,25015424,0,0,0,0,0,0,4562944,17.240972
51,bench_p26_wt,bench_p26_wt_logging,0,0,2097152,0,3600000000000,0,1,64,1,42,32768,134217728,32,64,write,25533696,727304431,2954328,52999,727304431,208379380,217083904,3600044508788,17.404112
51,bench_p26_wt,bench_p26_wt_logging,0,0,2097152,0,3600000000000,0,1,64,1,42,32768,134217728,32,64,stack,25533696,0,0,0,0,0,0,3296,17.404210
51,bench_p26_wt,bench_p26_wt_logging,0,0,2097152,0,3600000000000,0,1,64,1,42,32768,134217728,32,64,ctx,25533696,0,0,0,0,0,0,624,17.404265
51,bench_p26_wt,bench_p26_wt_logging,0,0,2097152,0,3600000000000,0,1,64,1,42,32768,134217728,32,64,heap,25533696,0,0,0,0,0,0,784,17.404313
51,bench_p26_wt,bench_p26_wt_logging,0,0,2097152,0,3600000000000,0,1,64,1,42,32768,134217728,32,64,usage,25533696,0,0,0,0,0,0,2912256,17.404358
58,bench_p26_wt,bench_p26_wt_logging,0,0,2097152,0,3600000000000,0,128,64,1,42,32768,134217728,32,64,write,24706112,3464321024,2863567,51375,3464321024,201988875,210432000,3600009918161,17.549669
58,bench_p26_wt,bench_p26_wt_logging,0,0,2097152,0,3600000000000,0,128,64,1,42,32768,134217728,32,64,stack,24706112,0,0,0,0,0,0,3296,17.549770
58,bench_p26_wt,bench_p26_wt_logging,0,0,2097152,0,3600000000000,0,128,64,1,42,32768,134217728,32,64,ctx,24706112,0,0,0,0,0,0,624,17.549823
58,bench_p26_wt,bench_p26_wt_logging,0,0,2097152,0,3600000000000,0,128,64,1,42,32768,134217728,32,64,heap,24706112,0,0,0,0,0,0,784,17.549869
58,bench_p26_wt,bench_p26_wt_logging,0,0,2097152,0,3600000000000,0,128,64,1,42,32768,134217728,32,64,usage,24706112,0,0,0,0,0,0,4239360,17.549914
56,bench_p26_wt,bench_p26_wt_logging,0,0,2097152,0,3600000000000,0,32,64,1,42,32768,134217728,32,64,write,25252928,1554508448,2926049,52515,1554508448,206475607,215101440,3600001928565,17.587116
56,bench_p26_wt,bench_p26_wt_logging,0,0,2097152,0,3600000000000,0,32,64,1,42,32768,134217728,32,64,stack,25252928,0,0,0,0,0,0,3296,17.587194
56,bench_p26_wt,bench_p26_wt_logging,0,0,2097152,0,3600000000000,0,32,64,1,42,32768,134217728,32,64,ctx,25252928,0,0,0,0,0,0,624,17.587244
56,bench_p26_wt,bench_p26_wt_logging,0,0,2097152,0,3600000000000,0,32,64,1,42,32768,134217728,32,64,heap,25252928,0,0,0,0,0,0,784,17.587291
56,bench_p26_wt,bench_p26_wt_logging,0,0,2097152,0,3600000000000,0,32,64,1,42,32768,134217728,32,64,usage,25252928,0,0,0,0,0,0,2625536,17.587332
55,bench_p26_wt,bench_p26_wt_logging,0,0,2097152,0,3600000000000,0,16,64,1,42,32768,134217728,32,64,write,25405824,1161433216,2939397,52746,1161433216,207386179,216047616,3600031818233,18.916785
55,bench_p26_wt,bench_p26_wt_logging,0,0,2097152,0,3600000000000,0,16,64,1,42,32768,134217728,32,64,stack,25405824,0,0,0,0,0,0,3296,18.916886
55,bench_p26_wt,bench_p26_wt_logging,0,0,2097152,0,3600000000000,0,16,64,1,42,32768,134217728,32,64,ctx,25405824,0,0,0,0,0,0,624,18.916932
55,bench_p26_wt,bench_p26_wt_logging,0,0,2097152,0,3600000000000,0,16,64,1,42,32768,134217728,32,64,heap,25405824,0,0,0,0,0,0,784,18.916972
55,bench_p26_wt,bench_p26_wt_logging,0,0,2097152,0,3600000000000,0,16,64,1,42,32768,134217728,32,64,usage,25405824,0,0,0,0,0,0,2781184,18.917015
54,bench_p26_wt,bench_p26_wt_logging,0,0,2097152,0,3600000000000,0,8,64,1,42,32768,134217728,32,64,write,25455680,991900464,2945259,52844,991900464,207774956,216449024,3600013313540,19.520543
54,bench_p26_wt,bench_p26_wt_logging,0,0,2097152,0,3600000000000,0,8,64,1,42,32768,134217728,32,64,stack,25455680,0,0,0,0,0,0,3296,19.520655
54,bench_p26_wt,bench_p26_wt_logging,0,0,2097152,0,3600000000000,0,8,64,1,42,32768,134217728,32,64,ctx,25455680,0,0,0,0,0,0,624,19.520704
54,bench_p26_wt,bench_p26_wt_logging,0,0,2097152,0,3600000000000,0,8,64,1,42,32768,134217728,32,64,heap,25455680,0,0,0,0,0,0,784,19.520746
54,bench_p26_wt,bench_p26_wt_logging,0,0,2097152,0,3600000000000,0,8,64,1,42,32768,134217728,32,64,usage,25455680,0,0,0,0,0,0,2830336,19.520785
52,bench_p26_wt,bench_p26_wt_logging,0,0,2097152,0,3600000000000,0,2,64,1,42,32768,134217728,32,64,write,25511360,801896094,2951724,52955,801896094,208204388,216903680,3600002976284,20.426678
52,bench_p26_wt,bench_p26_wt_logging,0,0,2097152,0,3600000000000,0,2,64,1,42,32768,134217728,32,64,stack,25511360,0,0,0,0,0,0,3296,20.426760
52,bench_p26_wt,bench_p26_wt_logging,0,0,2097152,0,3600000000000,0,2,64,1,42,32768,134217728,32,64,ctx,25511360,0,0,0,0,0,0,624,20.426800
52,bench_p26_wt,bench_p26_wt_logging,0,0,2097152,0,3600000000000,0,2,64,1,42,32768,134217728,32,64,heap,25511360,0,0,0,0,0,0,784,20.426831
52,bench_p26_wt,bench_p26_wt_logging,0,0,2097152,0,3600000000000,0,2,64,1,42,32768,134217728,32,64,usage,25511360,0,0,0,0,0,0,2891776,20.426859
53,bench_p26_wt,bench_p26_wt_logging,0,0,2097152,0,3600000000000,0,4,64,1,42,32768,134217728,32,64,write,25492800,863867696,2949586,52919,863867696,208062330,216756224,3600003715982,20.632585
53,bench_p26_wt,bench_p26_wt_logging,0,0,2097152,0,3600000000000,0,4,64,1,42,32768,134217728,32,64,stack,25492800,0,0,0,0,0,0,3296,20.632642
53,bench_p26_wt,bench_p26_wt_logging,0,0,2097152,0,3600000000000,0,4,64,1,42,32768,134217728,32,64,ctx,25492800,0,0,0,0,0,0,624,20.632670
53,bench_p26_wt,bench_p26_wt_logging,0,0,2097152,0,3600000000000,0,4,64,1,42,32768,134217728,32,64,heap,25492800,0,0,0,0,0,0,784,20.632693
53,bench_p26_wt,bench_p26_wt_logging,0,0,2097152,0,3600000000000,0,4,64,1,42,32768,134217728,32,64,usage,25492800,0,0,0,0,0,0,2871296,20.632714
63,bench_p26_wt,bench_p26_wt_logging,0,0,2097152,0,3600000000000,0,4096,64,1,42,32768,134217728,32,64,write,21367360,15441408000,2469058,44248,15441408000,174088064,181239808,3600003763328,6.118670
63,bench_p26_wt,bench_p26_wt_logging,0,0,2097152,0,3600000000000,0,4096,64,1,42,32768,134217728,32,64,stack,21367360,0,0,0,0,0,0,3296,6.118737
63,bench_p26_wt,bench_p26_wt_logging,0,0,2097152,0,3600000000000,0,4096,64,1,42,32768,134217728,32,64,ctx,21367360,0,0,0,0,0,0,624,6.118768
63,bench_p26_wt,bench_p26_wt_logging,0,0,2097152,0,3600000000000,0,4096,64,1,42,32768,134217728,32,64,heap,21367360,0,0,0,0,0,0,8464,6.118793
63,bench_p26_wt,bench_p26_wt_logging,0,0,2097152,0,3600000000000,0,4096,64,1,42,32768,134217728,32,64,usage,21367360,0,0,0,0,0,0,2801664,6.118818
