i,suite,case,SKIP_WARMUP,CHUNK,NO_SET,DISK_GEOMETRY,FILE_SIZE,SEED,FS,PROG_SIZE,FILE_COUNT,DISK_SIZE,NO_FRUNCATE,SIZE,SIM_TIME,CRYSTAL_THRESH,SIM_SIZE,probe,n,bench_reads,bench_progs,bench_erases,bench_readed,bench_progged,bench_erased,bench_simtime,bench_runtime
14,bench_p26_wt,bench_p26_wt_linear,0,64,0,0,64,42,31,4,32768,134217728,0,2097152,3600000000000,-1,0,write,46473280,616158219,1487803,66139,616158219,204141324,270905344,3600002761884,28.913097
14,bench_p26_wt,bench_p26_wt_linear,0,64,0,0,64,42,31,4,32768,134217728,0,2097152,3600000000000,-1,0,stack,46473280,0,0,0,0,0,0,3328,28.913323
14,bench_p26_wt,bench_p26_wt_linear,0,64,0,0,64,42,31,4,32768,134217728,0,2097152,3600000000000,-1,0,ctx,46473280,0,0,0,0,0,0,624,28.913382
14,bench_p26_wt,bench_p26_wt_linear,0,64,0,0,64,42,31,4,32768,134217728,0,2097152,3600000000000,-1,0,heap,46473280,0,0,0,0,0,0,784,28.913434
14,bench_p26_wt,bench_p26_wt_linear,0,64,0,0,64,42,31,4,32768,134217728,0,2097152,3600000000000,-1,0,usage,46473280,0,0,0,0,0,0,1032192,28.913481
12,bench_p26_wt,bench_p26_wt_linear,0,64,0,0,64,42,31,1,32768,134217728,0,2097152,3600000000000,-1,0,write,46531648,615899986,1492711,66096,615899986,203571502,270729216,3600010491962,29.144132
12,bench_p26_wt,bench_p26_wt_linear,0,64,0,0,64,42,31,1,32768,134217728,0,2097152,3600000000000,-1,0,stack,46531648,0,0,0,0,0,0,3328,29.144235
12,bench_p26_wt,bench_p26_wt_linear,0,64,0,0,64,42,31,1,32768,134217728,0,2097152,3600000000000,-1,0,ctx,46531648,0,0,0,0,0,0,624,29.144290
12,bench_p26_wt,bench_p26_wt_linear,0,64,0,0,64,42,31,1,32768,134217728,0,2097152,3600000000000,-1,0,heap,46531648,0,0,0,0,0,0,784,29.144339
12,bench_p26_wt,bench_p26_wt_linear,0,64,0,0,64,42,31,1,32768,134217728,0,2097152,3600000000000,-1,0,usage,46531648,0,0,0,0,0,0,1200128,29.144387
13,bench_p26_wt,bench_p26_wt_linear,0,64,0,0,64,42,31,2,32768,134217728,0,2097152,3600000000000,-1,0,write,46517312,615681474,1491505,66107,615681474,203677652,270774272,3600016199180,29.179208
13,bench_p26_wt,bench_p26_wt_linear,0,64,0,0,64,42,31,2,32768,134217728,0,2097152,3600000000000,-1,0,stack,46517312,0,0,0,0,0,0,3328,29.179322
13,bench_p26_wt,bench_p26_wt_linear,0,64,0,0,64,42,31,2,32768,134217728,0,2097152,3600000000000,-1,0,ctx,46517312,0,0,0,0,0,0,624,29.179378
13,bench_p26_wt,bench_p26_wt_linear,0,64,0,0,64,42,31,2,32768,134217728,0,2097152,3600000000000,-1,0,heap,46517312,0,0,0,0,0,0,784,29.179426
13,bench_p26_wt,bench_p26_wt_linear,0,64,0,0,64,42,31,2,32768,134217728,0,2097152,3600000000000,-1,0,usage,46517312,0,0,0,0,0,0,1163264,29.179474
15,bench_p26_wt,bench_p26_wt_linear,0,64,0,0,64,42,31,8,32768,134217728,0,2097152,3600000000000,-1,0,write,46241344,619373066,1484953,66163,619373066,204707728,271003648,3600081720384,29.466989
15,bench_p26_wt,bench_p26_wt_linear,0,64,0,0,64,42,31,8,32768,134217728,0,2097152,3600000000000,-1,0,stack,46241344,0,0,0,0,0,0,3328,29.467094
15,bench_p26_wt,bench_p26_wt_linear,0,64,0,0,64,42,31,8,32768,134217728,0,2097152,3600000000000,-1,0,ctx,46241344,0,0,0,0,0,0,624,29.467150
15,bench_p26_wt,bench_p26_wt_linear,0,64,0,0,64,42,31,8,32768,134217728,0,2097152,3600000000000,-1,0,heap,46241344,0,0,0,0,0,0,784,29.467200
15,bench_p26_wt,bench_p26_wt_linear,0,64,0,0,64,42,31,8,32768,134217728,0,2097152,3600000000000,-1,0,usage,46241344,0,0,0,0,0,0,659456,29.467247
16,bench_p26_wt,bench_p26_wt_linear,0,64,0,0,64,42,31,16,32768,134217728,0,2097152,3600000000000,-1,0,write,46344000,625588306,1431823,66627,625588306,207472960,272904192,3600003445136,30.100617
16,bench_p26_wt,bench_p26_wt_linear,0,64,0,0,64,42,31,16,32768,134217728,0,2097152,3600000000000,-1,0,stack,46344000,0,0,0,0,0,0,3328,30.100722
16,bench_p26_wt,bench_p26_wt_linear,0,64,0,0,64,42,31,16,32768,134217728,0,2097152,3600000000000,-1,0,ctx,46344000,0,0,0,0,0,0,624,30.100776
16,bench_p26_wt,bench_p26_wt_linear,0,64,0,0,64,42,31,16,32768,134217728,0,2097152,3600000000000,-1,0,heap,46344000,0,0,0,0,0,0,784,30.100824
16,bench_p26_wt,bench_p26_wt_linear,0,64,0,0,64,42,31,16,32768,134217728,0,2097152,3600000000000,-1,0,usage,46344000,0,0,0,0,0,0,770048,30.100870
17,bench_p26_wt,bench_p26_wt_linear,0,64,0,0,64,42,31,32,32768,134217728,0,2097152,3600000000000,-1,0,write,45750336,637640295,1388201,67004,637640295,210570688,274448384,3600054491224,30.592341
17,bench_p26_wt,bench_p26_wt_linear,0,64,0,0,64,42,31,32,32768,134217728,0,2097152,3600000000000,-1,0,stack,45750336,0,0,0,0,0,0,3328,30.592445
17,bench_p26_wt,bench_p26_wt_linear,0,64,0,0,64,42,31,32,32768,134217728,0,2097152,3600000000000,-1,0,ctx,45750336,0,0,0,0,0,0,624,30.592496
17,bench_p26_wt,bench_p26_wt_linear,0,64,0,0,64,42,31,32,32768,134217728,0,2097152,3600000000000,-1,0,heap,45750336,0,0,0,0,0,0,784,30.592547
17,bench_p26_wt,bench_p26_wt_linear,0,64,0,0,64,42,31,32,32768,134217728,0,2097152,3600000000000,-1,0,usage,45750336,0,0,0,0,0,0,4542464,30.592596
18,bench_p26_wt,bench_p26_wt_linear,0,64,0,0,64,42,31,64,32768,134217728,0,2097152,3600000000000,-1,0,write,45769536,645292065,1345807,67373,645292065,213315392,275959808,3600054189032,30.716262
18,bench_p26_wt,bench_p26_wt_linear,0,64,0,0,64,42,31,64,32768,134217728,0,2097152,3600000000000,-1,0,stack,45769536,0,0,0,0,0,0,3328,30.716365
18,bench_p26_wt,bench_p26_wt_linear,0,64,0,0,64,42,31,64,32768,134217728,0,2097152,3600000000000,-1,0,ctx,45769536,0,0,0,0,0,0,624,30.716422
18,bench_p26_wt,bench_p26_wt_linear,0,64,0,0,64,42,31,64,32768,134217728,0,2097152,3600000000000,-1,0,heap,45769536,0,0,0,0,0,0,784,30.716472
18,bench_p26_wt,bench_p26_wt_linear,0,64,0,0,64,42,31,64,32768,134217728,0,2097152,3600000000000,-1,0,usage,45769536,0,0,0,0,0,0,4329472,30.716525
19,bench_p26_wt,bench_p26_wt_linear,0,64,0,0,64,42,31,128,32768,134217728,0,2097152,3600000000000,-1,0,write,40659008,660543966,1117900,69384,660543966,215367424,284196864,3600003578800,31.623579
19,bench_p26_wt,bench_p26_wt_linear,0,64,0,0,64,42,31,128,32768,134217728,0,2097152,3600000000000,-1,0,stack,40659008,0,0,0,0,0,0,3328,31.623677
19,bench_p26_wt,bench_p26_wt_linear,0,64,0,0,64,42,31,128,32768,134217728,0,2097152,3600000000000,-1,0,ctx,40659008,0,0,0,0,0,0,624,31.623729
19,bench_p26_wt,bench_p26_wt_linear,0,64,0,0,64,42,31,128,32768,134217728,0,2097152,3600000000000,-1,0,heap,40659008,0,0,0,0,0,0,784,31.623773
19,bench_p26_wt,bench_p26_wt_linear,0,64,0,0,64,42,31,128,32768,134217728,0,2097152,3600000000000,-1,0,usage,40659008,0,0,0,0,0,0,2580480,31.623815
20,bench_p26_wt,bench_p26_wt_linear,0,64,0,0,64,42,31,256,32768,134217728,0,2097152,3600000000000,-1,0,write,30772800,714219188,857056,71654,714219188,219406336,293494784,3600003288096,35.546880
20,bench_p26_wt,bench_p26_wt_linear,0,64,0,0,64,42,31,256,32768,134217728,0,2097152,3600000000000,-1,0,stack,30772800,0,0,0,0,0,0,3328,35.546988
20,bench_p26_wt,bench_p26_wt_linear,0,64,0,0,64,42,31,256,32768,134217728,0,2097152,3600000000000,-1,0,ctx,30772800,0,0,0,0,0,0,624,35.547047
20,bench_p26_wt,bench_p26_wt_linear,0,64,0,0,64,42,31,256,32768,134217728,0,2097152,3600000000000,-1,0,heap,30772800,0,0,0,0,0,0,784,35.547099
20,bench_p26_wt,bench_p26_wt_linear,0,64,0,0,64,42,31,256,32768,134217728,0,2097152,3600000000000,-1,0,usage,30772800,0,0,0,0,0,0,5111808,35.547138
21,bench_p26_wt,bench_p26_wt_linear,0,64,0,0,64,42,31,512,32768,134217728,0,2097152,3600000000000,-1,0,write,21847104,815631743,881472,71347,815631743,225656832,292237312,3600133487576,41.533334
21,bench_p26_wt,bench_p26_wt_linear,0,64,0,0,64,42,31,512,32768,134217728,0,2097152,3600000000000,-1,0,stack,21847104,0,0,0,0,0,0,3280,41.533454
21,bench_p26_wt,bench_p26_wt_linear,0,64,0,0,64,42,31,512,32768,134217728,0,2097152,3600000000000,-1,0,ctx,21847104,0,0,0,0,0,0,624,41.533505
21,bench_p26_wt,bench_p26_wt_linear,0,64,0,0,64,42,31,512,32768,134217728,0,2097152,3600000000000,-1,0,heap,21847104,0,0,0,0,0,0,1296,41.533547
21,bench_p26_wt,bench_p26_wt_linear,0,64,0,0,64,42,31,512,32768,134217728,0,2097152,3600000000000,-1,0,usage,21847104,0,0,0,0,0,0,3629056,41.533585
22,bench_p26_wt,bench_p26_wt_linear,0,64,0,0,64,42,31,1024,32768,134217728,0,2097152,3600000000000,-1,0,write,10792000,729515483,863576,71583,729515483,221075456,293203968,3600060783160,56.908679
22,bench_p26_wt,bench_p26_wt_linear,0,64,0,0,64,42,31,1024,32768,134217728,0,2097152,3600000000000,-1,0,stack,10792000,0,0,0,0,0,0,3344,56.908779
22,bench_p26_wt,bench_p26_wt_linear,0,64,0,0,64,42,31,1024,32768,134217728,0,2097152,3600000000000,-1,0,ctx,10792000,0,0,0,0,0,0,624,56.908819
22,bench_p26_wt,bench_p26_wt_linear,0,64,0,0,64,42,31,1024,32768,134217728,0,2097152,3600000000000,-1,0,heap,10792000,0,0,0,0,0,0,2320,56.908853
22,bench_p26_wt,bench_p26_wt_linear,0,64,0,0,64,42,31,1024,32768,134217728,0,2097152,3600000000000,-1,0,usage,10792000,0,0,0,0,0,0,1478656,56.908883
23,bench_p26_wt,bench_p26_wt_linear,0,64,0,0,64,42,31,2048,32768,134217728,0,2097152,3600000000000,-1,0,write,4577344,744375296,723240,72853,744375296,185149440,298405888,3600968511488,66.374424
23,bench_p26_wt,bench_p26_wt_linear,0,64,0,0,64,42,31,2048,32768,134217728,0,2097152,3600000000000,-1,0,stack,4577344,0,0,0,0,0,0,3344,66.374524
23,bench_p26_wt,bench_p26_wt_linear,0,64,0,0,64,42,31,2048,32768,134217728,0,2097152,3600000000000,-1,0,ctx,4577344,0,0,0,0,0,0,624,66.374567
23,bench_p26_wt,bench_p26_wt_linear,0,64,0,0,64,42,31,2048,32768,134217728,0,2097152,3600000000000,-1,0,heap,4577344,0,0,0,0,0,0,4368,66.374603
23,bench_p26_wt,bench_p26_wt_linear,0,64,0,0,64,42,31,2048,32768,134217728,0,2097152,3600000000000,-1,0,usage,4577344,0,0,0,0,0,0,2236416,66.374638
24,bench_p26_wt,bench_p26_wt_linear,0,64,0,0,64,42,31,4096,32768,134217728,0,2097152,3600000000000,-1,0,write,4354112,536124124,1222384,76399,536124124,312930304,312930304,3954353025632,43.610221
24,bench_p26_wt,bench_p26_wt_linear,0,64,0,0,64,42,31,4096,32768,134217728,0,2097152,3600000000000,-1,0,stack,4354112,0,0,0,0,0,0,3344,43.610296
24,bench_p26_wt,bench_p26_wt_linear,0,64,0,0,64,42,31,4096,32768,134217728,0,2097152,3600000000000,-1,0,ctx,4354112,0,0,0,0,0,0,624,43.610328
24,bench_p26_wt,bench_p26_wt_linear,0,64,0,0,64,42,31,4096,32768,134217728,0,2097152,3600000000000,-1,0,heap,4354112,0,0,0,0,0,0,8464,43.610353
24,bench_p26_wt,bench_p26_wt_linear,0,64,0,0,64,42,31,4096,32768,134217728,0,2097152,3600000000000,-1,0,usage,4354112,0,0,0,0,0,0,917504,43.610376
27,bench_p26_wt,bench_p26_wt_random,0,64,0,0,64,42,31,4,32768,134217728,0,2097152,3600000000000,-1,0,write,15955264,1045852831,2075599,60519,1045852831,235236136,247885824,3600082538960,36.671698
27,bench_p26_wt,bench_p26_wt_random,0,64,0,0,64,42,31,4,32768,134217728,0,2097152,3600000000000,-1,0,stack,15955264,0,0,0,0,0,0,3312,36.671825
27,bench_p26_wt,bench_p26_wt_random,0,64,0,0,64,42,31,4,32768,134217728,0,2097152,3600000000000,-1,0,ctx,15955264,0,0,0,0,0,0,608,36.671884
27,bench_p26_wt,bench_p26_wt_random,0,64,0,0,64,42,31,4,32768,134217728,0,2097152,3600000000000,-1,0,heap,15955264,0,0,0,0,0,0,784,36.671933
27,bench_p26_wt,bench_p26_wt_random,0,64,0,0,64,42,31,4,32768,134217728,0,2097152,3600000000000,-1,0,usage,15955264,0,0,0,0,0,0,7708672,36.671983
26,bench_p26_wt,bench_p26_wt_random,0,64,0,0,64,42,31,2,32768,134217728,0,2097152,3600000000000,-1,0,write,15887488,1032490487,2134575,60007,1032490487,233106124,245788672,3600066212028,36.798744
26,bench_p26_wt,bench_p26_wt_random,0,64,0,0,64,42,31,2,32768,134217728,0,2097152,3600000000000,-1,0,stack,15887488,0,0,0,0,0,0,3312,36.798846
26,bench_p26_wt,bench_p26_wt_random,0,64,0,0,64,42,31,2,32768,134217728,0,2097152,3600000000000,-1,0,ctx,15887488,0,0,0,0,0,0,608,36.798902
26,bench_p26_wt,bench_p26_wt_random,0,64,0,0,64,42,31,2,32768,134217728,0,2097152,3600000000000,-1,0,heap,15887488,0,0,0,0,0,0,784,36.798950
26,bench_p26_wt,bench_p26_wt_random,0,64,0,0,64,42,31,2,32768,134217728,0,2097152,3600000000000,-1,0,usage,15887488,0,0,0,0,0,0,7741440,36.798998
28,bench_p26_wt,bench_p26_wt_random,0,64,0,0,64,42,31,8,32768,134217728,0,2097152,3600000000000,-1,0,write,15757696,1038926327,2077395,60509,1038926327,235065080,247844864,3600070872064,37.022758
28,bench_p26_wt,bench_p26_wt_random,0,64,0,0,64,42,31,8,32768,134217728,0,2097152,3600000000000,-1,0,stack,15757696,0,0,0,0,0,0,3312,37.022858
28,bench_p26_wt,bench_p26_wt_random,0,64,0,0,64,42,31,8,32768,134217728,0,2097152,3600000000000,-1,0,ctx,15757696,0,0,0,0,0,0,608,37.022913
28,bench_p26_wt,bench_p26_wt_random,0,64,0,0,64,42,31,8,32768,134217728,0,2097152,3600000000000,-1,0,heap,15757696,0,0,0,0,0,0,784,37.022977
28,bench_p26_wt,bench_p26_wt_random,0,64,0,0,64,42,31,8,32768,134217728,0,2097152,3600000000000,-1,0,usage,15757696,0,0,0,0,0,0,7778304,37.023025
25,bench_p26_wt,bench_p26_wt_random,0,64,0,0,64,42,31,1,32768,134217728,0,2097152,3600000000000,-1,0,write,15950080,1036906950,2132387,60023,1036906950,233118552,245854208,3600087605112,37.111950
25,bench_p26_wt,bench_p26_wt_random,0,64,0,0,64,42,31,1,32768,134217728,0,2097152,3600000000000,-1,0,stack,15950080,0,0,0,0,0,0,3312,37.112052
25,bench_p26_wt,bench_p26_wt_random,0,64,0,0,64,42,31,1,32768,134217728,0,2097152,3600000000000,-1,0,ctx,15950080,0,0,0,0,0,0,608,37.112108
25,bench_p26_wt,bench_p26_wt_random,0,64,0,0,64,42,31,1,32768,134217728,0,2097152,3600000000000,-1,0,heap,15950080,0,0,0,0,0,0,784,37.112156
25,bench_p26_wt,bench_p26_wt_random,0,64,0,0,64,42,31,1,32768,134217728,0,2097152,3600000000000,-1,0,usage,15950080,0,0,0,0,0,0,7729152,37.112201
29,bench_p26_wt,bench_p26_wt_random,0,64,0,0,64,42,31,16,32768,134217728,0,2097152,3600000000000,-1,0,write,15520192,1042368209,2012682,61081,1042368209,237187760,250187776,3600094626232,37.782204
29,bench_p26_wt,bench_p26_wt_random,0,64,0,0,64,42,31,16,32768,134217728,0,2097152,3600000000000,-1,0,stack,15520192,0,0,0,0,0,0,3312,37.782349
29,bench_p26_wt,bench_p26_wt_random,0,64,0,0,64,42,31,16,32768,134217728,0,2097152,3600000000000,-1,0,ctx,15520192,0,0,0,0,0,0,608,37.782422
29,bench_p26_wt,bench_p26_wt_random,0,64,0,0,64,42,31,16,32768,134217728,0,2097152,3600000000000,-1,0,heap,15520192,0,0,0,0,0,0,784,37.782475
29,bench_p26_wt,bench_p26_wt_random,0,64,0,0,64,42,31,16,32768,134217728,0,2097152,3600000000000,-1,0,usage,15520192,0,0,0,0,0,0,7766016,37.782521
30,bench_p26_wt,bench_p26_wt_random,0,64,0,0,64,42,31,32,32768,134217728,0,2097152,3600000000000,-1,0,write,14724672,1038979349,1920324,61904,1038979349,239181824,253558784,3600075831112,37.957488
30,bench_p26_wt,bench_p26_wt_random,0,64,0,0,64,42,31,32,32768,134217728,0,2097152,3600000000000,-1,0,stack,14724672,0,0,0,0,0,0,3312,37.957587
30,bench_p26_wt,bench_p26_wt_random,0,64,0,0,64,42,31,32,32768,134217728,0,2097152,3600000000000,-1,0,ctx,14724672,0,0,0,0,0,0,608,37.957640
30,bench_p26_wt,bench_p26_wt_random,0,64,0,0,64,42,31,32,32768,134217728,0,2097152,3600000000000,-1,0,heap,14724672,0,0,0,0,0,0,784,37.957688
30,bench_p26_wt,bench_p26_wt_random,0,64,0,0,64,42,31,32,32768,134217728,0,2097152,3600000000000,-1,0,usage,14724672,0,0,0,0,0,0,7782400,37.957732
31,bench_p26_wt,bench_p26_wt_random,0,64,0,0,64,42,31,64,32768,134217728,0,2097152,3600000000000,-1,0,write,13941120,1066121026,1707223,63773,1066121026,244596288,261214208,3600099184144,38.511514
31,bench_p26_wt,bench_p26_wt_random,0,64,0,0,64,42,31,64,32768,134217728,0,2097152,3600000000000,-1,0,stack,13941120,0,0,0,0,0,0,3312,38.511612
31,bench_p26_wt,bench_p26_wt_random,0,64,0,0,64,42,31,64,32768,134217728,0,2097152,3600000000000,-1,0,ctx,13941120,0,0,0,0,0,0,608,38.511664
31,bench_p26_wt,bench_p26_wt_random,0,64,0,0,64,42,31,64,32768,134217728,0,2097152,3600000000000,-1,0,heap,13941120,0,0,0,0,0,0,784,38.511711
31,bench_p26_wt,bench_p26_wt_random,0,64,0,0,64,42,31,64,32768,134217728,0,2097152,3600000000000,-1,0,usage,13941120,0,0,0,0,0,0,7766016,38.511755
32,bench_p26_wt,bench_p26_wt_random,0,64,0,0,64,42,31,128,32768,134217728,0,2097152,3600000000000,-1,0,write,12834752,1092821797,1496701,65615,1092821797,256960256,268759040,3600053907912,39.552037
32,bench_p26_wt,bench_p26_wt_random,0,64,0,0,64,42,31,128,32768,134217728,0,2097152,3600000000000,-1,0,stack,12834752,0,0,0,0,0,0,3312,39.552133
32,bench_p26_wt,bench_p26_wt_random,0,64,0,0,64,42,31,128,32768,134217728,0,2097152,3600000000000,-1,0,ctx,12834752,0,0,0,0,0,0,608,39.552183
32,bench_p26_wt,bench_p26_wt_random,0,64,0,0,64,42,31,128,32768,134217728,0,2097152,3600000000000,-1,0,heap,12834752,0,0,0,0,0,0,784,39.552227
32,bench_p26_wt,bench_p26_wt_random,0,64,0,0,64,42,31,128,32768,134217728,0,2097152,3600000000000,-1,0,usage,12834752,0,0,0,0,0,0,7741440,39.552270
33,bench_p26_wt,bench_p26_wt_random,0,64,0,0,64,42,31,256,32768,134217728,0,2097152,3600000000000,-1,0,write,9407296,1132450855,1057742,69477,1132450855,270781952,284577792,3600046705176,42.448871
33,bench_p26_wt,bench_p26_wt_random,0,64,0,0,64,42,31,256,32768,134217728,0,2097152,3600000000000,-1,0,stack,9407296,0,0,0,0,0,0,3312,42.448961
33,bench_p26_wt,bench_p26_wt_random,0,64,0,0,64,42,31,256,32768,134217728,0,2097152,3600000000000,-1,0,ctx,9407296,0,0,0,0,0,0,608,42.449005
33,bench_p26_wt,bench_p26_wt_random,0,64,0,0,64,42,31,256,32768,134217728,0,2097152,3600000000000,-1,0,heap,9407296,0,0,0,0,0,0,784,42.449042
33,bench_p26_wt,bench_p26_wt_random,0,64,0,0,64,42,31,256,32768,134217728,0,2097152,3600000000000,-1,0,usage,9407296,0,0,0,0,0,0,7729152,42.449076
34,bench_p26_wt,bench_p26_wt_random,0,64,0,0,64,42,31,512,32768,134217728,0,2097152,3600000000000,-1,0,write,5461376,986007373,1010846,70030,986007373,258776576,286842880,3600080717832,47.387378
34,bench_p26_wt,bench_p26_wt_random,0,64,0,0,64,42,31,512,32768,134217728,0,2097152,3600000000000,-1,0,stack,5461376,0,0,0,0,0,0,3248,47.387464
34,bench_p26_wt,bench_p26_wt_random,0,64,0,0,64,42,31,512,32768,134217728,0,2097152,3600000000000,-1,0,ctx,5461376,0,0,0,0,0,0,608,47.387506
34,bench_p26_wt,bench_p26_wt_random,0,64,0,0,64,42,31,512,32768,134217728,0,2097152,3600000000000,-1,0,heap,5461376,0,0,0,0,0,0,1296,47.387539
34,bench_p26_wt,bench_p26_wt_random,0,64,0,0,64,42,31,512,32768,134217728,0,2097152,3600000000000,-1,0,usage,5461376,0,0,0,0,0,0,7368704,47.387571
35,bench_p26_wt,bench_p26_wt_random,0,64,0,0,64,42,31,1024,32768,134217728,0,2097152,3600000000000,-1,0,write,2700672,754639044,917604,71077,754639044,234906624,291131392,3600177313440,61.412880
35,bench_p26_wt,bench_p26_wt_random,0,64,0,0,64,42,31,1024,32768,134217728,0,2097152,3600000000000,-1,0,stack,2700672,0,0,0,0,0,0,3328,61.412982
35,bench_p26_wt,bench_p26_wt_random,0,64,0,0,64,42,31,1024,32768,134217728,0,2097152,3600000000000,-1,0,ctx,2700672,0,0,0,0,0,0,608,61.413027
35,bench_p26_wt,bench_p26_wt_random,0,64,0,0,64,42,31,1024,32768,134217728,0,2097152,3600000000000,-1,0,heap,2700672,0,0,0,0,0,0,2320,61.413065
35,bench_p26_wt,bench_p26_wt_random,0,64,0,0,64,42,31,1024,32768,134217728,0,2097152,3600000000000,-1,0,usage,2700672,0,0,0,0,0,0,6021120,61.413101
36,bench_p26_wt,bench_p26_wt_random,0,64,0,0,64,42,31,2048,32768,134217728,0,2097152,3600000000000,-1,0,write,1476864,603847883,706096,73115,603847883,180760576,299479040,3600193879992,69.061783
36,bench_p26_wt,bench_p26_wt_random,0,64,0,0,64,42,31,2048,32768,134217728,0,2097152,3600000000000,-1,0,stack,1476864,0,0,0,0,0,0,3328,69.061880
36,bench_p26_wt,bench_p26_wt_random,0,64,0,0,64,42,31,2048,32768,134217728,0,2097152,3600000000000,-1,0,ctx,1476864,0,0,0,0,0,0,608,69.061923
36,bench_p26_wt,bench_p26_wt_random,0,64,0,0,64,42,31,2048,32768,134217728,0,2097152,3600000000000,-1,0,heap,1476864,0,0,0,0,0,0,4368,69.061960
36,bench_p26_wt,bench_p26_wt_random,0,64,0,0,64,42,31,2048,32768,134217728,0,2097152,3600000000000,-1,0,usage,1476864,0,0,0,0,0,0,4370432,69.061994
37,bench_p26_wt,bench_p26_wt_random,0,64,0,0,64,42,31,4096,32768,134217728,0,2097152,3600000000000,-1,0,write,1196608,407631784,1113920,69620,407631784,285163520,285163520,3600240390720,41.848655
37,bench_p26_wt,bench_p26_wt_random,0,64,0,0,64,42,31,4096,32768,134217728,0,2097152,3600000000000,-1,0,stack,1196608,0,0,0,0,0,0,3328,41.848729
37,bench_p26_wt,bench_p26_wt_random,0,64,0,0,64,42,31,4096,32768,134217728,0,2097152,3600000000000,-1,0,ctx,1196608,0,0,0,0,0,0,608,41.848761
37,bench_p26_wt,bench_p26_wt_random,0,64,0,0,64,42,31,4096,32768,134217728,0,2097152,3600000000000,-1,0,heap,1196608,0,0,0,0,0,0,8464,41.848787
37,bench_p26_wt,bench_p26_wt_random,0,64,0,0,64,42,31,4096,32768,134217728,0,2097152,3600000000000,-1,0,usage,1196608,0,0,0,0,0,0,3809280,41.848812
47,bench_p26_wt,bench_p26_wt_many,0,64,0,0,64,42,31,512,32768,134217728,0,2097152,3600000000000,-1,0,write,20776832,2117645381,957948,69499,2117645381,245234688,284667904,3600028685000,69.197447
47,bench_p26_wt,bench_p26_wt_many,0,64,0,0,64,42,31,512,32768,134217728,0,2097152,3600000000000,-1,0,stack,20776832,0,0,0,0,0,0,3488,69.197583
47,bench_p26_wt,bench_p26_wt_many,0,64,0,0,64,42,31,512,32768,134217728,0,2097152,3600000000000,-1,0,ctx,20776832,0,0,0,0,0,0,848,69.197644
47,bench_p26_wt,bench_p26_wt_many,0,64,0,0,64,42,31,512,32768,134217728,0,2097152,3600000000000,-1,0,heap,20776832,0,0,0,0,0,0,1296,69.197697
47,bench_p26_wt,bench_p26_wt_many,0,64,0,0,64,42,31,512,32768,134217728,0,2097152,3600000000000,-1,0,usage,20776832,0,0,0,0,0,0,32710656,69.197747
45,bench_p26_wt,bench_p26_wt_many,0,64,0,0,64,42,31,128,32768,134217728,0,2097152,3600000000000,-1,0,write,45680768,4648159873,1340772,63845,4648159873,247250944,261509120,3600043773992,78.079046
45,bench_p26_wt,bench_p26_wt_many,0,64,0,0,64,42,31,128,32768,134217728,0,2097152,3600000000000,-1,0,stack,45680768,0,0,0,0,0,0,3552,78.079152
45,bench_p26_wt,bench_p26_wt_many,0,64,0,0,64,42,31,128,32768,134217728,0,2097152,3600000000000,-1,0,ctx,45680768,0,0,0,0,0,0,848,78.079209
45,bench_p26_wt,bench_p26_wt_many,0,64,0,0,64,42,31,128,32768,134217728,0,2097152,3600000000000,-1,0,heap,45680768,0,0,0,0,0,0,784,78.079258
45,bench_p26_wt,bench_p26_wt_many,0,64,0,0,64,42,31,128,32768,134217728,0,2097152,3600000000000,-1,0,usage,45680768,0,0,0,0,0,0,32423936,78.079308
46,bench_p26_wt,bench_p26_wt_many,0,64,0,0,64,42,31,256,32768,134217728,0,2097152,3600000000000,-1,0,write,42976704,4120194914,992101,67411,4120194914,253977856,276115456,3600005164368,82.468009
46,bench_p26_wt,bench_p26_wt_many,0,64,0,0,64,42,31,256,32768,134217728,0,2097152,3600000000000,-1,0,stack,42976704,0,0,0,0,0,0,3552,82.468115
46,bench_p26_wt,bench_p26_wt_many,0,64,0,0,64,42,31,256,32768,134217728,0,2097152,3600000000000,-1,0,ctx,42976704,0,0,0,0,0,0,848,82.468170
46,bench_p26_wt,bench_p26_wt_many,0,64,0,0,64,42,31,256,32768,134217728,0,2097152,3600000000000,-1,0,heap,42976704,0,0,0,0,0,0,784,82.468218
46,bench_p26_wt,bench_p26_wt_many,0,64,0,0,64,42,31,256,32768,134217728,0,2097152,3600000000000,-1,0,usage,42976704,0,0,0,0,0,0,32202752,82.468264
48,bench_p26_wt,bench_p26_wt_many,0,64,0,0,64,42,31,1024,32768,134217728,0,2097152,3600000000000,-1,0,write,8918400,1186665332,853792,71264,1186665332,218570752,291897344,3600029764128,83.407467
48,bench_p26_wt,bench_p26_wt_many,0,64,0,0,64,42,31,1024,32768,134217728,0,2097152,3600000000000,-1,0,stack,8918400,0,0,0,0,0,0,3568,83.407574
48,bench_p26_wt,bench_p26_wt_many,0,64,0,0,64,42,31,1024,32768,134217728,0,2097152,3600000000000,-1,0,ctx,8918400,0,0,0,0,0,0,848,83.407631
48,bench_p26_wt,bench_p26_wt_many,0,64,0,0,64,42,31,1024,32768,134217728,0,2097152,3600000000000,-1,0,heap,8918400,0,0,0,0,0,0,2320,83.407683
48,bench_p26_wt,bench_p26_wt_many,0,64,0,0,64,42,31,1024,32768,134217728,0,2097152,3600000000000,-1,0,usage,8918400,0,0,0,0,0,0,32153600,83.407735
40,bench_p26_wt,bench_p26_wt_many,0,64,0,0,64,42,31,4,32768,134217728,0,2097152,3600000000000,-1,0,write,64012864,6195531199,1865143,57816,6195531199,223975988,236814336,3600015025332,89.643797
40,bench_p26_wt,bench_p26_wt_many,0,64,0,0,64,42,31,4,32768,134217728,0,2097152,3600000000000,-1,0,stack,64012864,0,0,0,0,0,0,3552,89.643904
40,bench_p26_wt,bench_p26_wt_many,0,64,0,0,64,42,31,4,32768,134217728,0,2097152,3600000000000,-1,0,ctx,64012864,0,0,0,0,0,0,848,89.643957
40,bench_p26_wt,bench_p26_wt_many,0,64,0,0,64,42,31,4,32768,134217728,0,2097152,3600000000000,-1,0,heap,64012864,0,0,0,0,0,0,784,89.644004
40,bench_p26_wt,bench_p26_wt_many,0,64,0,0,64,42,31,4,32768,134217728,0,2097152,3600000000000,-1,0,usage,64012864,0,0,0,0,0,0,32030720,89.644048
44,bench_p26_wt,bench_p26_wt_many,0,64,0,0,64,42,31,64,32768,134217728,0,2097152,3600000000000,-1,0,write,57586432,5474709727,1576863,61015,5474709727,237110592,249917440,3600033524632,90.709002
44,bench_p26_wt,bench_p26_wt_many,0,64,0,0,64,42,31,64,32768,134217728,0,2097152,3600000000000,-1,0,stack,57586432,0,0,0,0,0,0,3552,90.709102
44,bench_p26_wt,bench_p26_wt_many,0,64,0,0,64,42,31,64,32768,134217728,0,2097152,3600000000000,-1,0,ctx,57586432,0,0,0,0,0,0,848,90.709173
44,bench_p26_wt,bench_p26_wt_many,0,64,0,0,64,42,31,64,32768,134217728,0,2097152,3600000000000,-1,0,heap,57586432,0,0,0,0,0,0,784,90.709246
44,bench_p26_wt,bench_p26_wt_many,0,64,0,0,64,42,31,64,32768,134217728,0,2097152,3600000000000,-1,0,usage,57586432,0,0,0,0,0,0,32374784,90.709297
42,bench_p26_wt,bench_p26_wt_many,0,64,0,0,64,42,31,16,32768,134217728,0,2097152,3600000000000,-1,0,write,62869120,6047697992,1811094,58427,6047697992,227636224,239316992,3600038902080,91.025031
42,bench_p26_wt,bench_p26_wt_many,0,64,0,0,64,42,31,16,32768,134217728,0,2097152,3600000000000,-1,0,stack,62869120,0,0,0,0,0,0,3552,91.025127
42,bench_p26_wt,bench_p26_wt_many,0,64,0,0,64,42,31,16,32768,134217728,0,2097152,3600000000000,-1,0,ctx,62869120,0,0,0,0,0,0,848,91.025180
42,bench_p26_wt,bench_p26_wt_many,0,64,0,0,64,42,31,16,32768,134217728,0,2097152,3600000000000,-1,0,heap,62869120,0,0,0,0,0,0,784,91.025227
42,bench_p26_wt,bench_p26_wt_many,0,64,0,0,64,42,31,16,32768,134217728,0,2097152,3600000000000,-1,0,usage,62869120,0,0,0,0,0,0,32219136,91.025271
43,bench_p26_wt,bench_p26_wt_many,0,64,0,0,64,42,31,32,32768,134217728,0,2097152,3600000000000,-1,0,write,62070080,5960623214,1730674,59218,5960623214,229501760,242556928,3600006999280,91.778476
43,bench_p26_wt,bench_p26_wt_many,0,64,0,0,64,42,31,32,32768,134217728,0,2097152,3600000000000,-1,0,stack,62070080,0,0,0,0,0,0,3552,91.778550
43,bench_p26_wt,bench_p26_wt_many,0,64,0,0,64,42,31,32,32768,134217728,0,2097152,3600000000000,-1,0,ctx,62070080,0,0,0,0,0,0,848,91.778585
43,bench_p26_wt,bench_p26_wt_many,0,64,0,0,64,42,31,32,32768,134217728,0,2097152,3600000000000,-1,0,heap,62070080,0,0,0,0,0,0,784,91.778613
43,bench_p26_wt,bench_p26_wt_many,0,64,0,0,64,42,31,32,32768,134217728,0,2097152,3600000000000,-1,0,usage,62070080,0,0,0,0,0,0,32239616,91.778639
38,bench_p26_wt,bench_p26_wt_many,0,64,0,0,64,42,31,1,32768,134217728,0,2097152,3600000000000,-1,0,write,64469056,6246651551,1883424,57608,6246651551,223242130,235962368,3600000915630,92.953340
38,bench_p26_wt,bench_p26_wt_many,0,64,0,0,64,42,31,1,32768,134217728,0,2097152,3600000000000,-1,0,stack,64469056,0,0,0,0,0,0,3552,92.953423
38,bench_p26_wt,bench_p26_wt_many,0,64,0,0,64,42,31,1,32768,134217728,0,2097152,3600000000000,-1,0,ctx,64469056,0,0,0,0,0,0,848,92.953465
38,bench_p26_wt,bench_p26_wt_many,0,64,0,0,64,42,31,1,32768,134217728,0,2097152,3600000000000,-1,0,heap,64469056,0,0,0,0,0,0,784,92.953500
38,bench_p26_wt,bench_p26_wt_many,0,64,0,0,64,42,31,1,32768,134217728,0,2097152,3600000000000,-1,0,usage,64469056,0,0,0,0,0,0,31956992,92.953532
41,bench_p26_wt,bench_p26_wt_many,0,64,0,0,64,42,31,8,32768,134217728,0,2097152,3600000000000,-1,0,write,63783104,6147477401,1854108,57956,6147477401,225442464,237387776,3600005135816,94.667732
41,bench_p26_wt,bench_p26_wt_many,0,64,0,0,64,42,31,8,32768,134217728,0,2097152,3600000000000,-1,0,stack,63783104,0,0,0,0,0,0,3552,94.667816
41,bench_p26_wt,bench_p26_wt_many,0,64,0,0,64,42,31,8,32768,134217728,0,2097152,3600000000000,-1,0,ctx,63783104,0,0,0,0,0,0,848,94.667857
41,bench_p26_wt,bench_p26_wt_many,0,64,0,0,64,42,31,8,32768,134217728,0,2097152,3600000000000,-1,0,heap,63783104,0,0,0,0,0,0,784,94.667890
41,bench_p26_wt,bench_p26_wt_many,0,64,0,0,64,42,31,8,32768,134217728,0,2097152,3600000000000,-1,0,usage,63783104,0,0,0,0,0,0,32247808,94.667922
39,bench_p26_wt,bench_p26_wt_many,0,64,0,0,64,42,31,2,32768,134217728,0,2097152,3600000000000,-1,0,write,64374016,6258573935,1878650,57640,6258573935,223260200,236093440,3600007900240,94.906879
39,bench_p26_wt,bench_p26_wt_many,0,64,0,0,64,42,31,2,32768,134217728,0,2097152,3600000000000,-1,0,stack,64374016,0,0,0,0,0,0,3552,94.906957
39,bench_p26_wt,bench_p26_wt_many,0,64,0,0,64,42,31,2,32768,134217728,0,2097152,3600000000000,-1,0,ctx,64374016,0,0,0,0,0,0,848,94.906997
39,bench_p26_wt,bench_p26_wt_many,0,64,0,0,64,42,31,2,32768,134217728,0,2097152,3600000000000,-1,0,heap,64374016,0,0,0,0,0,0,784,94.907027
39,bench_p26_wt,bench_p26_wt_many,0,64,0,0,64,42,31,2,32768,134217728,0,2097152,3600000000000,-1,0,usage,64374016,0,0,0,0,0,0,31993856,94.907068
49,bench_p26_wt,bench_p26_wt_many,0,64,0,0,64,42,31,2048,32768,134217728,0,2097152,3600000000000,-1,0,write,3912640,737148151,616304,73802,737148151,157773824,302292992,3600074925720,96.743739
49,bench_p26_wt,bench_p26_wt_many,0,64,0,0,64,42,31,2048,32768,134217728,0,2097152,3600000000000,-1,0,stack,3912640,0,0,0,0,0,0,3568,96.743812
49,bench_p26_wt,bench_p26_wt_many,0,64,0,0,64,42,31,2048,32768,134217728,0,2097152,3600000000000,-1,0,ctx,3912640,0,0,0,0,0,0,848,96.743847
49,bench_p26_wt,bench_p26_wt_many,0,64,0,0,64,42,31,2048,32768,134217728,0,2097152,3600000000000,-1,0,heap,3912640,0,0,0,0,0,0,4368,96.743876
49,bench_p26_wt,bench_p26_wt_many,0,64,0,0,64,42,31,2048,32768,134217728,0,2097152,3600000000000,-1,0,usage,3912640,0,0,0,0,0,0,27320320,96.743902
50,bench_p26_wt,bench_p26_wt_many,0,64,0,0,64,42,31,4096,32768,134217728,0,2097152,3600000000000,-1,0,write,2734784,746940703,1109632,69352,746940703,284065792,284065792,3600016501976,38.092299
50,bench_p26_wt,bench_p26_wt_many,0,64,0,0,64,42,31,4096,32768,134217728,0,2097152,3600000000000,-1,0,stack,2734784,0,0,0,0,0,0,3568,38.092371
50,bench_p26_wt,bench_p26_wt_many,0,64,0,0,64,42,31,4096,32768,134217728,0,2097152,3600000000000,-1,0,ctx,2734784,0,0,0,0,0,0,848,38.092402
50,bench_p26_wt,bench_p26_wt_many,0,64,0,0,64,42,31,4096,32768,134217728,0,2097152,3600000000000,-1,0,heap,2734784,0,0,0,0,0,0,8464,38.092427
50,bench_p26_wt,bench_p26_wt_many,0,64,0,0,64,42,31,4096,32768,134217728,0,2097152,3600000000000,-1,0,usage,2734784,0,0,0,0,0,0,23277568,38.092452
53,bench_p26_wt,bench_p26_wt_logging,0,64,0,0,64,42,31,4,32768,134217728,0,2097152,3600000000000,-1,0,write,8503680,972807687,2268609,58873,972807687,218616724,241143808,3600005881876,36.410527
53,bench_p26_wt,bench_p26_wt_logging,0,64,0,0,64,42,31,4,32768,134217728,0,2097152,3600000000000,-1,0,stack,8503680,0,0,0,0,0,0,3328,36.410652
53,bench_p26_wt,bench_p26_wt_logging,0,64,0,0,64,42,31,4,32768,134217728,0,2097152,3600000000000,-1,0,ctx,8503680,0,0,0,0,0,0,624,36.410712
53,bench_p26_wt,bench_p26_wt_logging,0,64,0,0,64,42,31,4,32768,134217728,0,2097152,3600000000000,-1,0,heap,8503680,0,0,0,0,0,0,784,36.410764
53,bench_p26_wt,bench_p26_wt_logging,0,64,0,0,64,42,31,4,32768,134217728,0,2097152,3600000000000,-1,0,usage,8503680,0,0,0,0,0,0,7630848,36.410811
52,bench_p26_wt,bench_p26_wt_logging,0,64,0,0,64,42,31,2,32768,134217728,0,2097152,3600000000000,-1,0,write,8538560,972867333,2270647,58856,972867333,217983398,241074176,3600046718234,36.694829
52,bench_p26_wt,bench_p26_wt_logging,0,64,0,0,64,42,31,2,32768,134217728,0,2097152,3600000000000,-1,0,stack,8538560,0,0,0,0,0,0,3328,36.694935
52,bench_p26_wt,bench_p26_wt_logging,0,64,0,0,64,42,31,2,32768,134217728,0,2097152,3600000000000,-1,0,ctx,8538560,0,0,0,0,0,0,624,36.694993
52,bench_p26_wt,bench_p26_wt_logging,0,64,0,0,64,42,31,2,32768,134217728,0,2097152,3600000000000,-1,0,heap,8538560,0,0,0,0,0,0,784,36.695043
52,bench_p26_wt,bench_p26_wt_logging,0,64,0,0,64,42,31,2,32768,134217728,0,2097152,3600000000000,-1,0,usage,8538560,0,0,0,0,0,0,7622656,36.695091
54,bench_p26_wt,bench_p26_wt_logging,0,64,0,0,64,42,31,8,32768,134217728,0,2097152,3600000000000,-1,0,write,8452480,975374203,2233047,59186,975374203,220556288,242425856,3600000621624,36.694708
54,bench_p26_wt,bench_p26_wt_logging,0,64,0,0,64,42,31,8,32768,134217728,0,2097152,3600000000000,-1,0,stack,8452480,0,0,0,0,0,0,3328,36.694786
54,bench_p26_wt,bench_p26_wt_logging,0,64,0,0,64,42,31,8,32768,134217728,0,2097152,3600000000000,-1,0,ctx,8452480,0,0,0,0,0,0,624,36.694840
54,bench_p26_wt,bench_p26_wt_logging,0,64,0,0,64,42,31,8,32768,134217728,0,2097152,3600000000000,-1,0,heap,8452480,0,0,0,0,0,0,784,36.694887
54,bench_p26_wt,bench_p26_wt_logging,0,64,0,0,64,42,31,8,32768,134217728,0,2097152,3600000000000,-1,0,usage,8452480,0,0,0,0,0,0,7634944,36.694933
55,bench_p26_wt,bench_p26_wt_logging,0,64,0,0,64,42,31,16,32768,134217728,0,2097152,3600000000000,-1,0,write,8304896,972381447,2185705,59609,972381447,222543216,244158464,3600010234728,36.822156
55,bench_p26_wt,bench_p26_wt_logging,0,64,0,0,64,42,31,16,32768,134217728,0,2097152,3600000000000,-1,0,stack,8304896,0,0,0,0,0,0,3328,36.822269
55,bench_p26_wt,bench_p26_wt_logging,0,64,0,0,64,42,31,16,32768,134217728,0,2097152,3600000000000,-1,0,ctx,8304896,0,0,0,0,0,0,624,36.822325
55,bench_p26_wt,bench_p26_wt_logging,0,64,0,0,64,42,31,16,32768,134217728,0,2097152,3600000000000,-1,0,heap,8304896,0,0,0,0,0,0,784,36.822373
55,bench_p26_wt,bench_p26_wt_logging,0,64,0,0,64,42,31,16,32768,134217728,0,2097152,3600000000000,-1,0,usage,8304896,0,0,0,0,0,0,7680000,36.822418
51,bench_p26_wt,bench_p26_wt_logging,0,64,0,0,64,42,31,1,32768,134217728,0,2097152,3600000000000,-1,0,write,8541184,972615713,2286635,58714,972615713,217440757,240492544,3600033780567,36.847149
51,bench_p26_wt,bench_p26_wt_logging,0,64,0,0,64,42,31,1,32768,134217728,0,2097152,3600000000000,-1,0,stack,8541184,0,0,0,0,0,0,3328,36.847229
51,bench_p26_wt,bench_p26_wt_logging,0,64,0,0,64,42,31,1,32768,134217728,0,2097152,3600000000000,-1,0,ctx,8541184,0,0,0,0,0,0,624,36.847282
51,bench_p26_wt,bench_p26_wt_logging,0,64,0,0,64,42,31,1,32768,134217728,0,2097152,3600000000000,-1,0,heap,8541184,0,0,0,0,0,0,784,36.847330
51,bench_p26_wt,bench_p26_wt_logging,0,64,0,0,64,42,31,1,32768,134217728,0,2097152,3600000000000,-1,0,usage,8541184,0,0,0,0,0,0,7614464,36.847376
57,bench_p26_wt,bench_p26_wt_logging,0,64,0,0,64,42,31,64,32768,134217728,0,2097152,3600000000000,-1,0,write,7524736,976369818,1871674,62393,976369818,236020608,255561728,3600049502352,37.726777
57,bench_p26_wt,bench_p26_wt_logging,0,64,0,0,64,42,31,64,32768,134217728,0,2097152,3600000000000,-1,0,stack,7524736,0,0,0,0,0,0,3328,37.726886
57,bench_p26_wt,bench_p26_wt_logging,0,64,0,0,64,42,31,64,32768,134217728,0,2097152,3600000000000,-1,0,ctx,7524736,0,0,0,0,0,0,624,37.735192
57,bench_p26_wt,bench_p26_wt_logging,0,64,0,0,64,42,31,64,32768,134217728,0,2097152,3600000000000,-1,0,heap,7524736,0,0,0,0,0,0,784,37.735264
57,bench_p26_wt,bench_p26_wt_logging,0,64,0,0,64,42,31,64,32768,134217728,0,2097152,3600000000000,-1,0,usage,7524736,0,0,0,0,0,0,8429568,37.735311
56,bench_p26_wt,bench_p26_wt_logging,0,64,0,0,64,42,31,32,32768,134217728,0,2097152,3600000000000,-1,0,write,8024768,971876014,2061106,60714,971876014,231036448,248684544,3600019355024,37.997917
56,bench_p26_wt,bench_p26_wt_logging,0,64,0,0,64,42,31,32,32768,134217728,0,2097152,3600000000000,-1,0,stack,8024768,0,0,0,0,0,0,3328,37.998020
56,bench_p26_wt,bench_p26_wt_logging,0,64,0,0,64,42,31,32,32768,134217728,0,2097152,3600000000000,-1,0,ctx,8024768,0,0,0,0,0,0,624,37.998074
56,bench_p26_wt,bench_p26_wt_logging,0,64,0,0,64,42,31,32,32768,134217728,0,2097152,3600000000000,-1,0,heap,8024768,0,0,0,0,0,0,784,37.998118
56,bench_p26_wt,bench_p26_wt_logging,0,64,0,0,64,42,31,32,32768,134217728,0,2097152,3600000000000,-1,0,usage,8024768,0,0,0,0,0,0,8105984,37.998160
58,bench_p26_wt,bench_p26_wt_logging,0,64,0,0,64,42,31,128,32768,134217728,0,2097152,3600000000000,-1,0,write,6754048,1010291222,1510564,65572,1010291222,242911104,268582912,3600097783280,38.774283
58,bench_p26_wt,bench_p26_wt_logging,0,64,0,0,64,42,31,128,32768,134217728,0,2097152,3600000000000,-1,0,stack,6754048,0,0,0,0,0,0,3328,38.774380
58,bench_p26_wt,bench_p26_wt_logging,0,64,0,0,64,42,31,128,32768,134217728,0,2097152,3600000000000,-1,0,ctx,6754048,0,0,0,0,0,0,624,38.774430
58,bench_p26_wt,bench_p26_wt_logging,0,64,0,0,64,42,31,128,32768,134217728,0,2097152,3600000000000,-1,0,heap,6754048,0,0,0,0,0,0,784,38.774476
58,bench_p26_wt,bench_p26_wt_logging,0,64,0,0,64,42,31,128,32768,134217728,0,2097152,3600000000000,-1,0,usage,6754048,0,0,0,0,0,0,9531392,38.774518
59,bench_p26_wt,bench_p26_wt_logging,0,64,0,0,64,42,31,256,32768,134217728,0,2097152,3600000000000,-1,0,write,4556800,1069843588,1046699,71924,1069843588,267954944,294600704,3703181799072,41.454690
59,bench_p26_wt,bench_p26_wt_logging,0,64,0,0,64,42,31,256,32768,134217728,0,2097152,3600000000000,-1,0,stack,4556800,0,0,0,0,0,0,3328,41.454792
59,bench_p26_wt,bench_p26_wt_logging,0,64,0,0,64,42,31,256,32768,134217728,0,2097152,3600000000000,-1,0,ctx,4556800,0,0,0,0,0,0,624,41.454854
59,bench_p26_wt,bench_p26_wt_logging,0,64,0,0,64,42,31,256,32768,134217728,0,2097152,3600000000000,-1,0,heap,4556800,0,0,0,0,0,0,784,41.454901
59,bench_p26_wt,bench_p26_wt_logging,0,64,0,0,64,42,31,256,32768,134217728,0,2097152,3600000000000,-1,0,usage,4556800,0,0,0,0,0,0,9166848,41.454944
60,bench_p26_wt,bench_p26_wt_logging,0,64,0,0,64,42,31,512,32768,134217728,0,2097152,3600000000000,-1,0,write,2790784,908770798,996120,70230,908770798,255006720,287662080,3600027073840,45.584764
60,bench_p26_wt,bench_p26_wt_logging,0,64,0,0,64,42,31,512,32768,134217728,0,2097152,3600000000000,-1,0,stack,2790784,0,0,0,0,0,0,3280,45.584851
60,bench_p26_wt,bench_p26_wt_logging,0,64,0,0,64,42,31,512,32768,134217728,0,2097152,3600000000000,-1,0,ctx,2790784,0,0,0,0,0,0,624,45.584892
60,bench_p26_wt,bench_p26_wt_logging,0,64,0,0,64,42,31,512,32768,134217728,0,2097152,3600000000000,-1,0,heap,2790784,0,0,0,0,0,0,1296,45.584926
60,bench_p26_wt,bench_p26_wt_logging,0,64,0,0,64,42,31,512,32768,134217728,0,2097152,3600000000000,-1,0,usage,2790784,0,0,0,0,0,0,9162752,45.584957
61,bench_p26_wt,bench_p26_wt_logging,0,64,0,0,64,42,31,1024,32768,134217728,0,2097152,3600000000000,-1,0,write,1648192,730152352,919936,71076,730152352,235503616,291127296,3600097288448,60.290128
61,bench_p26_wt,bench_p26_wt_logging,0,64,0,0,64,42,31,1024,32768,134217728,0,2097152,3600000000000,-1,0,stack,1648192,0,0,0,0,0,0,3344,60.290213
61,bench_p26_wt,bench_p26_wt_logging,0,64,0,0,64,42,31,1024,32768,134217728,0,2097152,3600000000000,-1,0,ctx,1648192,0,0,0,0,0,0,624,60.290251
61,bench_p26_wt,bench_p26_wt_logging,0,64,0,0,64,42,31,1024,32768,134217728,0,2097152,3600000000000,-1,0,heap,1648192,0,0,0,0,0,0,2320,60.290281
61,bench_p26_wt,bench_p26_wt_logging,0,64,0,0,64,42,31,1024,32768,134217728,0,2097152,3600000000000,-1,0,usage,1648192,0,0,0,0,0,0,7118848,60.290310
62,bench_p26_wt,bench_p26_wt_logging,0,64,0,0,64,42,31,2048,32768,134217728,0,2097152,3600000000000,-1,0,write,890688,551787634,762320,72653,551787634,195153920,297586688,3600092361168,68.848217
62,bench_p26_wt,bench_p26_wt_logging,0,64,0,0,64,42,31,2048,32768,134217728,0,2097152,3600000000000,-1,0,stack,890688,0,0,0,0,0,0,3344,68.848295
62,bench_p26_wt,bench_p26_wt_logging,0,64,0,0,64,42,31,2048,32768,134217728,0,2097152,3600000000000,-1,0,ctx,890688,0,0,0,0,0,0,624,68.848330
62,bench_p26_wt,bench_p26_wt_logging,0,64,0,0,64,42,31,2048,32768,134217728,0,2097152,3600000000000,-1,0,heap,890688,0,0,0,0,0,0,4368,68.848360
62,bench_p26_wt,bench_p26_wt_logging,0,64,0,0,64,42,31,2048,32768,134217728,0,2097152,3600000000000,-1,0,usage,890688,0,0,0,0,0,0,3850240,68.848386
63,bench_p26_wt,bench_p26_wt_logging,0,64,0,0,64,42,31,4096,32768,134217728,0,2097152,3600000000000,-1,0,write,681216,339137673,1114736,69671,339137673,285372416,285372416,3600126031208,41.002971
63,bench_p26_wt,bench_p26_wt_logging,0,64,0,0,64,42,31,4096,32768,134217728,0,2097152,3600000000000,-1,0,stack,681216,0,0,0,0,0,0,3344,41.003042
63,bench_p26_wt,bench_p26_wt_logging,0,64,0,0,64,42,31,4096,32768,134217728,0,2097152,3600000000000,-1,0,ctx,681216,0,0,0,0,0,0,624,41.003073
63,bench_p26_wt,bench_p26_wt_logging,0,64,0,0,64,42,31,4096,32768,134217728,0,2097152,3600000000000,-1,0,heap,681216,0,0,0,0,0,0,8464,41.003099
63,bench_p26_wt,bench_p26_wt_logging,0,64,0,0,64,42,31,4096,32768,134217728,0,2097152,3600000000000,-1,0,usage,681216,0,0,0,0,0,0,2961408,41.003122
