i,suite,case,SIZE,NO_SET,BLOCK_SIZE,SKIP_WARMUP,CHUNK,FS,SEED,FILE_COUNT,SIM_SIZE,FILE_SIZE,DISK_SIZE,SIM_TIME,DISK_GEOMETRY,NO_FRUNCATE,probe,n,bench_reads,bench_progs,bench_erases,bench_readed,bench_progged,bench_erased,bench_simtime,bench_runtime
17,bench_p26_wt,bench_p26_wt_linear,2097152,0,131072,0,64,3,42,32768,0,64,134217728,3600000000000,0,0,write,246292544,53575723,1294887,68352,53575723,279272704,279969792,3601317890744,3.954687
17,bench_p26_wt,bench_p26_wt_linear,2097152,0,131072,0,64,3,42,32768,0,64,134217728,3600000000000,0,0,stack,246292544,0,0,0,0,0,0,3296,3.954870
17,bench_p26_wt,bench_p26_wt_linear,2097152,0,131072,0,64,3,42,32768,0,64,134217728,3600000000000,0,0,ctx,246292544,0,0,0,0,0,0,624,3.954913
17,bench_p26_wt,bench_p26_wt_linear,2097152,0,131072,0,64,3,42,32768,0,64,134217728,3600000000000,0,0,heap,246292544,0,0,0,0,0,0,784,3.954956
17,bench_p26_wt,bench_p26_wt_linear,2097152,0,131072,0,64,3,42,32768,0,64,134217728,3600000000000,0,0,usage,246292544,0,0,0,0,0,0,1703936,3.954999
14,bench_p26_wt,bench_p26_wt_linear,2097152,0,16384,0,64,3,42,32768,0,64,134217728,3600000000000,0,0,write,250905664,90968455,1260821,68596,90968455,280273492,280969216,3600181526612,4.213430
14,bench_p26_wt,bench_p26_wt_linear,2097152,0,16384,0,64,3,42,32768,0,64,134217728,3600000000000,0,0,stack,250905664,0,0,0,0,0,0,3296,4.213574
14,bench_p26_wt,bench_p26_wt_linear,2097152,0,16384,0,64,3,42,32768,0,64,134217728,3600000000000,0,0,ctx,250905664,0,0,0,0,0,0,624,4.213616
14,bench_p26_wt,bench_p26_wt_linear,2097152,0,16384,0,64,3,42,32768,0,64,134217728,3600000000000,0,0,heap,250905664,0,0,0,0,0,0,784,4.213655
14,bench_p26_wt,bench_p26_wt_linear,2097152,0,16384,0,64,3,42,32768,0,64,134217728,3600000000000,0,0,usage,250905664,0,0,0,0,0,0,1458176,4.213693
12,bench_p26_wt,bench_p26_wt_linear,2097152,0,4096,0,64,3,42,32768,0,64,134217728,3600000000000,0,0,write,258715968,86387406,1200116,69140,86387406,276470753,283197440,3600115531235,4.544305
12,bench_p26_wt,bench_p26_wt_linear,2097152,0,4096,0,64,3,42,32768,0,64,134217728,3600000000000,0,0,stack,258715968,0,0,0,0,0,0,3312,4.544395
12,bench_p26_wt,bench_p26_wt_linear,2097152,0,4096,0,64,3,42,32768,0,64,134217728,3600000000000,0,0,ctx,258715968,0,0,0,0,0,0,624,4.544436
12,bench_p26_wt,bench_p26_wt_linear,2097152,0,4096,0,64,3,42,32768,0,64,134217728,3600000000000,0,0,heap,258715968,0,0,0,0,0,0,784,4.544472
12,bench_p26_wt,bench_p26_wt_linear,2097152,0,4096,0,64,3,42,32768,0,64,134217728,3600000000000,0,0,usage,258715968,0,0,0,0,0,0,823296,4.544506
20,bench_p26_wt,bench_p26_wt_linear,2097152,0,1048576,0,64,3,42,32768,0,64,134217728,3600000000000,0,0,write,244383808,58644376,1298606,68352,58644376,279113327,279969792,3603005684733,5.750809
20,bench_p26_wt,bench_p26_wt_linear,2097152,0,1048576,0,64,3,42,32768,0,64,134217728,3600000000000,0,0,stack,244383808,0,0,0,0,0,0,3296,5.750897
20,bench_p26_wt,bench_p26_wt_linear,2097152,0,1048576,0,64,3,42,32768,0,64,134217728,3600000000000,0,0,ctx,244383808,0,0,0,0,0,0,624,5.750938
20,bench_p26_wt,bench_p26_wt_linear,2097152,0,1048576,0,64,3,42,32768,0,64,134217728,3600000000000,0,0,heap,244383808,0,0,0,0,0,0,784,5.750974
20,bench_p26_wt,bench_p26_wt_linear,2097152,0,1048576,0,64,3,42,32768,0,64,134217728,3600000000000,0,0,usage,244383808,0,0,0,0,0,0,5242880,5.751008
18,bench_p26_wt,bench_p26_wt_linear,2097152,0,262144,0,64,3,42,32768,0,64,134217728,3600000000000,0,0,write,244593728,56571570,1295765,68352,56571570,279149287,279969792,3601786692085,5.775070
18,bench_p26_wt,bench_p26_wt_linear,2097152,0,262144,0,64,3,42,32768,0,64,134217728,3600000000000,0,0,stack,244593728,0,0,0,0,0,0,3296,5.775137
18,bench_p26_wt,bench_p26_wt_linear,2097152,0,262144,0,64,3,42,32768,0,64,134217728,3600000000000,0,0,ctx,244593728,0,0,0,0,0,0,624,5.775173
18,bench_p26_wt,bench_p26_wt_linear,2097152,0,262144,0,64,3,42,32768,0,64,134217728,3600000000000,0,0,heap,244593728,0,0,0,0,0,0,784,5.775207
18,bench_p26_wt,bench_p26_wt_linear,2097152,0,262144,0,64,3,42,32768,0,64,134217728,3600000000000,0,0,usage,244593728,0,0,0,0,0,0,2621440,5.775239
15,bench_p26_wt,bench_p26_wt_linear,2097152,0,32768,0,64,3,42,32768,0,64,134217728,3600000000000,0,0,write,248163136,73079998,1277961,68456,73079998,279210570,280395776,3600004174894,5.881113
15,bench_p26_wt,bench_p26_wt_linear,2097152,0,32768,0,64,3,42,32768,0,64,134217728,3600000000000,0,0,stack,248163136,0,0,0,0,0,0,3312,5.881187
15,bench_p26_wt,bench_p26_wt_linear,2097152,0,32768,0,64,3,42,32768,0,64,134217728,3600000000000,0,0,ctx,248163136,0,0,0,0,0,0,624,5.881217
15,bench_p26_wt,bench_p26_wt_linear,2097152,0,32768,0,64,3,42,32768,0,64,134217728,3600000000000,0,0,heap,248163136,0,0,0,0,0,0,784,5.881242
15,bench_p26_wt,bench_p26_wt_linear,2097152,0,32768,0,64,3,42,32768,0,64,134217728,3600000000000,0,0,usage,248163136,0,0,0,0,0,0,884736,5.881270
19,bench_p26_wt,bench_p26_wt_linear,2097152,0,524288,0,64,3,42,32768,0,64,134217728,3600000000000,0,0,write,244875328,56684670,1298994,68352,56684670,279488449,279969792,3603089673475,5.942933
19,bench_p26_wt,bench_p26_wt_linear,2097152,0,524288,0,64,3,42,32768,0,64,134217728,3600000000000,0,0,stack,244875328,0,0,0,0,0,0,3296,5.943012
19,bench_p26_wt,bench_p26_wt_linear,2097152,0,524288,0,64,3,42,32768,0,64,134217728,3600000000000,0,0,ctx,244875328,0,0,0,0,0,0,624,5.943047
19,bench_p26_wt,bench_p26_wt_linear,2097152,0,524288,0,64,3,42,32768,0,64,134217728,3600000000000,0,0,heap,244875328,0,0,0,0,0,0,784,5.943077
19,bench_p26_wt,bench_p26_wt_linear,2097152,0,524288,0,64,3,42,32768,0,64,134217728,3600000000000,0,0,usage,244875328,0,0,0,0,0,0,3670016,5.943104
16,bench_p26_wt,bench_p26_wt_linear,2097152,0,65536,0,64,3,42,32768,0,64,134217728,3600000000000,0,0,write,247074880,56415816,1290058,68368,56415816,279454486,280035328,3600222708706,5.964838
16,bench_p26_wt,bench_p26_wt_linear,2097152,0,65536,0,64,3,42,32768,0,64,134217728,3600000000000,0,0,stack,247074880,0,0,0,0,0,0,3312,5.964898
16,bench_p26_wt,bench_p26_wt_linear,2097152,0,65536,0,64,3,42,32768,0,64,134217728,3600000000000,0,0,ctx,247074880,0,0,0,0,0,0,624,5.964932
16,bench_p26_wt,bench_p26_wt_linear,2097152,0,65536,0,64,3,42,32768,0,64,134217728,3600000000000,0,0,heap,247074880,0,0,0,0,0,0,784,5.964960
16,bench_p26_wt,bench_p26_wt_linear,2097152,0,65536,0,64,3,42,32768,0,64,134217728,3600000000000,0,0,usage,247074880,0,0,0,0,0,0,2097152,5.964985
13,bench_p26_wt,bench_p26_wt_linear,2097152,0,8192,0,64,3,42,32768,0,64,134217728,3600000000000,0,0,write,251314496,130547658,1259361,68572,130547658,277667939,280870912,3600051034601,6.303451
13,bench_p26_wt,bench_p26_wt_linear,2097152,0,8192,0,64,3,42,32768,0,64,134217728,3600000000000,0,0,stack,251314496,0,0,0,0,0,0,3264,6.303518
13,bench_p26_wt,bench_p26_wt_linear,2097152,0,8192,0,64,3,42,32768,0,64,134217728,3600000000000,0,0,ctx,251314496,0,0,0,0,0,0,624,6.303546
13,bench_p26_wt,bench_p26_wt_linear,2097152,0,8192,0,64,3,42,32768,0,64,134217728,3600000000000,0,0,heap,251314496,0,0,0,0,0,0,784,6.303571
13,bench_p26_wt,bench_p26_wt_linear,2097152,0,8192,0,64,3,42,32768,0,64,134217728,3600000000000,0,0,usage,251314496,0,0,0,0,0,0,1826816,6.303592
29,bench_p26_wt,bench_p26_wt_random,2097152,0,1048576,0,64,3,42,32768,0,64,134217728,3600000000000,0,0,write,885760,112719720,661160,74240,112719720,93463119,304087040,3611533437981,4.605405
29,bench_p26_wt,bench_p26_wt_random,2097152,0,1048576,0,64,3,42,32768,0,64,134217728,3600000000000,0,0,stack,885760,0,0,0,0,0,0,3312,4.605513
29,bench_p26_wt,bench_p26_wt_random,2097152,0,1048576,0,64,3,42,32768,0,64,134217728,3600000000000,0,0,ctx,885760,0,0,0,0,0,0,608,4.613811
29,bench_p26_wt,bench_p26_wt_random,2097152,0,1048576,0,64,3,42,32768,0,64,134217728,3600000000000,0,0,heap,885760,0,0,0,0,0,0,784,4.613873
29,bench_p26_wt,bench_p26_wt_random,2097152,0,1048576,0,64,3,42,32768,0,64,134217728,3600000000000,0,0,usage,885760,0,0,0,0,0,0,8388608,4.613922
26,bench_p26_wt,bench_p26_wt_random,2097152,0,131072,0,64,3,42,32768,0,64,134217728,3600000000000,0,0,write,2860480,368889785,1647188,64960,368889785,212586221,266076160,3600993463423,4.653825
26,bench_p26_wt,bench_p26_wt_random,2097152,0,131072,0,64,3,42,32768,0,64,134217728,3600000000000,0,0,stack,2860480,0,0,0,0,0,0,3248,4.653899
26,bench_p26_wt,bench_p26_wt_random,2097152,0,131072,0,64,3,42,32768,0,64,134217728,3600000000000,0,0,ctx,2860480,0,0,0,0,0,0,608,4.653963
26,bench_p26_wt,bench_p26_wt_random,2097152,0,131072,0,64,3,42,32768,0,64,134217728,3600000000000,0,0,heap,2860480,0,0,0,0,0,0,784,4.654009
26,bench_p26_wt,bench_p26_wt_random,2097152,0,131072,0,64,3,42,32768,0,64,134217728,3600000000000,0,0,usage,2860480,0,0,0,0,0,0,5767168,4.654049
28,bench_p26_wt,bench_p26_wt_random,2097152,0,524288,0,64,3,42,32768,0,64,134217728,3600000000000,0,0,write,1482624,178572435,1075132,70400,178572435,146052334,288358400,3608013691042,5.088104
28,bench_p26_wt,bench_p26_wt_random,2097152,0,524288,0,64,3,42,32768,0,64,134217728,3600000000000,0,0,stack,1482624,0,0,0,0,0,0,3280,5.088233
28,bench_p26_wt,bench_p26_wt_random,2097152,0,524288,0,64,3,42,32768,0,64,134217728,3600000000000,0,0,ctx,1482624,0,0,0,0,0,0,608,5.088285
28,bench_p26_wt,bench_p26_wt_random,2097152,0,524288,0,64,3,42,32768,0,64,134217728,3600000000000,0,0,heap,1482624,0,0,0,0,0,0,784,5.088331
28,bench_p26_wt,bench_p26_wt_random,2097152,0,524288,0,64,3,42,32768,0,64,134217728,3600000000000,0,0,usage,1482624,0,0,0,0,0,0,6815744,5.088373
25,bench_p26_wt,bench_p26_wt_random,2097152,0,65536,0,64,3,42,32768,0,64,134217728,3600000000000,0,0,write,3617408,423093199,1749817,64016,423093199,221706529,262209536,3601920891083,5.262921
25,bench_p26_wt,bench_p26_wt_random,2097152,0,65536,0,64,3,42,32768,0,64,134217728,3600000000000,0,0,stack,3617408,0,0,0,0,0,0,3248,5.263017
25,bench_p26_wt,bench_p26_wt_random,2097152,0,65536,0,64,3,42,32768,0,64,134217728,3600000000000,0,0,ctx,3617408,0,0,0,0,0,0,608,5.263066
25,bench_p26_wt,bench_p26_wt_random,2097152,0,65536,0,64,3,42,32768,0,64,134217728,3600000000000,0,0,heap,3617408,0,0,0,0,0,0,784,5.263111
25,bench_p26_wt,bench_p26_wt_random,2097152,0,65536,0,64,3,42,32768,0,64,134217728,3600000000000,0,0,usage,3617408,0,0,0,0,0,0,4849664,5.263153
27,bench_p26_wt,bench_p26_wt_random,2097152,0,262144,0,64,3,42,32768,0,64,134217728,3600000000000,0,0,write,2206656,260719915,1395698,67392,260719915,188581132,276037632,3605019112604,5.833191
27,bench_p26_wt,bench_p26_wt_random,2097152,0,262144,0,64,3,42,32768,0,64,134217728,3600000000000,0,0,stack,2206656,0,0,0,0,0,0,3280,5.833282
27,bench_p26_wt,bench_p26_wt_random,2097152,0,262144,0,64,3,42,32768,0,64,134217728,3600000000000,0,0,ctx,2206656,0,0,0,0,0,0,608,5.833325
27,bench_p26_wt,bench_p26_wt_random,2097152,0,262144,0,64,3,42,32768,0,64,134217728,3600000000000,0,0,heap,2206656,0,0,0,0,0,0,784,5.833360
27,bench_p26_wt,bench_p26_wt_random,2097152,0,262144,0,64,3,42,32768,0,64,134217728,3600000000000,0,0,usage,2206656,0,0,0,0,0,0,4456448,5.833392
23,bench_p26_wt,bench_p26_wt_random,2097152,0,16384,0,64,3,42,32768,0,64,134217728,3600000000000,0,0,write,5581184,535471099,1785763,63560,535471099,223603599,260341760,3600315665365,6.507169
23,bench_p26_wt,bench_p26_wt_random,2097152,0,16384,0,64,3,42,32768,0,64,134217728,3600000000000,0,0,stack,5581184,0,0,0,0,0,0,3296,6.507280
23,bench_p26_wt,bench_p26_wt_random,2097152,0,16384,0,64,3,42,32768,0,64,134217728,3600000000000,0,0,ctx,5581184,0,0,0,0,0,0,608,6.507336
23,bench_p26_wt,bench_p26_wt_random,2097152,0,16384,0,64,3,42,32768,0,64,134217728,3600000000000,0,0,heap,5581184,0,0,0,0,0,0,784,6.507385
23,bench_p26_wt,bench_p26_wt_random,2097152,0,16384,0,64,3,42,32768,0,64,134217728,3600000000000,0,0,usage,5581184,0,0,0,0,0,0,4456448,6.507430
24,bench_p26_wt,bench_p26_wt_random,2097152,0,32768,0,64,3,42,32768,0,64,134217728,3600000000000,0,0,write,4567104,461601975,1779088,63704,461601975,223411307,260931584,3601166198921,7.608273
24,bench_p26_wt,bench_p26_wt_random,2097152,0,32768,0,64,3,42,32768,0,64,134217728,3600000000000,0,0,stack,4567104,0,0,0,0,0,0,3296,7.608354
24,bench_p26_wt,bench_p26_wt_random,2097152,0,32768,0,64,3,42,32768,0,64,134217728,3600000000000,0,0,ctx,4567104,0,0,0,0,0,0,608,7.608393
24,bench_p26_wt,bench_p26_wt_random,2097152,0,32768,0,64,3,42,32768,0,64,134217728,3600000000000,0,0,heap,4567104,0,0,0,0,0,0,784,7.608424
24,bench_p26_wt,bench_p26_wt_random,2097152,0,32768,0,64,3,42,32768,0,64,134217728,3600000000000,0,0,usage,4567104,0,0,0,0,0,0,4620288,7.608464
22,bench_p26_wt,bench_p26_wt_random,2097152,0,8192,0,64,3,42,32768,0,64,134217728,3600000000000,0,0,write,6621696,710336913,1754680,63678,710336913,224610735,260825088,3600202096293,9.217000
22,bench_p26_wt,bench_p26_wt_random,2097152,0,8192,0,64,3,42,32768,0,64,134217728,3600000000000,0,0,stack,6621696,0,0,0,0,0,0,3248,9.217072
22,bench_p26_wt,bench_p26_wt_random,2097152,0,8192,0,64,3,42,32768,0,64,134217728,3600000000000,0,0,ctx,6621696,0,0,0,0,0,0,608,9.217106
22,bench_p26_wt,bench_p26_wt_random,2097152,0,8192,0,64,3,42,32768,0,64,134217728,3600000000000,0,0,heap,6621696,0,0,0,0,0,0,784,9.217134
22,bench_p26_wt,bench_p26_wt_random,2097152,0,8192,0,64,3,42,32768,0,64,134217728,3600000000000,0,0,usage,6621696,0,0,0,0,0,0,4358144,9.217160
21,bench_p26_wt,bench_p26_wt_random,2097152,0,4096,0,64,3,42,32768,0,64,134217728,3600000000000,0,0,write,7800256,843240476,2023461,61169,843240476,219014615,250548224,3600057088597,10.559229
21,bench_p26_wt,bench_p26_wt_random,2097152,0,4096,0,64,3,42,32768,0,64,134217728,3600000000000,0,0,stack,7800256,0,0,0,0,0,0,3296,10.559304
21,bench_p26_wt,bench_p26_wt_random,2097152,0,4096,0,64,3,42,32768,0,64,134217728,3600000000000,0,0,ctx,7800256,0,0,0,0,0,0,608,10.559334
21,bench_p26_wt,bench_p26_wt_random,2097152,0,4096,0,64,3,42,32768,0,64,134217728,3600000000000,0,0,heap,7800256,0,0,0,0,0,0,784,10.559358
21,bench_p26_wt,bench_p26_wt_random,2097152,0,4096,0,64,3,42,32768,0,64,134217728,3600000000000,0,0,usage,7800256,0,0,0,0,0,0,4820992,10.559381
31,bench_p26_wt,bench_p26_wt_many,2097152,0,8192,0,64,3,42,32768,0,64,134217728,3600000000000,0,0,write,60030592,9532883624,1779040,55618,9532883624,217171148,227811328,3600020563300,65.870270
31,bench_p26_wt,bench_p26_wt_many,2097152,0,8192,0,64,3,42,32768,0,64,134217728,3600000000000,0,0,stack,60030592,0,0,0,0,0,0,3488,65.870371
31,bench_p26_wt,bench_p26_wt_many,2097152,0,8192,0,64,3,42,32768,0,64,134217728,3600000000000,0,0,ctx,60030592,0,0,0,0,0,0,848,65.870422
31,bench_p26_wt,bench_p26_wt_many,2097152,0,8192,0,64,3,42,32768,0,64,134217728,3600000000000,0,0,heap,60030592,0,0,0,0,0,0,784,65.870466
31,bench_p26_wt,bench_p26_wt_many,2097152,0,8192,0,64,3,42,32768,0,64,134217728,3600000000000,0,0,usage,60030592,0,0,0,0,0,0,32161792,65.870507
30,bench_p26_wt,bench_p26_wt_many,2097152,0,4096,0,64,3,42,32768,0,64,134217728,3600000000000,0,0,write,65273856,6305946422,1881890,57569,6305946422,223237770,235802624,3600003883694,81.537942
30,bench_p26_wt,bench_p26_wt_many,2097152,0,4096,0,64,3,42,32768,0,64,134217728,3600000000000,0,0,stack,65273856,0,0,0,0,0,0,3488,81.538043
30,bench_p26_wt,bench_p26_wt_many,2097152,0,4096,0,64,3,42,32768,0,64,134217728,3600000000000,0,0,ctx,65273856,0,0,0,0,0,0,848,81.538093
30,bench_p26_wt,bench_p26_wt_many,2097152,0,4096,0,64,3,42,32768,0,64,134217728,3600000000000,0,0,heap,65273856,0,0,0,0,0,0,784,81.538136
30,bench_p26_wt,bench_p26_wt_many,2097152,0,4096,0,64,3,42,32768,0,64,134217728,3600000000000,0,0,usage,65273856,0,0,0,0,0,0,31920128,81.538177
32,bench_p26_wt,bench_p26_wt_many,2097152,0,16384,0,64,3,42,32768,0,64,134217728,3600000000000,0,0,write,53459072,14779649969,1628758,52296,14779649969,204675866,214204416,3600036235414,124.196236
32,bench_p26_wt,bench_p26_wt_many,2097152,0,16384,0,64,3,42,32768,0,64,134217728,3600000000000,0,0,stack,53459072,0,0,0,0,0,0,3488,124.196336
32,bench_p26_wt,bench_p26_wt_many,2097152,0,16384,0,64,3,42,32768,0,64,134217728,3600000000000,0,0,ctx,53459072,0,0,0,0,0,0,848,124.196385
32,bench_p26_wt,bench_p26_wt_many,2097152,0,16384,0,64,3,42,32768,0,64,134217728,3600000000000,0,0,heap,53459072,0,0,0,0,0,0,784,124.196428
32,bench_p26_wt,bench_p26_wt_many,2097152,0,16384,0,64,3,42,32768,0,64,134217728,3600000000000,0,0,usage,53459072,0,0,0,0,0,0,32505856,124.196469
33,bench_p26_wt,bench_p26_wt_many,2097152,0,32768,0,64,3,42,32768,0,64,134217728,3600000000000,0,0,write,45625280,23404797983,1417617,46520,23404797983,181341318,190545920,3600203136458,198.991606
33,bench_p26_wt,bench_p26_wt_many,2097152,0,32768,0,64,3,42,32768,0,64,134217728,3600000000000,0,0,stack,45625280,0,0,0,0,0,0,3488,198.991724
33,bench_p26_wt,bench_p26_wt_many,2097152,0,32768,0,64,3,42,32768,0,64,134217728,3600000000000,0,0,ctx,45625280,0,0,0,0,0,0,848,198.991774
33,bench_p26_wt,bench_p26_wt_many,2097152,0,32768,0,64,3,42,32768,0,64,134217728,3600000000000,0,0,heap,45625280,0,0,0,0,0,0,784,198.991817
33,bench_p26_wt,bench_p26_wt_many,2097152,0,32768,0,64,3,42,32768,0,64,134217728,3600000000000,0,0,usage,45625280,0,0,0,0,0,0,34537472,198.991859
34,bench_p26_wt,bench_p26_wt_many,2097152,0,65536,0,64,3,42,32768,0,64,134217728,3600000000000,0,0,write,35531840,35100305988,1139212,38608,35100305988,149951886,158138368,3600000055338,211.238590
34,bench_p26_wt,bench_p26_wt_many,2097152,0,65536,0,64,3,42,32768,0,64,134217728,3600000000000,0,0,stack,35531840,0,0,0,0,0,0,3488,211.238686
34,bench_p26_wt,bench_p26_wt_many,2097152,0,65536,0,64,3,42,32768,0,64,134217728,3600000000000,0,0,ctx,35531840,0,0,0,0,0,0,848,211.238732
34,bench_p26_wt,bench_p26_wt_many,2097152,0,65536,0,64,3,42,32768,0,64,134217728,3600000000000,0,0,heap,35531840,0,0,0,0,0,0,784,211.238772
34,bench_p26_wt,bench_p26_wt_many,2097152,0,65536,0,64,3,42,32768,0,64,134217728,3600000000000,0,0,usage,35531840,0,0,0,0,0,0,34209792,211.238812
35,bench_p26_wt,bench_p26_wt_many,2097152,0,131072,0,64,3,42,32768,0,64,134217728,3600000000000,0,0,write,25080640,48020617685,843278,29792,48020617685,113741812,122028032,3601004900964,280.847771
35,bench_p26_wt,bench_p26_wt_many,2097152,0,131072,0,64,3,42,32768,0,64,134217728,3600000000000,0,0,stack,25080640,0,0,0,0,0,0,3488,280.847867
35,bench_p26_wt,bench_p26_wt_many,2097152,0,131072,0,64,3,42,32768,0,64,134217728,3600000000000,0,0,ctx,25080640,0,0,0,0,0,0,848,280.847912
35,bench_p26_wt,bench_p26_wt_many,2097152,0,131072,0,64,3,42,32768,0,64,134217728,3600000000000,0,0,heap,25080640,0,0,0,0,0,0,784,280.847952
35,bench_p26_wt,bench_p26_wt_many,2097152,0,131072,0,64,3,42,32768,0,64,134217728,3600000000000,0,0,usage,25080640,0,0,0,0,0,0,34078720,280.847991
36,bench_p26_wt,bench_p26_wt_many,2097152,0,262144,0,64,3,42,32768,0,64,134217728,3600000000000,0,0,write,16376896,60398753692,587438,21056,60398753692,79369807,86245376,3600000266813,368.150488
36,bench_p26_wt,bench_p26_wt_many,2097152,0,262144,0,64,3,42,32768,0,64,134217728,3600000000000,0,0,stack,16376896,0,0,0,0,0,0,3248,368.150605
36,bench_p26_wt,bench_p26_wt_many,2097152,0,262144,0,64,3,42,32768,0,64,134217728,3600000000000,0,0,ctx,16376896,0,0,0,0,0,0,848,368.150647
36,bench_p26_wt,bench_p26_wt_many,2097152,0,262144,0,64,3,42,32768,0,64,134217728,3600000000000,0,0,heap,16376896,0,0,0,0,0,0,784,368.150697
36,bench_p26_wt,bench_p26_wt_many,2097152,0,262144,0,64,3,42,32768,0,64,134217728,3600000000000,0,0,usage,16376896,0,0,0,0,0,0,34603008,368.150737
37,bench_p26_wt,bench_p26_wt_many,2097152,0,524288,0,64,3,42,32768,0,64,134217728,3600000000000,0,0,write,9793024,70560981463,386257,13824,70560981463,50351053,56623104,3600009589967,446.019497
37,bench_p26_wt,bench_p26_wt_many,2097152,0,524288,0,64,3,42,32768,0,64,134217728,3600000000000,0,0,stack,9793024,0,0,0,0,0,0,3248,446.019572
37,bench_p26_wt,bench_p26_wt_many,2097152,0,524288,0,64,3,42,32768,0,64,134217728,3600000000000,0,0,ctx,9793024,0,0,0,0,0,0,848,446.019607
37,bench_p26_wt,bench_p26_wt_many,2097152,0,524288,0,64,3,42,32768,0,64,134217728,3600000000000,0,0,heap,9793024,0,0,0,0,0,0,784,446.019635
37,bench_p26_wt,bench_p26_wt_many,2097152,0,524288,0,64,3,42,32768,0,64,134217728,3600000000000,0,0,usage,9793024,0,0,0,0,0,0,35651584,446.019663
38,bench_p26_wt,bench_p26_wt_many,2097152,0,1048576,0,64,3,42,32768,0,64,134217728,3600000000000,0,0,write,5832512,78100714032,266958,8192,78100714032,30626579,33554432,3600056826857,467.269943
38,bench_p26_wt,bench_p26_wt_many,2097152,0,1048576,0,64,3,42,32768,0,64,134217728,3600000000000,0,0,stack,5832512,0,0,0,0,0,0,3248,467.270030
38,bench_p26_wt,bench_p26_wt_many,2097152,0,1048576,0,64,3,42,32768,0,64,134217728,3600000000000,0,0,ctx,5832512,0,0,0,0,0,0,848,467.270069
38,bench_p26_wt,bench_p26_wt_many,2097152,0,1048576,0,64,3,42,32768,0,64,134217728,3600000000000,0,0,heap,5832512,0,0,0,0,0,0,784,467.270094
38,bench_p26_wt,bench_p26_wt_many,2097152,0,1048576,0,64,3,42,32768,0,64,134217728,3600000000000,0,0,usage,5832512,0,0,0,0,0,0,37748736,467.270118
44,bench_p26_wt,bench_p26_wt_logging,2097152,0,131072,0,64,3,42,32768,0,64,134217728,3600000000000,0,0,write,32026688,293692833,3149648,51648,293692833,205327540,211550208,3600001876612,7.404561
44,bench_p26_wt,bench_p26_wt_logging,2097152,0,131072,0,64,3,42,32768,0,64,134217728,3600000000000,0,0,stack,32026688,0,0,0,0,0,0,3296,7.404674
44,bench_p26_wt,bench_p26_wt_logging,2097152,0,131072,0,64,3,42,32768,0,64,134217728,3600000000000,0,0,ctx,32026688,0,0,0,0,0,0,624,7.404731
44,bench_p26_wt,bench_p26_wt_logging,2097152,0,131072,0,64,3,42,32768,0,64,134217728,3600000000000,0,0,heap,32026688,0,0,0,0,0,0,784,7.404780
44,bench_p26_wt,bench_p26_wt_logging,2097152,0,131072,0,64,3,42,32768,0,64,134217728,3600000000000,0,0,usage,32026688,0,0,0,0,0,0,3014656,7.404828
43,bench_p26_wt,bench_p26_wt_logging,2097152,0,65536,0,64,3,42,32768,0,64,134217728,3600000000000,0,0,write,30308416,329922107,3032050,52672,329922107,209897107,215744512,3600562240545,7.716967
43,bench_p26_wt,bench_p26_wt_logging,2097152,0,65536,0,64,3,42,32768,0,64,134217728,3600000000000,0,0,stack,30308416,0,0,0,0,0,0,3296,7.717078
43,bench_p26_wt,bench_p26_wt_logging,2097152,0,65536,0,64,3,42,32768,0,64,134217728,3600000000000,0,0,ctx,30308416,0,0,0,0,0,0,624,7.717137
43,bench_p26_wt,bench_p26_wt_logging,2097152,0,65536,0,64,3,42,32768,0,64,134217728,3600000000000,0,0,heap,30308416,0,0,0,0,0,0,784,7.717183
43,bench_p26_wt,bench_p26_wt_logging,2097152,0,65536,0,64,3,42,32768,0,64,134217728,3600000000000,0,0,usage,30308416,0,0,0,0,0,0,2555904,7.717227
47,bench_p26_wt,bench_p26_wt_logging,2097152,0,1048576,0,64,3,42,32768,0,64,134217728,3600000000000,0,0,write,36763328,214044152,3452833,49152,214044152,194224246,201326592,3605601129090,10.136042
47,bench_p26_wt,bench_p26_wt_logging,2097152,0,1048576,0,64,3,42,32768,0,64,134217728,3600000000000,0,0,stack,36763328,0,0,0,0,0,0,3296,10.136155
47,bench_p26_wt,bench_p26_wt_logging,2097152,0,1048576,0,64,3,42,32768,0,64,134217728,3600000000000,0,0,ctx,36763328,0,0,0,0,0,0,624,10.144438
47,bench_p26_wt,bench_p26_wt_logging,2097152,0,1048576,0,64,3,42,32768,0,64,134217728,3600000000000,0,0,heap,36763328,0,0,0,0,0,0,784,10.144495
47,bench_p26_wt,bench_p26_wt_logging,2097152,0,1048576,0,64,3,42,32768,0,64,134217728,3600000000000,0,0,usage,36763328,0,0,0,0,0,0,6291456,10.144550
46,bench_p26_wt,bench_p26_wt_logging,2097152,0,524288,0,64,3,42,32768,0,64,134217728,3600000000000,0,0,write,35160064,249578035,3347663,50048,249578035,198226306,204996608,3605335857566,10.609946
46,bench_p26_wt,bench_p26_wt_logging,2097152,0,524288,0,64,3,42,32768,0,64,134217728,3600000000000,0,0,stack,35160064,0,0,0,0,0,0,3296,10.610048
46,bench_p26_wt,bench_p26_wt_logging,2097152,0,524288,0,64,3,42,32768,0,64,134217728,3600000000000,0,0,ctx,35160064,0,0,0,0,0,0,624,10.610100
46,bench_p26_wt,bench_p26_wt_logging,2097152,0,524288,0,64,3,42,32768,0,64,134217728,3600000000000,0,0,heap,35160064,0,0,0,0,0,0,784,10.610145
46,bench_p26_wt,bench_p26_wt_logging,2097152,0,524288,0,64,3,42,32768,0,64,134217728,3600000000000,0,0,usage,35160064,0,0,0,0,0,0,4718592,10.610189
41,bench_p26_wt,bench_p26_wt_logging,2097152,0,16384,0,64,3,42,32768,0,64,134217728,3600000000000,0,0,write,23246912,896422573,2566527,56292,896422573,224888797,230572032,3600133449071,10.988428
41,bench_p26_wt,bench_p26_wt_logging,2097152,0,16384,0,64,3,42,32768,0,64,134217728,3600000000000,0,0,stack,23246912,0,0,0,0,0,0,3296,10.988520
41,bench_p26_wt,bench_p26_wt_logging,2097152,0,16384,0,64,3,42,32768,0,64,134217728,3600000000000,0,0,ctx,23246912,0,0,0,0,0,0,624,10.988570
41,bench_p26_wt,bench_p26_wt_logging,2097152,0,16384,0,64,3,42,32768,0,64,134217728,3600000000000,0,0,heap,23246912,0,0,0,0,0,0,784,10.988612
41,bench_p26_wt,bench_p26_wt_logging,2097152,0,16384,0,64,3,42,32768,0,64,134217728,3600000000000,0,0,usage,23246912,0,0,0,0,0,0,2260992,10.988664
45,bench_p26_wt,bench_p26_wt_logging,2097152,0,262144,0,64,3,42,32768,0,64,134217728,3600000000000,0,0,write,33649024,266328202,3246146,50816,266328202,201267147,208142336,3600002813857,11.555350
45,bench_p26_wt,bench_p26_wt_logging,2097152,0,262144,0,64,3,42,32768,0,64,134217728,3600000000000,0,0,stack,33649024,0,0,0,0,0,0,3296,11.555432
45,bench_p26_wt,bench_p26_wt_logging,2097152,0,262144,0,64,3,42,32768,0,64,134217728,3600000000000,0,0,ctx,33649024,0,0,0,0,0,0,624,11.555473
45,bench_p26_wt,bench_p26_wt_logging,2097152,0,262144,0,64,3,42,32768,0,64,134217728,3600000000000,0,0,heap,33649024,0,0,0,0,0,0,784,11.555506
45,bench_p26_wt,bench_p26_wt_logging,2097152,0,262144,0,64,3,42,32768,0,64,134217728,3600000000000,0,0,usage,33649024,0,0,0,0,0,0,3932160,11.555535
42,bench_p26_wt,bench_p26_wt_logging,2097152,0,32768,0,64,3,42,32768,0,64,134217728,3600000000000,0,0,write,28019328,421197328,2891734,53824,421197328,214829928,220463104,3600001064248,11.703175
42,bench_p26_wt,bench_p26_wt_logging,2097152,0,32768,0,64,3,42,32768,0,64,134217728,3600000000000,0,0,stack,28019328,0,0,0,0,0,0,3296,11.703248
42,bench_p26_wt,bench_p26_wt_logging,2097152,0,32768,0,64,3,42,32768,0,64,134217728,3600000000000,0,0,ctx,28019328,0,0,0,0,0,0,624,11.703292
42,bench_p26_wt,bench_p26_wt_logging,2097152,0,32768,0,64,3,42,32768,0,64,134217728,3600000000000,0,0,heap,28019328,0,0,0,0,0,0,784,11.703331
42,bench_p26_wt,bench_p26_wt_logging,2097152,0,32768,0,64,3,42,32768,0,64,134217728,3600000000000,0,0,usage,28019328,0,0,0,0,0,0,2326528,11.703367
39,bench_p26_wt,bench_p26_wt_logging,2097152,0,4096,0,64,3,42,32768,0,64,134217728,3600000000000,0,0,write,15992704,840673598,2659584,55515,840673598,218324755,227389440,3600049528857,13.353902
39,bench_p26_wt,bench_p26_wt_logging,2097152,0,4096,0,64,3,42,32768,0,64,134217728,3600000000000,0,0,stack,15992704,0,0,0,0,0,0,3264,13.353978
39,bench_p26_wt,bench_p26_wt_logging,2097152,0,4096,0,64,3,42,32768,0,64,134217728,3600000000000,0,0,ctx,15992704,0,0,0,0,0,0,624,13.354012
39,bench_p26_wt,bench_p26_wt_logging,2097152,0,4096,0,64,3,42,32768,0,64,134217728,3600000000000,0,0,heap,15992704,0,0,0,0,0,0,784,13.354040
39,bench_p26_wt,bench_p26_wt_logging,2097152,0,4096,0,64,3,42,32768,0,64,134217728,3600000000000,0,0,usage,15992704,0,0,0,0,0,0,2449408,13.354065
40,bench_p26_wt,bench_p26_wt_logging,2097152,0,8192,0,64,3,42,32768,0,64,134217728,3600000000000,0,0,write,16695808,866514453,2755241,54642,866514453,215653749,223813632,3600023631351,14.402636
40,bench_p26_wt,bench_p26_wt_logging,2097152,0,8192,0,64,3,42,32768,0,64,134217728,3600000000000,0,0,stack,16695808,0,0,0,0,0,0,3296,14.402719
40,bench_p26_wt,bench_p26_wt_logging,2097152,0,8192,0,64,3,42,32768,0,64,134217728,3600000000000,0,0,ctx,16695808,0,0,0,0,0,0,624,14.402757
40,bench_p26_wt,bench_p26_wt_logging,2097152,0,8192,0,64,3,42,32768,0,64,134217728,3600000000000,0,0,heap,16695808,0,0,0,0,0,0,784,14.402783
40,bench_p26_wt,bench_p26_wt_logging,2097152,0,8192,0,64,3,42,32768,0,64,134217728,3600000000000,0,0,usage,16695808,0,0,0,0,0,0,2293760,14.402805
