i,suite,case,SIM_SIZE,DISK_SIM,DISK_GEOMETRY,CRYSTAL_DIV,NO_FRUNCATE,DISK_SIZE,FS,FILE_SIZE,BLOCK_SIZE,CHUNK,FILE_COUNT,SIZE,SKIP_WARMUP,SIM_TIME,SEED,probe,n,bench_reads,bench_progs,bench_erases,bench_readed,bench_progged,bench_erased,bench_simtime,bench_runtime
15,bench_p26_wt,bench_p26_wt_linear,0,1,0,2,0,134217728,38,64,32768,64,32768,2097152,0,3600000000000,42,write,115490880,17844643,1397452,8757,325133966,274936677,286949376,3600381026390,5.971850
15,bench_p26_wt,bench_p26_wt_linear,0,1,0,2,0,134217728,38,64,32768,64,32768,2097152,0,3600000000000,42,stack,115490880,0,0,0,0,0,0,3168,5.972066
15,bench_p26_wt,bench_p26_wt_linear,0,1,0,2,0,134217728,38,64,32768,64,32768,2097152,0,3600000000000,42,ctx,115490880,0,0,0,0,0,0,528,5.972121
15,bench_p26_wt,bench_p26_wt_linear,0,1,0,2,0,134217728,38,64,32768,64,32768,2097152,0,3600000000000,42,heap,115490880,0,0,0,0,0,0,784,5.972168
15,bench_p26_wt,bench_p26_wt_linear,0,1,0,2,0,134217728,38,64,32768,64,32768,2097152,0,3600000000000,42,usage,115490880,0,0,0,0,0,0,262144,5.972219
20,bench_p26_wt,bench_p26_wt_linear,0,1,0,2,0,134217728,38,64,1048576,64,32768,2097152,0,3600000000000,42,write,107109184,18778385,1313397,273,335281510,279334288,286261248,3600184174544,6.220873
20,bench_p26_wt,bench_p26_wt_linear,0,1,0,2,0,134217728,38,64,1048576,64,32768,2097152,0,3600000000000,42,stack,107109184,0,0,0,0,0,0,3168,6.220975
20,bench_p26_wt,bench_p26_wt_linear,0,1,0,2,0,134217728,38,64,1048576,64,32768,2097152,0,3600000000000,42,ctx,107109184,0,0,0,0,0,0,528,6.221028
20,bench_p26_wt,bench_p26_wt_linear,0,1,0,2,0,134217728,38,64,1048576,64,32768,2097152,0,3600000000000,42,heap,107109184,0,0,0,0,0,0,784,6.221076
20,bench_p26_wt,bench_p26_wt_linear,0,1,0,2,0,134217728,38,64,1048576,64,32768,2097152,0,3600000000000,42,usage,107109184,0,0,0,0,0,0,3145728,6.221122
14,bench_p26_wt,bench_p26_wt_linear,0,1,0,2,0,134217728,38,64,16384,64,32768,2097152,0,3600000000000,42,write,102176832,26156254,1370951,17642,441455889,257257446,289046528,3600104671740,6.329005
14,bench_p26_wt,bench_p26_wt_linear,0,1,0,2,0,134217728,38,64,16384,64,32768,2097152,0,3600000000000,42,stack,102176832,0,0,0,0,0,0,3168,6.329117
14,bench_p26_wt,bench_p26_wt_linear,0,1,0,2,0,134217728,38,64,16384,64,32768,2097152,0,3600000000000,42,ctx,102176832,0,0,0,0,0,0,528,6.337430
14,bench_p26_wt,bench_p26_wt_linear,0,1,0,2,0,134217728,38,64,16384,64,32768,2097152,0,3600000000000,42,heap,102176832,0,0,0,0,0,0,784,6.337508
14,bench_p26_wt,bench_p26_wt_linear,0,1,0,2,0,134217728,38,64,16384,64,32768,2097152,0,3600000000000,42,usage,102176832,0,0,0,0,0,0,1605632,6.337554
17,bench_p26_wt,bench_p26_wt_linear,0,1,0,2,0,134217728,38,64,131072,64,32768,2097152,0,3600000000000,42,write,116571712,15626216,1386408,2186,296299447,279090767,286523392,3601119555786,8.125196
17,bench_p26_wt,bench_p26_wt_linear,0,1,0,2,0,134217728,38,64,131072,64,32768,2097152,0,3600000000000,42,stack,116571712,0,0,0,0,0,0,3168,8.125290
17,bench_p26_wt,bench_p26_wt_linear,0,1,0,2,0,134217728,38,64,131072,64,32768,2097152,0,3600000000000,42,ctx,116571712,0,0,0,0,0,0,528,8.125340
17,bench_p26_wt,bench_p26_wt_linear,0,1,0,2,0,134217728,38,64,131072,64,32768,2097152,0,3600000000000,42,heap,116571712,0,0,0,0,0,0,784,8.125384
17,bench_p26_wt,bench_p26_wt_linear,0,1,0,2,0,134217728,38,64,131072,64,32768,2097152,0,3600000000000,42,usage,116571712,0,0,0,0,0,0,1572864,8.125425
16,bench_p26_wt,bench_p26_wt_linear,0,1,0,2,0,134217728,38,64,65536,64,32768,2097152,0,3600000000000,42,write,118423872,15241054,1408297,4372,292907894,278524659,286523392,3600088310810,8.336838
16,bench_p26_wt,bench_p26_wt_linear,0,1,0,2,0,134217728,38,64,65536,64,32768,2097152,0,3600000000000,42,stack,118423872,0,0,0,0,0,0,3168,8.336929
16,bench_p26_wt,bench_p26_wt_linear,0,1,0,2,0,134217728,38,64,65536,64,32768,2097152,0,3600000000000,42,ctx,118423872,0,0,0,0,0,0,528,8.336976
16,bench_p26_wt,bench_p26_wt_linear,0,1,0,2,0,134217728,38,64,65536,64,32768,2097152,0,3600000000000,42,heap,118423872,0,0,0,0,0,0,784,8.337016
16,bench_p26_wt,bench_p26_wt_linear,0,1,0,2,0,134217728,38,64,65536,64,32768,2097152,0,3600000000000,42,usage,118423872,0,0,0,0,0,0,1179648,8.337056
18,bench_p26_wt,bench_p26_wt_linear,0,1,0,2,0,134217728,38,64,262144,64,32768,2097152,0,3600000000000,42,write,107610176,16600662,1319257,1098,310712617,269105649,287834112,3600299195830,8.359468
18,bench_p26_wt,bench_p26_wt_linear,0,1,0,2,0,134217728,38,64,262144,64,32768,2097152,0,3600000000000,42,stack,107610176,0,0,0,0,0,0,3168,8.359537
18,bench_p26_wt,bench_p26_wt_linear,0,1,0,2,0,134217728,38,64,262144,64,32768,2097152,0,3600000000000,42,ctx,107610176,0,0,0,0,0,0,528,8.359582
18,bench_p26_wt,bench_p26_wt_linear,0,1,0,2,0,134217728,38,64,262144,64,32768,2097152,0,3600000000000,42,heap,107610176,0,0,0,0,0,0,784,8.359622
18,bench_p26_wt,bench_p26_wt_linear,0,1,0,2,0,134217728,38,64,262144,64,32768,2097152,0,3600000000000,42,usage,107610176,0,0,0,0,0,0,1572864,8.359660
19,bench_p26_wt,bench_p26_wt_linear,0,1,0,2,0,134217728,38,64,524288,64,32768,2097152,0,3600000000000,42,write,110766400,18118429,1350297,546,329984554,282495141,286261248,3604972765750,8.574894
19,bench_p26_wt,bench_p26_wt_linear,0,1,0,2,0,134217728,38,64,524288,64,32768,2097152,0,3600000000000,42,stack,110766400,0,0,0,0,0,0,3168,8.574972
19,bench_p26_wt,bench_p26_wt_linear,0,1,0,2,0,134217728,38,64,524288,64,32768,2097152,0,3600000000000,42,ctx,110766400,0,0,0,0,0,0,528,8.575012
19,bench_p26_wt,bench_p26_wt_linear,0,1,0,2,0,134217728,38,64,524288,64,32768,2097152,0,3600000000000,42,heap,110766400,0,0,0,0,0,0,784,8.575044
19,bench_p26_wt,bench_p26_wt_linear,0,1,0,2,0,134217728,38,64,524288,64,32768,2097152,0,3600000000000,42,usage,110766400,0,0,0,0,0,0,3145728,8.575074
13,bench_p26_wt,bench_p26_wt_linear,0,1,0,2,0,134217728,38,64,8192,64,32768,2097152,0,3600000000000,42,write,94933056,35769422,1448716,35347,592279833,249818372,289562624,3600038845088,9.743949
13,bench_p26_wt,bench_p26_wt_linear,0,1,0,2,0,134217728,38,64,8192,64,32768,2097152,0,3600000000000,42,stack,94933056,0,0,0,0,0,0,3168,9.744021
13,bench_p26_wt,bench_p26_wt_linear,0,1,0,2,0,134217728,38,64,8192,64,32768,2097152,0,3600000000000,42,ctx,94933056,0,0,0,0,0,0,528,9.744056
13,bench_p26_wt,bench_p26_wt_linear,0,1,0,2,0,134217728,38,64,8192,64,32768,2097152,0,3600000000000,42,heap,94933056,0,0,0,0,0,0,784,9.744085
13,bench_p26_wt,bench_p26_wt_linear,0,1,0,2,0,134217728,38,64,8192,64,32768,2097152,0,3600000000000,42,usage,94933056,0,0,0,0,0,0,614400,9.744112
12,bench_p26_wt,bench_p26_wt_linear,0,1,0,2,0,134217728,38,64,4096,64,32768,2097152,0,3600000000000,42,write,101405504,44952569,1520427,70311,696416275,258080721,287993856,3600040853638,10.055120
12,bench_p26_wt,bench_p26_wt_linear,0,1,0,2,0,134217728,38,64,4096,64,32768,2097152,0,3600000000000,42,stack,101405504,0,0,0,0,0,0,3168,10.055194
12,bench_p26_wt,bench_p26_wt_linear,0,1,0,2,0,134217728,38,64,4096,64,32768,2097152,0,3600000000000,42,ctx,101405504,0,0,0,0,0,0,528,10.055235
12,bench_p26_wt,bench_p26_wt_linear,0,1,0,2,0,134217728,38,64,4096,64,32768,2097152,0,3600000000000,42,heap,101405504,0,0,0,0,0,0,784,10.055262
12,bench_p26_wt,bench_p26_wt_linear,0,1,0,2,0,134217728,38,64,4096,64,32768,2097152,0,3600000000000,42,usage,101405504,0,0,0,0,0,0,778240,10.055288
29,bench_p26_wt,bench_p26_wt_random,0,1,0,2,0,134217728,38,64,1048576,64,32768,2097152,0,3600000000000,42,write,1261760,4433556,780390,286,217684549,195114043,299892736,3611999395682,4.312428
29,bench_p26_wt,bench_p26_wt_random,0,1,0,2,0,134217728,38,64,1048576,64,32768,2097152,0,3600000000000,42,stack,1261760,0,0,0,0,0,0,3168,4.312533
29,bench_p26_wt,bench_p26_wt_random,0,1,0,2,0,134217728,38,64,1048576,64,32768,2097152,0,3600000000000,42,ctx,1261760,0,0,0,0,0,0,512,4.312586
29,bench_p26_wt,bench_p26_wt_random,0,1,0,2,0,134217728,38,64,1048576,64,32768,2097152,0,3600000000000,42,heap,1261760,0,0,0,0,0,0,784,4.312633
29,bench_p26_wt,bench_p26_wt_random,0,1,0,2,0,134217728,38,64,1048576,64,32768,2097152,0,3600000000000,42,usage,1261760,0,0,0,0,0,0,8388608,4.312678
26,bench_p26_wt,bench_p26_wt_random,0,1,0,2,0,134217728,38,64,131072,64,32768,2097152,0,3600000000000,42,write,3131008,18069538,1081783,2226,421003464,239506770,291766272,3601084112892,5.123213
26,bench_p26_wt,bench_p26_wt_random,0,1,0,2,0,134217728,38,64,131072,64,32768,2097152,0,3600000000000,42,stack,3131008,0,0,0,0,0,0,3152,5.123320
26,bench_p26_wt,bench_p26_wt_random,0,1,0,2,0,134217728,38,64,131072,64,32768,2097152,0,3600000000000,42,ctx,3131008,0,0,0,0,0,0,512,5.123372
26,bench_p26_wt,bench_p26_wt_random,0,1,0,2,0,134217728,38,64,131072,64,32768,2097152,0,3600000000000,42,heap,3131008,0,0,0,0,0,0,784,5.123416
26,bench_p26_wt,bench_p26_wt_random,0,1,0,2,0,134217728,38,64,131072,64,32768,2097152,0,3600000000000,42,usage,3131008,0,0,0,0,0,0,5373952,5.123458
25,bench_p26_wt,bench_p26_wt_random,0,1,0,2,0,134217728,38,64,65536,64,32768,2097152,0,3600000000000,42,write,4036160,22306468,1183388,4424,480990289,250951344,289931264,3601429504072,5.766438
25,bench_p26_wt,bench_p26_wt_random,0,1,0,2,0,134217728,38,64,65536,64,32768,2097152,0,3600000000000,42,stack,4036160,0,0,0,0,0,0,3104,5.766537
25,bench_p26_wt,bench_p26_wt_random,0,1,0,2,0,134217728,38,64,65536,64,32768,2097152,0,3600000000000,42,ctx,4036160,0,0,0,0,0,0,512,5.766589
25,bench_p26_wt,bench_p26_wt_random,0,1,0,2,0,134217728,38,64,65536,64,32768,2097152,0,3600000000000,42,heap,4036160,0,0,0,0,0,0,784,5.766634
25,bench_p26_wt,bench_p26_wt_random,0,1,0,2,0,134217728,38,64,65536,64,32768,2097152,0,3600000000000,42,usage,4036160,0,0,0,0,0,0,4718592,5.766676
28,bench_p26_wt,bench_p26_wt_random,0,1,0,2,0,134217728,38,64,524288,64,32768,2097152,0,3600000000000,42,write,1715520,6126092,837262,567,245057895,207507592,297271296,3603901784200,6.254474
28,bench_p26_wt,bench_p26_wt_random,0,1,0,2,0,134217728,38,64,524288,64,32768,2097152,0,3600000000000,42,stack,1715520,0,0,0,0,0,0,3168,6.254571
28,bench_p26_wt,bench_p26_wt_random,0,1,0,2,0,134217728,38,64,524288,64,32768,2097152,0,3600000000000,42,ctx,1715520,0,0,0,0,0,0,512,6.254623
28,bench_p26_wt,bench_p26_wt_random,0,1,0,2,0,134217728,38,64,524288,64,32768,2097152,0,3600000000000,42,heap,1715520,0,0,0,0,0,0,784,6.254668
28,bench_p26_wt,bench_p26_wt_random,0,1,0,2,0,134217728,38,64,524288,64,32768,2097152,0,3600000000000,42,usage,1715520,0,0,0,0,0,0,7864320,6.254713
27,bench_p26_wt,bench_p26_wt_random,0,1,0,2,0,134217728,38,64,262144,64,32768,2097152,0,3600000000000,42,write,2382464,10296477,896642,1125,297077487,220116154,294912000,3600010087108,6.308219
27,bench_p26_wt,bench_p26_wt_random,0,1,0,2,0,134217728,38,64,262144,64,32768,2097152,0,3600000000000,42,stack,2382464,0,0,0,0,0,0,3152,6.308301
27,bench_p26_wt,bench_p26_wt_random,0,1,0,2,0,134217728,38,64,262144,64,32768,2097152,0,3600000000000,42,ctx,2382464,0,0,0,0,0,0,512,6.308345
27,bench_p26_wt,bench_p26_wt_random,0,1,0,2,0,134217728,38,64,262144,64,32768,2097152,0,3600000000000,42,heap,2382464,0,0,0,0,0,0,784,6.308382
27,bench_p26_wt,bench_p26_wt_random,0,1,0,2,0,134217728,38,64,262144,64,32768,2097152,0,3600000000000,42,usage,2382464,0,0,0,0,0,0,6815744,6.308413
24,bench_p26_wt,bench_p26_wt_random,0,1,0,2,0,134217728,38,64,32768,64,32768,2097152,0,3600000000000,42,write,5156352,26606585,1262175,8813,532382492,256969898,288784384,3600406920940,8.929461
24,bench_p26_wt,bench_p26_wt_random,0,1,0,2,0,134217728,38,64,32768,64,32768,2097152,0,3600000000000,42,stack,5156352,0,0,0,0,0,0,3152,8.929548
24,bench_p26_wt,bench_p26_wt_random,0,1,0,2,0,134217728,38,64,32768,64,32768,2097152,0,3600000000000,42,ctx,5156352,0,0,0,0,0,0,512,8.929590
24,bench_p26_wt,bench_p26_wt_random,0,1,0,2,0,134217728,38,64,32768,64,32768,2097152,0,3600000000000,42,heap,5156352,0,0,0,0,0,0,784,8.929624
24,bench_p26_wt,bench_p26_wt_random,0,1,0,2,0,134217728,38,64,32768,64,32768,2097152,0,3600000000000,42,usage,5156352,0,0,0,0,0,0,4456448,8.929655
23,bench_p26_wt,bench_p26_wt_random,0,1,0,2,0,134217728,38,64,16384,64,32768,2097152,0,3600000000000,42,write,6297216,35938261,1310009,17591,632081044,258253464,288210944,3600125652592,9.314503
23,bench_p26_wt,bench_p26_wt_random,0,1,0,2,0,134217728,38,64,16384,64,32768,2097152,0,3600000000000,42,stack,6297216,0,0,0,0,0,0,3152,9.314580
23,bench_p26_wt,bench_p26_wt_random,0,1,0,2,0,134217728,38,64,16384,64,32768,2097152,0,3600000000000,42,ctx,6297216,0,0,0,0,0,0,512,9.314632
23,bench_p26_wt,bench_p26_wt_random,0,1,0,2,0,134217728,38,64,16384,64,32768,2097152,0,3600000000000,42,heap,6297216,0,0,0,0,0,0,784,9.314667
23,bench_p26_wt,bench_p26_wt_random,0,1,0,2,0,134217728,38,64,16384,64,32768,2097152,0,3600000000000,42,usage,6297216,0,0,0,0,0,0,4276224,9.314698
22,bench_p26_wt,bench_p26_wt_random,0,1,0,2,0,134217728,38,64,8192,64,32768,2097152,0,3600000000000,42,write,7061312,51184768,1429985,35102,824626041,258080954,287555584,3600354756692,10.276044
22,bench_p26_wt,bench_p26_wt_random,0,1,0,2,0,134217728,38,64,8192,64,32768,2097152,0,3600000000000,42,stack,7061312,0,0,0,0,0,0,3152,10.276111
22,bench_p26_wt,bench_p26_wt_random,0,1,0,2,0,134217728,38,64,8192,64,32768,2097152,0,3600000000000,42,ctx,7061312,0,0,0,0,0,0,512,10.276146
22,bench_p26_wt,bench_p26_wt_random,0,1,0,2,0,134217728,38,64,8192,64,32768,2097152,0,3600000000000,42,heap,7061312,0,0,0,0,0,0,784,10.276176
22,bench_p26_wt,bench_p26_wt_random,0,1,0,2,0,134217728,38,64,8192,64,32768,2097152,0,3600000000000,42,usage,7061312,0,0,0,0,0,0,4456448,10.276202
21,bench_p26_wt,bench_p26_wt_random,0,1,0,2,0,134217728,38,64,4096,64,32768,2097152,0,3600000000000,42,write,7817792,60067980,1561871,70119,947963398,257253840,287207424,3600154870864,10.792496
21,bench_p26_wt,bench_p26_wt_random,0,1,0,2,0,134217728,38,64,4096,64,32768,2097152,0,3600000000000,42,stack,7817792,0,0,0,0,0,0,3152,10.792563
21,bench_p26_wt,bench_p26_wt_random,0,1,0,2,0,134217728,38,64,4096,64,32768,2097152,0,3600000000000,42,ctx,7817792,0,0,0,0,0,0,512,10.792593
21,bench_p26_wt,bench_p26_wt_random,0,1,0,2,0,134217728,38,64,4096,64,32768,2097152,0,3600000000000,42,heap,7817792,0,0,0,0,0,0,784,10.792619
21,bench_p26_wt,bench_p26_wt_random,0,1,0,2,0,134217728,38,64,4096,64,32768,2097152,0,3600000000000,42,usage,7817792,0,0,0,0,0,0,4276224,10.792643
38,bench_p26_wt,bench_p26_wt_logging,0,1,0,2,0,134217728,38,64,1048576,64,32768,2097152,0,3600000000000,42,write,24140160,32835185,2199614,273,455280116,278176171,286261248,3603151977690,7.963915
38,bench_p26_wt,bench_p26_wt_logging,0,1,0,2,0,134217728,38,64,1048576,64,32768,2097152,0,3600000000000,42,stack,24140160,0,0,0,0,0,0,3168,7.964019
38,bench_p26_wt,bench_p26_wt_logging,0,1,0,2,0,134217728,38,64,1048576,64,32768,2097152,0,3600000000000,42,ctx,24140160,0,0,0,0,0,0,528,7.964072
38,bench_p26_wt,bench_p26_wt_logging,0,1,0,2,0,134217728,38,64,1048576,64,32768,2097152,0,3600000000000,42,heap,24140160,0,0,0,0,0,0,784,7.964118
38,bench_p26_wt,bench_p26_wt_logging,0,1,0,2,0,134217728,38,64,1048576,64,32768,2097152,0,3600000000000,42,usage,24140160,0,0,0,0,0,0,5242880,7.964161
36,bench_p26_wt,bench_p26_wt_logging,0,1,0,2,0,134217728,38,64,262144,64,32768,2097152,0,3600000000000,42,write,24198336,31772748,2140430,1096,443481739,269245545,287309824,3600071448214,8.858307
36,bench_p26_wt,bench_p26_wt_logging,0,1,0,2,0,134217728,38,64,262144,64,32768,2097152,0,3600000000000,42,stack,24198336,0,0,0,0,0,0,3168,8.858416
36,bench_p26_wt,bench_p26_wt_logging,0,1,0,2,0,134217728,38,64,262144,64,32768,2097152,0,3600000000000,42,ctx,24198336,0,0,0,0,0,0,528,8.858473
36,bench_p26_wt,bench_p26_wt_logging,0,1,0,2,0,134217728,38,64,262144,64,32768,2097152,0,3600000000000,42,heap,24198336,0,0,0,0,0,0,784,8.858523
36,bench_p26_wt,bench_p26_wt_logging,0,1,0,2,0,134217728,38,64,262144,64,32768,2097152,0,3600000000000,42,usage,24198336,0,0,0,0,0,0,2883584,8.858572
34,bench_p26_wt,bench_p26_wt_logging,0,1,0,2,0,134217728,38,64,65536,64,32768,2097152,0,3600000000000,42,write,24265024,35288934,2144377,4382,477775801,269549806,287178752,3600484594604,11.220395
34,bench_p26_wt,bench_p26_wt_logging,0,1,0,2,0,134217728,38,64,65536,64,32768,2097152,0,3600000000000,42,stack,24265024,0,0,0,0,0,0,3168,11.220499
34,bench_p26_wt,bench_p26_wt_logging,0,1,0,2,0,134217728,38,64,65536,64,32768,2097152,0,3600000000000,42,ctx,24265024,0,0,0,0,0,0,528,11.220555
34,bench_p26_wt,bench_p26_wt_logging,0,1,0,2,0,134217728,38,64,65536,64,32768,2097152,0,3600000000000,42,heap,24265024,0,0,0,0,0,0,784,11.220603
34,bench_p26_wt,bench_p26_wt_logging,0,1,0,2,0,134217728,38,64,65536,64,32768,2097152,0,3600000000000,42,usage,24265024,0,0,0,0,0,0,2424832,11.220664
35,bench_p26_wt,bench_p26_wt_logging,0,1,0,2,0,134217728,38,64,131072,64,32768,2097152,0,3600000000000,42,write,24297664,32597374,2140869,2193,449221432,268616271,287440896,3600745481458,11.273027
35,bench_p26_wt,bench_p26_wt_logging,0,1,0,2,0,134217728,38,64,131072,64,32768,2097152,0,3600000000000,42,stack,24297664,0,0,0,0,0,0,3168,11.273110
35,bench_p26_wt,bench_p26_wt_logging,0,1,0,2,0,134217728,38,64,131072,64,32768,2097152,0,3600000000000,42,ctx,24297664,0,0,0,0,0,0,528,11.273165
35,bench_p26_wt,bench_p26_wt_logging,0,1,0,2,0,134217728,38,64,131072,64,32768,2097152,0,3600000000000,42,heap,24297664,0,0,0,0,0,0,784,11.273215
35,bench_p26_wt,bench_p26_wt_logging,0,1,0,2,0,134217728,38,64,131072,64,32768,2097152,0,3600000000000,42,usage,24297664,0,0,0,0,0,0,2752512,11.273263
32,bench_p26_wt,bench_p26_wt_logging,0,1,0,2,0,134217728,38,64,16384,64,32768,2097152,0,3600000000000,42,write,18451328,60861381,2238406,17462,892102155,266387901,286097408,3600175869870,11.305236
32,bench_p26_wt,bench_p26_wt_logging,0,1,0,2,0,134217728,38,64,16384,64,32768,2097152,0,3600000000000,42,stack,18451328,0,0,0,0,0,0,3168,11.305308
32,bench_p26_wt,bench_p26_wt_logging,0,1,0,2,0,134217728,38,64,16384,64,32768,2097152,0,3600000000000,42,ctx,18451328,0,0,0,0,0,0,528,11.305353
32,bench_p26_wt,bench_p26_wt_logging,0,1,0,2,0,134217728,38,64,16384,64,32768,2097152,0,3600000000000,42,heap,18451328,0,0,0,0,0,0,784,11.305391
32,bench_p26_wt,bench_p26_wt_logging,0,1,0,2,0,134217728,38,64,16384,64,32768,2097152,0,3600000000000,42,usage,18451328,0,0,0,0,0,0,2195456,11.305426
33,bench_p26_wt,bench_p26_wt_logging,0,1,0,2,0,134217728,38,64,32768,64,32768,2097152,0,3600000000000,42,write,23857024,45006887,2169468,8721,596494429,276118741,285769728,3600145857230,12.071749
33,bench_p26_wt,bench_p26_wt_logging,0,1,0,2,0,134217728,38,64,32768,64,32768,2097152,0,3600000000000,42,stack,23857024,0,0,0,0,0,0,3168,12.071832
33,bench_p26_wt,bench_p26_wt_logging,0,1,0,2,0,134217728,38,64,32768,64,32768,2097152,0,3600000000000,42,ctx,23857024,0,0,0,0,0,0,528,12.071876
33,bench_p26_wt,bench_p26_wt_logging,0,1,0,2,0,134217728,38,64,32768,64,32768,2097152,0,3600000000000,42,heap,23857024,0,0,0,0,0,0,784,12.071911
33,bench_p26_wt,bench_p26_wt_logging,0,1,0,2,0,134217728,38,64,32768,64,32768,2097152,0,3600000000000,42,usage,23857024,0,0,0,0,0,0,2260992,12.071944
37,bench_p26_wt,bench_p26_wt_logging,0,1,0,2,0,134217728,38,64,524288,64,32768,2097152,0,3600000000000,42,write,24157184,32475106,2148233,548,454398917,271086923,287309824,3603421195330,12.342335
37,bench_p26_wt,bench_p26_wt_logging,0,1,0,2,0,134217728,38,64,524288,64,32768,2097152,0,3600000000000,42,stack,24157184,0,0,0,0,0,0,3168,12.342413
37,bench_p26_wt,bench_p26_wt_logging,0,1,0,2,0,134217728,38,64,524288,64,32768,2097152,0,3600000000000,42,ctx,24157184,0,0,0,0,0,0,528,12.342452
37,bench_p26_wt,bench_p26_wt_logging,0,1,0,2,0,134217728,38,64,524288,64,32768,2097152,0,3600000000000,42,heap,24157184,0,0,0,0,0,0,784,12.342486
37,bench_p26_wt,bench_p26_wt_logging,0,1,0,2,0,134217728,38,64,524288,64,32768,2097152,0,3600000000000,42,usage,24157184,0,0,0,0,0,0,3670016,12.342516
30,bench_p26_wt,bench_p26_wt_logging,0,1,0,2,0,134217728,38,64,4096,64,32768,2097152,0,3600000000000,42,write,15115136,71384008,2091218,70000,1018816490,258756433,286720000,3600011256606,14.306690
30,bench_p26_wt,bench_p26_wt_logging,0,1,0,2,0,134217728,38,64,4096,64,32768,2097152,0,3600000000000,42,stack,15115136,0,0,0,0,0,0,3168,14.306763
30,bench_p26_wt,bench_p26_wt_logging,0,1,0,2,0,134217728,38,64,4096,64,32768,2097152,0,3600000000000,42,ctx,15115136,0,0,0,0,0,0,528,14.306800
30,bench_p26_wt,bench_p26_wt_logging,0,1,0,2,0,134217728,38,64,4096,64,32768,2097152,0,3600000000000,42,heap,15115136,0,0,0,0,0,0,784,14.306830
30,bench_p26_wt,bench_p26_wt_logging,0,1,0,2,0,134217728,38,64,4096,64,32768,2097152,0,3600000000000,42,usage,15115136,0,0,0,0,0,0,2203648,14.306861
31,bench_p26_wt,bench_p26_wt_logging,0,1,0,2,0,134217728,38,64,8192,64,32768,2097152,0,3600000000000,42,write,16624640,67833189,2247205,34941,1001417853,262599365,286236672,3600084988142,14.593376
31,bench_p26_wt,bench_p26_wt_logging,0,1,0,2,0,134217728,38,64,8192,64,32768,2097152,0,3600000000000,42,stack,16624640,0,0,0,0,0,0,3168,14.593434
31,bench_p26_wt,bench_p26_wt_logging,0,1,0,2,0,134217728,38,64,8192,64,32768,2097152,0,3600000000000,42,ctx,16624640,0,0,0,0,0,0,528,14.593465
31,bench_p26_wt,bench_p26_wt_logging,0,1,0,2,0,134217728,38,64,8192,64,32768,2097152,0,3600000000000,42,heap,16624640,0,0,0,0,0,0,784,14.593491
31,bench_p26_wt,bench_p26_wt_logging,0,1,0,2,0,134217728,38,64,8192,64,32768,2097152,0,3600000000000,42,usage,16624640,0,0,0,0,0,0,2170880,14.593516
