i,suite,case,FS,SIM_SIZE,SKIP_WARMUP,DISK_SIZE,FILE_SIZE,CHUNK,DISK_GEOMETRY,SIM_TIME,SIZE,SEED,NO_SET,NO_FRUNCATE,FILE_COUNT,probe,n,bench_reads,bench_progs,bench_erases,bench_readed,bench_progged,bench_erased,bench_simtime,bench_runtime
12,bench_p26_wt,bench_p26_wt_linear,2,0,0,134217728,64,64,0,3600000000000,1024,42,0,0,16,write,79004992,79746742,308616,77154,79746742,79005068,316022784,3600003173844,4.602266
12,bench_p26_wt,bench_p26_wt_linear,2,0,0,134217728,64,64,0,3600000000000,1024,42,0,0,16,stack,79004992,0,0,0,0,0,0,2000,4.602504
12,bench_p26_wt,bench_p26_wt_linear,2,0,0,134217728,64,64,0,3600000000000,1024,42,0,0,16,ctx,79004992,0,0,0,0,0,0,400,4.602563
12,bench_p26_wt,bench_p26_wt_linear,2,0,0,134217728,64,64,0,3600000000000,1024,42,0,0,16,heap,79004992,0,0,0,0,0,0,784,4.602612
12,bench_p26_wt,bench_p26_wt_linear,2,0,0,134217728,64,64,0,3600000000000,1024,42,0,0,16,usage,79004992,0,0,0,0,0,0,20480,4.602661
15,bench_p26_wt,bench_p26_wt_linear,2,0,0,134217728,64,64,0,3600000000000,8192,42,0,0,128,write,198345024,199431872,799000,72637,199431872,198635644,297521152,3600020999988,5.625614
15,bench_p26_wt,bench_p26_wt_linear,2,0,0,134217728,64,64,0,3600000000000,8192,42,0,0,128,stack,198345024,0,0,0,0,0,0,2000,5.625737
15,bench_p26_wt,bench_p26_wt_linear,2,0,0,134217728,64,64,0,3600000000000,8192,42,0,0,128,ctx,198345024,0,0,0,0,0,0,400,5.625794
15,bench_p26_wt,bench_p26_wt_linear,2,0,0,134217728,64,64,0,3600000000000,8192,42,0,0,128,heap,198345024,0,0,0,0,0,0,784,5.625855
15,bench_p26_wt,bench_p26_wt_linear,2,0,0,134217728,64,64,0,3600000000000,8192,42,0,0,128,usage,198345024,0,0,0,0,0,0,20480,5.625905
16,bench_p26_wt,bench_p26_wt_linear,2,0,0,134217728,64,64,0,3600000000000,16384,42,0,0,256,write,234082368,235344142,928674,71437,235344142,234482484,292605952,3600026391820,5.892367
16,bench_p26_wt,bench_p26_wt_linear,2,0,0,134217728,64,64,0,3600000000000,16384,42,0,0,256,stack,234082368,0,0,0,0,0,0,2000,5.892487
16,bench_p26_wt,bench_p26_wt_linear,2,0,0,134217728,64,64,0,3600000000000,16384,42,0,0,256,ctx,234082368,0,0,0,0,0,0,400,5.892545
16,bench_p26_wt,bench_p26_wt_linear,2,0,0,134217728,64,64,0,3600000000000,16384,42,0,0,256,heap,234082368,0,0,0,0,0,0,784,5.892607
16,bench_p26_wt,bench_p26_wt_linear,2,0,0,134217728,64,64,0,3600000000000,16384,42,0,0,256,usage,234082368,0,0,0,0,0,0,24576,5.892658
13,bench_p26_wt,bench_p26_wt_linear,2,0,0,134217728,64,64,0,3600000000000,2048,42,0,0,32,write,152578368,153295518,596012,74502,153295518,152578444,305160192,3600001770004,5.907715
13,bench_p26_wt,bench_p26_wt_linear,2,0,0,134217728,64,64,0,3600000000000,2048,42,0,0,32,stack,152578368,0,0,0,0,0,0,2000,5.907797
13,bench_p26_wt,bench_p26_wt_linear,2,0,0,134217728,64,64,0,3600000000000,2048,42,0,0,32,ctx,152578368,0,0,0,0,0,0,400,5.907854
13,bench_p26_wt,bench_p26_wt_linear,2,0,0,134217728,64,64,0,3600000000000,2048,42,0,0,32,heap,152578368,0,0,0,0,0,0,784,5.907903
13,bench_p26_wt,bench_p26_wt_linear,2,0,0,134217728,64,64,0,3600000000000,2048,42,0,0,32,usage,152578368,0,0,0,0,0,0,20480,5.907950
17,bench_p26_wt,bench_p26_wt_linear,2,0,0,134217728,64,64,0,3600000000000,32768,42,0,0,512,write,257261568,258639542,1012781,70659,258639542,257732704,289419264,3600044573328,6.138352
17,bench_p26_wt,bench_p26_wt_linear,2,0,0,134217728,64,64,0,3600000000000,32768,42,0,0,512,stack,257261568,0,0,0,0,0,0,2000,6.138458
17,bench_p26_wt,bench_p26_wt_linear,2,0,0,134217728,64,64,0,3600000000000,32768,42,0,0,512,ctx,257261568,0,0,0,0,0,0,400,6.138515
17,bench_p26_wt,bench_p26_wt_linear,2,0,0,134217728,64,64,0,3600000000000,32768,42,0,0,512,heap,257261568,0,0,0,0,0,0,784,6.138564
17,bench_p26_wt,bench_p26_wt_linear,2,0,0,134217728,64,64,0,3600000000000,32768,42,0,0,512,usage,257261568,0,0,0,0,0,0,53248,6.138610
18,bench_p26_wt,bench_p26_wt_linear,2,0,0,134217728,64,64,0,3600000000000,65536,42,0,0,1024,write,270659520,272110218,1061396,70209,272110218,271171696,287576064,3600041568736,6.156813
18,bench_p26_wt,bench_p26_wt_linear,2,0,0,134217728,64,64,0,3600000000000,65536,42,0,0,1024,stack,270659520,0,0,0,0,0,0,2000,6.156972
18,bench_p26_wt,bench_p26_wt_linear,2,0,0,134217728,64,64,0,3600000000000,65536,42,0,0,1024,ctx,270659520,0,0,0,0,0,0,400,6.157044
18,bench_p26_wt,bench_p26_wt_linear,2,0,0,134217728,64,64,0,3600000000000,65536,42,0,0,1024,heap,270659520,0,0,0,0,0,0,784,6.157094
18,bench_p26_wt,bench_p26_wt_linear,2,0,0,134217728,64,64,0,3600000000000,65536,42,0,0,1024,usage,270659520,0,0,0,0,0,0,81920,6.157142
19,bench_p26_wt,bench_p26_wt_linear,2,0,0,134217728,64,64,0,3600000000000,131072,42,0,0,2048,write,277893120,279396090,1087643,69966,279396090,278427468,286580736,3600038349492,6.275858
19,bench_p26_wt,bench_p26_wt_linear,2,0,0,134217728,64,64,0,3600000000000,131072,42,0,0,2048,stack,277893120,0,0,0,0,0,0,2000,6.275963
19,bench_p26_wt,bench_p26_wt_linear,2,0,0,134217728,64,64,0,3600000000000,131072,42,0,0,2048,ctx,277893120,0,0,0,0,0,0,400,6.276018
19,bench_p26_wt,bench_p26_wt_linear,2,0,0,134217728,64,64,0,3600000000000,131072,42,0,0,2048,heap,277893120,0,0,0,0,0,0,784,6.276067
19,bench_p26_wt,bench_p26_wt_linear,2,0,0,134217728,64,64,0,3600000000000,131072,42,0,0,2048,usage,277893120,0,0,0,0,0,0,40960,6.276113
23,bench_p26_wt,bench_p26_wt_linear,2,0,0,134217728,64,64,0,3600000000000,2097152,42,0,0,32768,write,284971520,287042694,1115347,69710,287042694,285527628,285532160,3600044606868,6.327176
23,bench_p26_wt,bench_p26_wt_linear,2,0,0,134217728,64,64,0,3600000000000,2097152,42,0,0,32768,stack,284971520,0,0,0,0,0,0,2000,6.327256
23,bench_p26_wt,bench_p26_wt_linear,2,0,0,134217728,64,64,0,3600000000000,2097152,42,0,0,32768,ctx,284971520,0,0,0,0,0,0,400,6.327296
23,bench_p26_wt,bench_p26_wt_linear,2,0,0,134217728,64,64,0,3600000000000,2097152,42,0,0,32768,heap,284971520,0,0,0,0,0,0,784,6.327328
23,bench_p26_wt,bench_p26_wt_linear,2,0,0,134217728,64,64,0,3600000000000,2097152,42,0,0,32768,usage,284971520,0,0,0,0,0,0,1880064,6.327358
21,bench_p26_wt,bench_p26_wt_linear,2,0,0,134217728,64,64,0,3600000000000,524288,42,0,0,8192,write,283528448,285168848,1109699,69762,285168848,284080116,285745152,3600022157468,6.366197
21,bench_p26_wt,bench_p26_wt_linear,2,0,0,134217728,64,64,0,3600000000000,524288,42,0,0,8192,stack,283528448,0,0,0,0,0,0,2000,6.366295
21,bench_p26_wt,bench_p26_wt_linear,2,0,0,134217728,64,64,0,3600000000000,524288,42,0,0,8192,ctx,283528448,0,0,0,0,0,0,400,6.366347
21,bench_p26_wt,bench_p26_wt_linear,2,0,0,134217728,64,64,0,3600000000000,524288,42,0,0,8192,heap,283528448,0,0,0,0,0,0,784,6.366391
21,bench_p26_wt,bench_p26_wt_linear,2,0,0,134217728,64,64,0,3600000000000,524288,42,0,0,8192,usage,283528448,0,0,0,0,0,0,434176,6.366433
20,bench_p26_wt,bench_p26_wt_linear,2,0,0,134217728,64,64,0,3600000000000,262144,42,0,0,4096,write,281624448,283179360,1102247,69831,283179360,282170268,286027776,3600029444244,6.366419
20,bench_p26_wt,bench_p26_wt_linear,2,0,0,134217728,64,64,0,3600000000000,262144,42,0,0,4096,stack,281624448,0,0,0,0,0,0,2000,6.366527
20,bench_p26_wt,bench_p26_wt_linear,2,0,0,134217728,64,64,0,3600000000000,262144,42,0,0,4096,ctx,281624448,0,0,0,0,0,0,400,6.366564
20,bench_p26_wt,bench_p26_wt_linear,2,0,0,134217728,64,64,0,3600000000000,262144,42,0,0,4096,heap,281624448,0,0,0,0,0,0,784,6.366593
20,bench_p26_wt,bench_p26_wt_linear,2,0,0,134217728,64,64,0,3600000000000,262144,42,0,0,4096,usage,281624448,0,0,0,0,0,0,102400,6.366621
22,bench_p26_wt,bench_p26_wt_linear,2,0,0,134217728,64,64,0,3600000000000,1048576,42,0,0,16384,write,284487104,286273286,1113451,69727,286273286,285041716,285601792,3600010932684,6.469513
22,bench_p26_wt,bench_p26_wt_linear,2,0,0,134217728,64,64,0,3600000000000,1048576,42,0,0,16384,stack,284487104,0,0,0,0,0,0,2000,6.469639
22,bench_p26_wt,bench_p26_wt_linear,2,0,0,134217728,64,64,0,3600000000000,1048576,42,0,0,16384,ctx,284487104,0,0,0,0,0,0,400,6.469690
22,bench_p26_wt,bench_p26_wt_linear,2,0,0,134217728,64,64,0,3600000000000,1048576,42,0,0,16384,heap,284487104,0,0,0,0,0,0,784,6.469744
22,bench_p26_wt,bench_p26_wt_linear,2,0,0,134217728,64,64,0,3600000000000,1048576,42,0,0,16384,usage,284487104,0,0,0,0,0,0,344064,6.469793
14,bench_p26_wt,bench_p26_wt_linear,2,0,0,134217728,64,64,0,3600000000000,4096,42,0,0,64,write,285528384,286198794,1115348,69710,286198794,285528460,285532160,3600011266804,6.918726
14,bench_p26_wt,bench_p26_wt_linear,2,0,0,134217728,64,64,0,3600000000000,4096,42,0,0,64,stack,285528384,0,0,0,0,0,0,2000,6.918830
14,bench_p26_wt,bench_p26_wt_linear,2,0,0,134217728,64,64,0,3600000000000,4096,42,0,0,64,ctx,285528384,0,0,0,0,0,0,400,6.918871
14,bench_p26_wt,bench_p26_wt_linear,2,0,0,134217728,64,64,0,3600000000000,4096,42,0,0,64,heap,285528384,0,0,0,0,0,0,784,6.918904
14,bench_p26_wt,bench_p26_wt_linear,2,0,0,134217728,64,64,0,3600000000000,4096,42,0,0,64,usage,285528384,0,0,0,0,0,0,20480,6.918934
24,bench_p26_wt,bench_p26_wt_linear,2,0,0,134217728,64,64,0,3600000000000,4194304,42,0,0,65536,write,284967424,287597542,1115331,69709,287597542,285524068,285528064,3600015332444,3.967833
24,bench_p26_wt,bench_p26_wt_linear,2,0,0,134217728,64,64,0,3600000000000,4194304,42,0,0,65536,stack,284967424,0,0,0,0,0,0,2000,3.967917
24,bench_p26_wt,bench_p26_wt_linear,2,0,0,134217728,64,64,0,3600000000000,4194304,42,0,0,65536,ctx,284967424,0,0,0,0,0,0,400,3.967960
24,bench_p26_wt,bench_p26_wt_linear,2,0,0,134217728,64,64,0,3600000000000,4194304,42,0,0,65536,heap,284967424,0,0,0,0,0,0,784,3.967994
24,bench_p26_wt,bench_p26_wt_linear,2,0,0,134217728,64,64,0,3600000000000,4194304,42,0,0,65536,usage,284967424,0,0,0,0,0,0,3977216,3.968025
25,bench_p26_wt,bench_p26_wt_linear,2,0,0,134217728,64,64,0,3600000000000,8388608,42,0,0,131072,write,284844800,288597366,1114884,69712,288597366,285402008,285540352,3600009145016,3.165359
25,bench_p26_wt,bench_p26_wt_linear,2,0,0,134217728,64,64,0,3600000000000,8388608,42,0,0,131072,stack,284844800,0,0,0,0,0,0,2000,3.165510
25,bench_p26_wt,bench_p26_wt_linear,2,0,0,134217728,64,64,0,3600000000000,8388608,42,0,0,131072,ctx,284844800,0,0,0,0,0,0,400,3.165550
25,bench_p26_wt,bench_p26_wt_linear,2,0,0,134217728,64,64,0,3600000000000,8388608,42,0,0,131072,heap,284844800,0,0,0,0,0,0,784,3.165582
25,bench_p26_wt,bench_p26_wt_linear,2,0,0,134217728,64,64,0,3600000000000,8388608,42,0,0,131072,usage,284844800,0,0,0,0,0,0,8056832,3.165610
27,bench_p26_wt,bench_p26_wt_linear,2,0,0,134217728,64,64,0,3600000000000,33554432,42,0,0,524288,write,284914240,295105502,1115131,69704,295105502,285471768,285507584,3600009638264,3.495065
27,bench_p26_wt,bench_p26_wt_linear,2,0,0,134217728,64,64,0,3600000000000,33554432,42,0,0,524288,stack,284914240,0,0,0,0,0,0,2000,3.495123
27,bench_p26_wt,bench_p26_wt_linear,2,0,0,134217728,64,64,0,3600000000000,33554432,42,0,0,524288,ctx,284914240,0,0,0,0,0,0,400,3.495159
27,bench_p26_wt,bench_p26_wt_linear,2,0,0,134217728,64,64,0,3600000000000,33554432,42,0,0,524288,heap,284914240,0,0,0,0,0,0,784,3.495189
27,bench_p26_wt,bench_p26_wt_linear,2,0,0,134217728,64,64,0,3600000000000,33554432,42,0,0,524288,usage,284914240,0,0,0,0,0,0,16531456,3.495216
26,bench_p26_wt,bench_p26_wt_linear,2,0,0,134217728,64,64,0,3600000000000,16777216,42,0,0,262144,write,284899968,290879358,1115083,69708,290879358,285457404,285523968,3600001108068,2.800403
26,bench_p26_wt,bench_p26_wt_linear,2,0,0,134217728,64,64,0,3600000000000,16777216,42,0,0,262144,stack,284899968,0,0,0,0,0,0,2000,2.800473
26,bench_p26_wt,bench_p26_wt_linear,2,0,0,134217728,64,64,0,3600000000000,16777216,42,0,0,262144,ctx,284899968,0,0,0,0,0,0,400,2.809073
26,bench_p26_wt,bench_p26_wt_linear,2,0,0,134217728,64,64,0,3600000000000,16777216,42,0,0,262144,heap,284899968,0,0,0,0,0,0,784,2.809142
26,bench_p26_wt,bench_p26_wt_linear,2,0,0,134217728,64,64,0,3600000000000,16777216,42,0,0,262144,usage,284899968,0,0,0,0,0,0,16515072,2.809191
28,bench_p26_wt,bench_p26_wt_random,2,0,0,134217728,64,64,0,3600000000000,1024,42,0,0,16,write,4894080,186426710,382017,76405,186426710,83047335,312954880,3600012977621,8.447449
28,bench_p26_wt,bench_p26_wt_random,2,0,0,134217728,64,64,0,3600000000000,1024,42,0,0,16,stack,4894080,0,0,0,0,0,0,1984,8.447569
28,bench_p26_wt,bench_p26_wt_random,2,0,0,134217728,64,64,0,3600000000000,1024,42,0,0,16,ctx,4894080,0,0,0,0,0,0,384,8.447625
28,bench_p26_wt,bench_p26_wt_random,2,0,0,134217728,64,64,0,3600000000000,1024,42,0,0,16,heap,4894080,0,0,0,0,0,0,784,8.447699
28,bench_p26_wt,bench_p26_wt_random,2,0,0,134217728,64,64,0,3600000000000,1024,42,0,0,16,usage,4894080,0,0,0,0,0,0,20480,8.447747
29,bench_p26_wt,bench_p26_wt_random,2,0,0,134217728,64,64,0,3600000000000,2048,42,0,0,32,write,4721408,330935032,663648,73742,330935032,155651544,302047232,3600029818312,14.414279
29,bench_p26_wt,bench_p26_wt_random,2,0,0,134217728,64,64,0,3600000000000,2048,42,0,0,32,stack,4721408,0,0,0,0,0,0,1984,14.414409
29,bench_p26_wt,bench_p26_wt_random,2,0,0,134217728,64,64,0,3600000000000,2048,42,0,0,32,ctx,4721408,0,0,0,0,0,0,384,14.414466
29,bench_p26_wt,bench_p26_wt_random,2,0,0,134217728,64,64,0,3600000000000,2048,42,0,0,32,heap,4721408,0,0,0,0,0,0,784,14.414514
29,bench_p26_wt,bench_p26_wt_random,2,0,0,134217728,64,64,0,3600000000000,2048,42,0,0,32,usage,4721408,0,0,0,0,0,0,20480,14.414560
30,bench_p26_wt,bench_p26_wt_random,2,0,0,134217728,64,64,0,3600000000000,4096,42,0,0,64,write,2375360,318947967,630542,74050,318947967,154409686,303308800,3600139688890,15.248431
30,bench_p26_wt,bench_p26_wt_random,2,0,0,134217728,64,64,0,3600000000000,4096,42,0,0,64,stack,2375360,0,0,0,0,0,0,1984,15.248561
30,bench_p26_wt,bench_p26_wt_random,2,0,0,134217728,64,64,0,3600000000000,4096,42,0,0,64,ctx,2375360,0,0,0,0,0,0,384,15.248620
30,bench_p26_wt,bench_p26_wt_random,2,0,0,134217728,64,64,0,3600000000000,4096,42,0,0,64,heap,2375360,0,0,0,0,0,0,784,15.248671
30,bench_p26_wt,bench_p26_wt_random,2,0,0,134217728,64,64,0,3600000000000,4096,42,0,0,64,usage,2375360,0,0,0,0,0,0,24576,15.248718
31,bench_p26_wt,bench_p26_wt_random,2,0,0,134217728,64,64,0,3600000000000,8192,42,0,0,128,write,1875392,372326054,732107,73088,372326054,182095044,299368448,3600151127420,18.975164
31,bench_p26_wt,bench_p26_wt_random,2,0,0,134217728,64,64,0,3600000000000,8192,42,0,0,128,stack,1875392,0,0,0,0,0,0,1984,18.975298
31,bench_p26_wt,bench_p26_wt_random,2,0,0,134217728,64,64,0,3600000000000,8192,42,0,0,128,ctx,1875392,0,0,0,0,0,0,384,18.975355
31,bench_p26_wt,bench_p26_wt_random,2,0,0,134217728,64,64,0,3600000000000,8192,42,0,0,128,heap,1875392,0,0,0,0,0,0,784,18.975402
31,bench_p26_wt,bench_p26_wt_random,2,0,0,134217728,64,64,0,3600000000000,8192,42,0,0,128,usage,1875392,0,0,0,0,0,0,28672,18.975447
32,bench_p26_wt,bench_p26_wt_random,2,0,0,134217728,64,64,0,3600000000000,16384,42,0,0,256,write,1329280,433110488,847730,71992,433110488,213614625,294879232,3600126849587,20.653854
32,bench_p26_wt,bench_p26_wt_random,2,0,0,134217728,64,64,0,3600000000000,16384,42,0,0,256,stack,1329280,0,0,0,0,0,0,1984,20.653980
32,bench_p26_wt,bench_p26_wt_random,2,0,0,134217728,64,64,0,3600000000000,16384,42,0,0,256,ctx,1329280,0,0,0,0,0,0,384,20.654039
32,bench_p26_wt,bench_p26_wt_random,2,0,0,134217728,64,64,0,3600000000000,16384,42,0,0,256,heap,1329280,0,0,0,0,0,0,784,20.654090
32,bench_p26_wt,bench_p26_wt_random,2,0,0,134217728,64,64,0,3600000000000,16384,42,0,0,256,usage,1329280,0,0,0,0,0,0,36864,20.654135
33,bench_p26_wt,bench_p26_wt_random,2,0,0,134217728,64,64,0,3600000000000,32768,42,0,0,512,write,827456,484029841,944614,71077,484029841,240031428,291131392,3600257773876,23.995096
33,bench_p26_wt,bench_p26_wt_random,2,0,0,134217728,64,64,0,3600000000000,32768,42,0,0,512,stack,827456,0,0,0,0,0,0,1984,23.995213
33,bench_p26_wt,bench_p26_wt_random,2,0,0,134217728,64,64,0,3600000000000,32768,42,0,0,512,ctx,827456,0,0,0,0,0,0,384,24.003510
33,bench_p26_wt,bench_p26_wt_random,2,0,0,134217728,64,64,0,3600000000000,32768,42,0,0,512,heap,827456,0,0,0,0,0,0,784,24.003573
33,bench_p26_wt,bench_p26_wt_random,2,0,0,134217728,64,64,0,3600000000000,32768,42,0,0,512,usage,827456,0,0,0,0,0,0,53248,24.003623
34,bench_p26_wt,bench_p26_wt_random,2,0,0,134217728,64,64,0,3600000000000,65536,42,0,0,1024,write,483392,528912338,1030334,70285,528912338,263109790,287887360,3601151599242,25.777177
34,bench_p26_wt,bench_p26_wt_random,2,0,0,134217728,64,64,0,3600000000000,65536,42,0,0,1024,stack,483392,0,0,0,0,0,0,1984,25.777277
34,bench_p26_wt,bench_p26_wt_random,2,0,0,134217728,64,64,0,3600000000000,65536,42,0,0,1024,ctx,483392,0,0,0,0,0,0,384,25.777345
34,bench_p26_wt,bench_p26_wt_random,2,0,0,134217728,64,64,0,3600000000000,65536,42,0,0,1024,heap,483392,0,0,0,0,0,0,784,25.777393
34,bench_p26_wt,bench_p26_wt_random,2,0,0,134217728,64,64,0,3600000000000,65536,42,0,0,1024,usage,483392,0,0,0,0,0,0,86016,25.777437
35,bench_p26_wt,bench_p26_wt_random,2,0,0,134217728,64,64,0,3600000000000,131072,42,0,0,2048,write,262656,547834538,1067645,69915,547834538,272538407,286371840,3600367304053,26.329689
35,bench_p26_wt,bench_p26_wt_random,2,0,0,134217728,64,64,0,3600000000000,131072,42,0,0,2048,stack,262656,0,0,0,0,0,0,1984,26.329793
35,bench_p26_wt,bench_p26_wt_random,2,0,0,134217728,64,64,0,3600000000000,131072,42,0,0,2048,ctx,262656,0,0,0,0,0,0,384,26.329845
35,bench_p26_wt,bench_p26_wt_random,2,0,0,134217728,64,64,0,3600000000000,131072,42,0,0,2048,heap,262656,0,0,0,0,0,0,784,26.329890
35,bench_p26_wt,bench_p26_wt_random,2,0,0,134217728,64,64,0,3600000000000,131072,42,0,0,2048,usage,262656,0,0,0,0,0,0,151552,26.329933
37,bench_p26_wt,bench_p26_wt_random,2,0,0,134217728,64,64,0,3600000000000,524288,42,0,0,8192,write,68864,566074144,1101372,69612,566074144,281837842,285130752,3601134101846,26.892860
37,bench_p26_wt,bench_p26_wt_random,2,0,0,134217728,64,64,0,3600000000000,524288,42,0,0,8192,stack,68864,0,0,0,0,0,0,1984,26.892959
37,bench_p26_wt,bench_p26_wt_random,2,0,0,134217728,64,64,0,3600000000000,524288,42,0,0,8192,ctx,68864,0,0,0,0,0,0,384,26.893009
37,bench_p26_wt,bench_p26_wt_random,2,0,0,134217728,64,64,0,3600000000000,524288,42,0,0,8192,heap,68864,0,0,0,0,0,0,784,26.893052
37,bench_p26_wt,bench_p26_wt_random,2,0,0,134217728,64,64,0,3600000000000,524288,42,0,0,8192,usage,68864,0,0,0,0,0,0,544768,26.893095
36,bench_p26_wt,bench_p26_wt_random,2,0,0,134217728,64,64,0,3600000000000,262144,42,0,0,4096,write,139072,560090452,1090512,69789,560090452,278840163,285855744,3604457170297,26.953351
36,bench_p26_wt,bench_p26_wt_random,2,0,0,134217728,64,64,0,3600000000000,262144,42,0,0,4096,stack,139072,0,0,0,0,0,0,1984,26.953433
36,bench_p26_wt,bench_p26_wt_random,2,0,0,134217728,64,64,0,3600000000000,262144,42,0,0,4096,ctx,139072,0,0,0,0,0,0,384,26.953481
36,bench_p26_wt,bench_p26_wt_random,2,0,0,134217728,64,64,0,3600000000000,262144,42,0,0,4096,heap,139072,0,0,0,0,0,0,784,26.953523
36,bench_p26_wt,bench_p26_wt_random,2,0,0,134217728,64,64,0,3600000000000,262144,42,0,0,4096,usage,139072,0,0,0,0,0,0,282624,26.953577
39,bench_p26_wt,bench_p26_wt_random,2,0,0,134217728,64,64,0,3600000000000,2097152,42,0,0,32768,write,18368,574935784,1117250,69998,574935784,285977229,286711808,3625289929399,27.400313
39,bench_p26_wt,bench_p26_wt_random,2,0,0,134217728,64,64,0,3600000000000,2097152,42,0,0,32768,stack,18368,0,0,0,0,0,0,1984,27.400410
39,bench_p26_wt,bench_p26_wt_random,2,0,0,134217728,64,64,0,3600000000000,2097152,42,0,0,32768,ctx,18368,0,0,0,0,0,0,384,27.400460
39,bench_p26_wt,bench_p26_wt_random,2,0,0,134217728,64,64,0,3600000000000,2097152,42,0,0,32768,heap,18368,0,0,0,0,0,0,784,27.400504
39,bench_p26_wt,bench_p26_wt_random,2,0,0,134217728,64,64,0,3600000000000,2097152,42,0,0,32768,usage,18368,0,0,0,0,0,0,2101248,27.400545
38,bench_p26_wt,bench_p26_wt_random,2,0,0,134217728,64,64,0,3600000000000,1048576,42,0,0,16384,write,35712,572609213,1113118,69819,572609213,284875042,285978624,3615467836686,27.719482
38,bench_p26_wt,bench_p26_wt_random,2,0,0,134217728,64,64,0,3600000000000,1048576,42,0,0,16384,stack,35712,0,0,0,0,0,0,1984,27.719570
38,bench_p26_wt,bench_p26_wt_random,2,0,0,134217728,64,64,0,3600000000000,1048576,42,0,0,16384,ctx,35712,0,0,0,0,0,0,384,27.719614
38,bench_p26_wt,bench_p26_wt_random,2,0,0,134217728,64,64,0,3600000000000,1048576,42,0,0,16384,heap,35712,0,0,0,0,0,0,784,27.719650
38,bench_p26_wt,bench_p26_wt_random,2,0,0,134217728,64,64,0,3600000000000,1048576,42,0,0,16384,usage,35712,0,0,0,0,0,0,1069056,27.719681
40,bench_p26_wt,bench_p26_wt_random,2,0,0,134217728,64,64,0,3600000000000,4194304,42,0,0,65536,write,9216,581106269,1128744,70633,581106269,288942437,289312768,3658766305543,23.372900
40,bench_p26_wt,bench_p26_wt_random,2,0,0,134217728,64,64,0,3600000000000,4194304,42,0,0,65536,stack,9216,0,0,0,0,0,0,1984,23.372995
40,bench_p26_wt,bench_p26_wt_random,2,0,0,134217728,64,64,0,3600000000000,4194304,42,0,0,65536,ctx,9216,0,0,0,0,0,0,384,23.373035
40,bench_p26_wt,bench_p26_wt_random,2,0,0,134217728,64,64,0,3600000000000,4194304,42,0,0,65536,heap,9216,0,0,0,0,0,0,784,23.373068
40,bench_p26_wt,bench_p26_wt_random,2,0,0,134217728,64,64,0,3600000000000,4194304,42,0,0,65536,usage,9216,0,0,0,0,0,0,4202496,23.373099
41,bench_p26_wt,bench_p26_wt_random,2,0,0,134217728,64,64,0,3600000000000,8388608,42,0,0,131072,write,4352,574299585,1117070,69850,574299585,285964195,286105600,3618532409665,19.323227
41,bench_p26_wt,bench_p26_wt_random,2,0,0,134217728,64,64,0,3600000000000,8388608,42,0,0,131072,stack,4352,0,0,0,0,0,0,1984,19.323304
41,bench_p26_wt,bench_p26_wt_random,2,0,0,134217728,64,64,0,3600000000000,8388608,42,0,0,131072,ctx,4352,0,0,0,0,0,0,384,19.323342
41,bench_p26_wt,bench_p26_wt_random,2,0,0,134217728,64,64,0,3600000000000,8388608,42,0,0,131072,heap,4352,0,0,0,0,0,0,784,19.323374
41,bench_p26_wt,bench_p26_wt_random,2,0,0,134217728,64,64,0,3600000000000,8388608,42,0,0,131072,usage,4352,0,0,0,0,0,0,8245248,19.323404
42,bench_p26_wt,bench_p26_wt_random,2,0,0,134217728,64,64,0,3600000000000,16777216,42,0,0,262144,write,2624,576359394,1123279,70217,576359394,287550566,287608832,3637643844578,18.856734
42,bench_p26_wt,bench_p26_wt_random,2,0,0,134217728,64,64,0,3600000000000,16777216,42,0,0,262144,stack,2624,0,0,0,0,0,0,1984,18.856842
42,bench_p26_wt,bench_p26_wt_random,2,0,0,134217728,64,64,0,3600000000000,16777216,42,0,0,262144,ctx,2624,0,0,0,0,0,0,384,18.856876
42,bench_p26_wt,bench_p26_wt_random,2,0,0,134217728,64,64,0,3600000000000,16777216,42,0,0,262144,heap,2624,0,0,0,0,0,0,784,18.856904
42,bench_p26_wt,bench_p26_wt_random,2,0,0,134217728,64,64,0,3600000000000,16777216,42,0,0,262144,usage,2624,0,0,0,0,0,0,15998976,18.856930
43,bench_p26_wt,bench_p26_wt_random,2,0,0,134217728,64,64,0,3600000000000,33554432,42,0,0,524288,write,2112,612093799,1201741,75126,612093799,307639860,307716096,3891748162804,18.460327
43,bench_p26_wt,bench_p26_wt_random,2,0,0,134217728,64,64,0,3600000000000,33554432,42,0,0,524288,stack,2112,0,0,0,0,0,0,1984,18.460393
43,bench_p26_wt,bench_p26_wt_random,2,0,0,134217728,64,64,0,3600000000000,33554432,42,0,0,524288,ctx,2112,0,0,0,0,0,0,384,18.460423
43,bench_p26_wt,bench_p26_wt_random,2,0,0,134217728,64,64,0,3600000000000,33554432,42,0,0,524288,heap,2112,0,0,0,0,0,0,784,18.460447
43,bench_p26_wt,bench_p26_wt_random,2,0,0,134217728,64,64,0,3600000000000,33554432,42,0,0,524288,usage,2112,0,0,0,0,0,0,32210944,18.460468
44,bench_p26_wt,bench_p26_wt_many,2,0,0,134217728,64,64,0,3600000000000,1024,42,0,0,16,write,104280832,7099476770,2365837,52564,7099476770,214464510,215302144,3600000877610,119.278147
44,bench_p26_wt,bench_p26_wt_many,2,0,0,134217728,64,64,0,3600000000000,1024,42,0,0,16,stack,104280832,0,0,0,0,0,0,2240,119.278335
44,bench_p26_wt,bench_p26_wt_many,2,0,0,134217728,64,64,0,3600000000000,1024,42,0,0,16,ctx,104280832,0,0,0,0,0,0,640,119.278386
44,bench_p26_wt,bench_p26_wt_many,2,0,0,134217728,64,64,0,3600000000000,1024,42,0,0,16,heap,104280832,0,0,0,0,0,0,784,119.278438
44,bench_p26_wt,bench_p26_wt_many,2,0,0,134217728,64,64,0,3600000000000,1024,42,0,0,16,usage,104280832,0,0,0,0,0,0,16384,119.278484
45,bench_p26_wt,bench_p26_wt_many,2,0,0,134217728,64,64,0,3600000000000,2048,42,0,0,32,write,100838848,9121594254,2341009,50991,9121594254,207432896,208859136,3600034712432,147.560978
45,bench_p26_wt,bench_p26_wt_many,2,0,0,134217728,64,64,0,3600000000000,2048,42,0,0,32,stack,100838848,0,0,0,0,0,0,2272,147.561106
45,bench_p26_wt,bench_p26_wt_many,2,0,0,134217728,64,64,0,3600000000000,2048,42,0,0,32,ctx,100838848,0,0,0,0,0,0,640,147.561158
45,bench_p26_wt,bench_p26_wt_many,2,0,0,134217728,64,64,0,3600000000000,2048,42,0,0,32,heap,100838848,0,0,0,0,0,0,784,147.561203
45,bench_p26_wt,bench_p26_wt_many,2,0,0,134217728,64,64,0,3600000000000,2048,42,0,0,32,usage,100838848,0,0,0,0,0,0,24576,147.561256
46,bench_p26_wt,bench_p26_wt_many,2,0,0,134217728,64,64,0,3600000000000,4096,42,0,0,64,write,95721536,12882695482,2226262,48672,12882695482,197611920,199360512,3600026792128,199.395540
46,bench_p26_wt,bench_p26_wt_many,2,0,0,134217728,64,64,0,3600000000000,4096,42,0,0,64,stack,95721536,0,0,0,0,0,0,2272,199.395668
46,bench_p26_wt,bench_p26_wt_many,2,0,0,134217728,64,64,0,3600000000000,4096,42,0,0,64,ctx,95721536,0,0,0,0,0,0,640,199.395719
46,bench_p26_wt,bench_p26_wt_many,2,0,0,134217728,64,64,0,3600000000000,4096,42,0,0,64,heap,95721536,0,0,0,0,0,0,784,199.395764
46,bench_p26_wt,bench_p26_wt_many,2,0,0,134217728,64,64,0,3600000000000,4096,42,0,0,64,usage,95721536,0,0,0,0,0,0,40960,199.395806
47,bench_p26_wt,bench_p26_wt_many,2,0,0,134217728,64,64,0,3600000000000,8192,42,0,0,128,write,83155392,18023636244,1981528,46282,18023636244,187472752,189571072,3600000064624,264.947097
47,bench_p26_wt,bench_p26_wt_many,2,0,0,134217728,64,64,0,3600000000000,8192,42,0,0,128,stack,83155392,0,0,0,0,0,0,2288,264.947231
47,bench_p26_wt,bench_p26_wt_many,2,0,0,134217728,64,64,0,3600000000000,8192,42,0,0,128,ctx,83155392,0,0,0,0,0,0,640,264.947284
47,bench_p26_wt,bench_p26_wt_many,2,0,0,134217728,64,64,0,3600000000000,8192,42,0,0,128,heap,83155392,0,0,0,0,0,0,784,264.947327
47,bench_p26_wt,bench_p26_wt_many,2,0,0,134217728,64,64,0,3600000000000,8192,42,0,0,128,usage,83155392,0,0,0,0,0,0,65536,264.947369
48,bench_p26_wt,bench_p26_wt_many,2,0,0,134217728,64,64,0,3600000000000,16384,42,0,0,256,write,73181184,30487098572,1699892,37723,30487098572,152821314,154513408,3600046234310,443.851334
48,bench_p26_wt,bench_p26_wt_many,2,0,0,134217728,64,64,0,3600000000000,16384,42,0,0,256,stack,73181184,0,0,0,0,0,0,2288,443.851440
48,bench_p26_wt,bench_p26_wt_many,2,0,0,134217728,64,64,0,3600000000000,16384,42,0,0,256,ctx,73181184,0,0,0,0,0,0,640,443.851490
48,bench_p26_wt,bench_p26_wt_many,2,0,0,134217728,64,64,0,3600000000000,16384,42,0,0,256,heap,73181184,0,0,0,0,0,0,784,443.851535
48,bench_p26_wt,bench_p26_wt_many,2,0,0,134217728,64,64,0,3600000000000,16384,42,0,0,256,usage,73181184,0,0,0,0,0,0,139264,443.851586
49,bench_p26_wt,bench_p26_wt_many,2,0,0,134217728,64,64,0,3600000000000,32768,42,0,0,512,write,56873600,43549242116,1327208,29439,43549242116,119241410,120582144,3600003788038,606.081183
49,bench_p26_wt,bench_p26_wt_many,2,0,0,134217728,64,64,0,3600000000000,32768,42,0,0,512,stack,56873600,0,0,0,0,0,0,2288,606.081283
49,bench_p26_wt,bench_p26_wt_many,2,0,0,134217728,64,64,0,3600000000000,32768,42,0,0,512,ctx,56873600,0,0,0,0,0,0,640,606.081331
49,bench_p26_wt,bench_p26_wt_many,2,0,0,134217728,64,64,0,3600000000000,32768,42,0,0,512,heap,56873600,0,0,0,0,0,0,784,606.081374
49,bench_p26_wt,bench_p26_wt_many,2,0,0,134217728,64,64,0,3600000000000,32768,42,0,0,512,usage,56873600,0,0,0,0,0,0,270336,606.081413
50,bench_p26_wt,bench_p26_wt_many,2,0,0,134217728,64,64,0,3600000000000,65536,42,0,0,1024,write,38095936,58789834592,887691,19816,58789834592,80175212,81166336,3600000104452,707.999809
50,bench_p26_wt,bench_p26_wt_many,2,0,0,134217728,64,64,0,3600000000000,65536,42,0,0,1024,stack,38095936,0,0,0,0,0,0,2288,707.999911
50,bench_p26_wt,bench_p26_wt_many,2,0,0,134217728,64,64,0,3600000000000,65536,42,0,0,1024,ctx,38095936,0,0,0,0,0,0,640,707.999960
50,bench_p26_wt,bench_p26_wt_many,2,0,0,134217728,64,64,0,3600000000000,65536,42,0,0,1024,heap,38095936,0,0,0,0,0,0,784,708.000004
50,bench_p26_wt,bench_p26_wt_many,2,0,0,134217728,64,64,0,3600000000000,65536,42,0,0,1024,usage,38095936,0,0,0,0,0,0,540672,708.000044
54,bench_p26_wt,bench_p26_wt_many,2,0,0,134217728,64,64,0,3600000000000,1048576,42,0,0,16384,write,4885888,84898312800,137643,3308,84898312800,12074822,13549568,3600092305970,913.725317
54,bench_p26_wt,bench_p26_wt_many,2,0,0,134217728,64,64,0,3600000000000,1048576,42,0,0,16384,stack,4885888,0,0,0,0,0,0,2288,913.725417
54,bench_p26_wt,bench_p26_wt_many,2,0,0,134217728,64,64,0,3600000000000,1048576,42,0,0,16384,ctx,4885888,0,0,0,0,0,0,640,913.725469
54,bench_p26_wt,bench_p26_wt_many,2,0,0,134217728,64,64,0,3600000000000,1048576,42,0,0,16384,heap,4885888,0,0,0,0,0,0,784,913.725528
54,bench_p26_wt,bench_p26_wt_many,2,0,0,134217728,64,64,0,3600000000000,1048576,42,0,0,16384,usage,4885888,0,0,0,0,0,0,8069120,913.725577
51,bench_p26_wt,bench_p26_wt_many,2,0,0,134217728,64,64,0,3600000000000,131072,42,0,0,2048,write,23750400,70208664426,558681,12604,70208664426,50880622,51625984,3600020280250,940.546312
51,bench_p26_wt,bench_p26_wt_many,2,0,0,134217728,64,64,0,3600000000000,131072,42,0,0,2048,stack,23750400,0,0,0,0,0,0,2288,940.546413
51,bench_p26_wt,bench_p26_wt_many,2,0,0,134217728,64,64,0,3600000000000,131072,42,0,0,2048,ctx,23750400,0,0,0,0,0,0,640,940.546462
51,bench_p26_wt,bench_p26_wt_many,2,0,0,134217728,64,64,0,3600000000000,131072,42,0,0,2048,heap,23750400,0,0,0,0,0,0,784,940.546503
51,bench_p26_wt,bench_p26_wt_many,2,0,0,134217728,64,64,0,3600000000000,131072,42,0,0,2048,usage,23750400,0,0,0,0,0,0,1032192,940.546541
57,bench_p26_wt,bench_p26_wt_many,2,0,0,134217728,64,64,0,3600000000000,8388608,42,0,0,131072,write,3634112,83811650538,154119,4128,83811650538,13377200,16908288,3600141967520,869.587061
57,bench_p26_wt,bench_p26_wt_many,2,0,0,134217728,64,64,0,3600000000000,8388608,42,0,0,131072,stack,3634112,0,0,0,0,0,0,2288,869.587179
57,bench_p26_wt,bench_p26_wt_many,2,0,0,134217728,64,64,0,3600000000000,8388608,42,0,0,131072,ctx,3634112,0,0,0,0,0,0,640,869.587230
57,bench_p26_wt,bench_p26_wt_many,2,0,0,134217728,64,64,0,3600000000000,8388608,42,0,0,131072,heap,3634112,0,0,0,0,0,0,784,869.587273
57,bench_p26_wt,bench_p26_wt_many,2,0,0,134217728,64,64,0,3600000000000,8388608,42,0,0,131072,usage,3634112,0,0,0,0,0,0,16646144,869.587315
53,bench_p26_wt,bench_p26_wt_many,2,0,0,134217728,64,64,0,3600000000000,524288,42,0,0,8192,write,7686272,83139172250,191158,4392,83139172250,17119494,17989632,3600013925762,1017.679569
53,bench_p26_wt,bench_p26_wt_many,2,0,0,134217728,64,64,0,3600000000000,524288,42,0,0,8192,stack,7686272,0,0,0,0,0,0,2288,1017.679664
53,bench_p26_wt,bench_p26_wt_many,2,0,0,134217728,64,64,0,3600000000000,524288,42,0,0,8192,ctx,7686272,0,0,0,0,0,0,640,1017.679711
53,bench_p26_wt,bench_p26_wt_many,2,0,0,134217728,64,64,0,3600000000000,524288,42,0,0,8192,heap,7686272,0,0,0,0,0,0,784,1017.679753
53,bench_p26_wt,bench_p26_wt_many,2,0,0,134217728,64,64,0,3600000000000,524288,42,0,0,8192,usage,7686272,0,0,0,0,0,0,4202496,1017.679791
55,bench_p26_wt,bench_p26_wt_many,2,0,0,134217728,64,64,0,3600000000000,2097152,42,0,0,32768,write,4026880,84698034504,134788,3512,84698034504,11536912,14385152,3600108314224,1022.722870
55,bench_p26_wt,bench_p26_wt_many,2,0,0,134217728,64,64,0,3600000000000,2097152,42,0,0,32768,stack,4026880,0,0,0,0,0,0,2288,1022.722960
55,bench_p26_wt,bench_p26_wt_many,2,0,0,134217728,64,64,0,3600000000000,2097152,42,0,0,32768,ctx,4026880,0,0,0,0,0,0,640,1022.723002
55,bench_p26_wt,bench_p26_wt_many,2,0,0,134217728,64,64,0,3600000000000,2097152,42,0,0,32768,heap,4026880,0,0,0,0,0,0,784,1022.723037
55,bench_p26_wt,bench_p26_wt_many,2,0,0,134217728,64,64,0,3600000000000,2097152,42,0,0,32768,usage,4026880,0,0,0,0,0,0,13508608,1022.723068
59,bench_p26_wt,bench_p26_wt_many,2,0,0,134217728,64,64,0,3600000000000,33554432,42,0,0,524288,write,3558656,83384324972,163442,4425,83384324972,14331538,18124800,3600162071478,762.288938
59,bench_p26_wt,bench_p26_wt_many,2,0,0,134217728,64,64,0,3600000000000,33554432,42,0,0,524288,stack,3558656,0,0,0,0,0,0,2288,762.289028
59,bench_p26_wt,bench_p26_wt_many,2,0,0,134217728,64,64,0,3600000000000,33554432,42,0,0,524288,ctx,3558656,0,0,0,0,0,0,640,762.289071
59,bench_p26_wt,bench_p26_wt_many,2,0,0,134217728,64,64,0,3600000000000,33554432,42,0,0,524288,heap,3558656,0,0,0,0,0,0,784,762.289109
59,bench_p26_wt,bench_p26_wt_many,2,0,0,134217728,64,64,0,3600000000000,33554432,42,0,0,524288,usage,3558656,0,0,0,0,0,0,17481728,762.289144
52,bench_p26_wt,bench_p26_wt_many,2,0,0,134217728,64,64,0,3600000000000,262144,42,0,0,4096,write,13469056,78790726902,318736,7118,78790726902,28527920,29155328,3600006738176,1035.056246
52,bench_p26_wt,bench_p26_wt_many,2,0,0,134217728,64,64,0,3600000000000,262144,42,0,0,4096,stack,13469056,0,0,0,0,0,0,2288,1035.056337
52,bench_p26_wt,bench_p26_wt_many,2,0,0,134217728,64,64,0,3600000000000,262144,42,0,0,4096,ctx,13469056,0,0,0,0,0,0,640,1035.056375
52,bench_p26_wt,bench_p26_wt_many,2,0,0,134217728,64,64,0,3600000000000,262144,42,0,0,4096,heap,13469056,0,0,0,0,0,0,784,1035.056405
52,bench_p26_wt,bench_p26_wt_many,2,0,0,134217728,64,64,0,3600000000000,262144,42,0,0,4096,usage,13469056,0,0,0,0,0,0,2138112,1035.056432
56,bench_p26_wt,bench_p26_wt_many,2,0,0,134217728,64,64,0,3600000000000,4194304,42,0,0,65536,write,3758080,84126709536,145611,3925,84126709536,12572728,16076800,3600190026280,986.952768
56,bench_p26_wt,bench_p26_wt_many,2,0,0,134217728,64,64,0,3600000000000,4194304,42,0,0,65536,stack,3758080,0,0,0,0,0,0,2288,986.952850
56,bench_p26_wt,bench_p26_wt_many,2,0,0,134217728,64,64,0,3600000000000,4194304,42,0,0,65536,ctx,3758080,0,0,0,0,0,0,640,986.952895
56,bench_p26_wt,bench_p26_wt_many,2,0,0,134217728,64,64,0,3600000000000,4194304,42,0,0,65536,heap,3758080,0,0,0,0,0,0,784,986.952928
56,bench_p26_wt,bench_p26_wt_many,2,0,0,134217728,64,64,0,3600000000000,4194304,42,0,0,65536,usage,3758080,0,0,0,0,0,0,15900672,986.952958
58,bench_p26_wt,bench_p26_wt_many,2,0,0,134217728,64,64,0,3600000000000,16777216,42,0,0,262144,write,3583552,83536129398,160055,4317,83536129398,13978752,17682432,3600012457200,927.678581
58,bench_p26_wt,bench_p26_wt_many,2,0,0,134217728,64,64,0,3600000000000,16777216,42,0,0,262144,stack,3583552,0,0,0,0,0,0,2288,927.678650
58,bench_p26_wt,bench_p26_wt_many,2,0,0,134217728,64,64,0,3600000000000,16777216,42,0,0,262144,ctx,3583552,0,0,0,0,0,0,640,927.678680
58,bench_p26_wt,bench_p26_wt_many,2,0,0,134217728,64,64,0,3600000000000,16777216,42,0,0,262144,heap,3583552,0,0,0,0,0,0,784,927.678715
58,bench_p26_wt,bench_p26_wt_many,2,0,0,134217728,64,64,0,3600000000000,16777216,42,0,0,262144,usage,3583552,0,0,0,0,0,0,17244160,927.678752
60,bench_p26_wt,bench_p26_wt_logging,2,0,0,134217728,64,64,0,3600000000000,1024,42,0,0,16,write,6365824,203239194,369660,76511,203239194,57849685,313389056,3600032197471,6.806597
60,bench_p26_wt,bench_p26_wt_logging,2,0,0,134217728,64,64,0,3600000000000,1024,42,0,0,16,stack,6365824,0,0,0,0,0,0,2016,6.806710
60,bench_p26_wt,bench_p26_wt_logging,2,0,0,134217728,64,64,0,3600000000000,1024,42,0,0,16,ctx,6365824,0,0,0,0,0,0,400,6.806767
60,bench_p26_wt,bench_p26_wt_logging,2,0,0,134217728,64,64,0,3600000000000,1024,42,0,0,16,heap,6365824,0,0,0,0,0,0,784,6.806815
60,bench_p26_wt,bench_p26_wt_logging,2,0,0,134217728,64,64,0,3600000000000,1024,42,0,0,16,usage,6365824,0,0,0,0,0,0,24576,6.806859
61,bench_p26_wt,bench_p26_wt_logging,2,0,0,134217728,64,64,0,3600000000000,2048,42,0,0,32,write,5436032,236202713,480751,75479,236202713,92681848,309161984,3600024555984,8.509279
61,bench_p26_wt,bench_p26_wt_logging,2,0,0,134217728,64,64,0,3600000000000,2048,42,0,0,32,stack,5436032,0,0,0,0,0,0,2000,8.509402
61,bench_p26_wt,bench_p26_wt_logging,2,0,0,134217728,64,64,0,3600000000000,2048,42,0,0,32,ctx,5436032,0,0,0,0,0,0,400,8.509458
61,bench_p26_wt,bench_p26_wt_logging,2,0,0,134217728,64,64,0,3600000000000,2048,42,0,0,32,heap,5436032,0,0,0,0,0,0,784,8.509507
61,bench_p26_wt,bench_p26_wt_logging,2,0,0,134217728,64,64,0,3600000000000,2048,42,0,0,32,usage,5436032,0,0,0,0,0,0,24576,8.509551
68,bench_p26_wt,bench_p26_wt_logging,2,0,0,134217728,64,64,0,3600000000000,262144,42,0,0,4096,write,4596096,331579277,707423,73353,331579277,153686097,300453888,3600029370635,11.902368
68,bench_p26_wt,bench_p26_wt_logging,2,0,0,134217728,64,64,0,3600000000000,262144,42,0,0,4096,stack,4596096,0,0,0,0,0,0,2000,11.902484
68,bench_p26_wt,bench_p26_wt_logging,2,0,0,134217728,64,64,0,3600000000000,262144,42,0,0,4096,ctx,4596096,0,0,0,0,0,0,400,11.902540
68,bench_p26_wt,bench_p26_wt_logging,2,0,0,134217728,64,64,0,3600000000000,262144,42,0,0,4096,heap,4596096,0,0,0,0,0,0,784,11.902587
68,bench_p26_wt,bench_p26_wt_logging,2,0,0,134217728,64,64,0,3600000000000,262144,42,0,0,4096,usage,4596096,0,0,0,0,0,0,425984,11.902632
71,bench_p26_wt,bench_p26_wt_logging,2,0,0,134217728,64,64,0,3600000000000,2097152,42,0,0,32768,write,4592704,331044425,707723,73351,331044425,153905229,300445696,3600042181151,11.983313
71,bench_p26_wt,bench_p26_wt_logging,2,0,0,134217728,64,64,0,3600000000000,2097152,42,0,0,32768,stack,4592704,0,0,0,0,0,0,2000,11.983393
71,bench_p26_wt,bench_p26_wt_logging,2,0,0,134217728,64,64,0,3600000000000,2097152,42,0,0,32768,ctx,4592704,0,0,0,0,0,0,400,11.983448
71,bench_p26_wt,bench_p26_wt_logging,2,0,0,134217728,64,64,0,3600000000000,2097152,42,0,0,32768,heap,4592704,0,0,0,0,0,0,784,11.983493
71,bench_p26_wt,bench_p26_wt_logging,2,0,0,134217728,64,64,0,3600000000000,2097152,42,0,0,32768,usage,4592704,0,0,0,0,0,0,2519040,11.983538
69,bench_p26_wt,bench_p26_wt_logging,2,0,0,134217728,64,64,0,3600000000000,524288,42,0,0,8192,write,4593984,331370427,707276,73354,331370427,153692070,300457984,3600007309962,11.990173
69,bench_p26_wt,bench_p26_wt_logging,2,0,0,134217728,64,64,0,3600000000000,524288,42,0,0,8192,stack,4593984,0,0,0,0,0,0,2000,11.990246
69,bench_p26_wt,bench_p26_wt_logging,2,0,0,134217728,64,64,0,3600000000000,524288,42,0,0,8192,ctx,4593984,0,0,0,0,0,0,400,11.990297
69,bench_p26_wt,bench_p26_wt_logging,2,0,0,134217728,64,64,0,3600000000000,524288,42,0,0,8192,heap,4593984,0,0,0,0,0,0,784,11.990343
69,bench_p26_wt,bench_p26_wt_logging,2,0,0,134217728,64,64,0,3600000000000,524288,42,0,0,8192,usage,4593984,0,0,0,0,0,0,946176,11.990386
67,bench_p26_wt,bench_p26_wt_logging,2,0,0,134217728,64,64,0,3600000000000,131072,42,0,0,2048,write,4601280,331825489,707834,73349,331825489,153749017,300437504,3600024872579,12.001835
67,bench_p26_wt,bench_p26_wt_logging,2,0,0,134217728,64,64,0,3600000000000,131072,42,0,0,2048,stack,4601280,0,0,0,0,0,0,2000,12.001922
67,bench_p26_wt,bench_p26_wt_logging,2,0,0,134217728,64,64,0,3600000000000,131072,42,0,0,2048,ctx,4601280,0,0,0,0,0,0,400,12.001974
67,bench_p26_wt,bench_p26_wt_logging,2,0,0,134217728,64,64,0,3600000000000,131072,42,0,0,2048,heap,4601280,0,0,0,0,0,0,784,12.002018
67,bench_p26_wt,bench_p26_wt_logging,2,0,0,134217728,64,64,0,3600000000000,131072,42,0,0,2048,usage,4601280,0,0,0,0,0,0,167936,12.002062
66,bench_p26_wt,bench_p26_wt_logging,2,0,0,134217728,64,64,0,3600000000000,65536,42,0,0,1024,write,4611200,332583625,708891,73339,332583625,153939137,300396544,3600031759035,12.017715
66,bench_p26_wt,bench_p26_wt_logging,2,0,0,134217728,64,64,0,3600000000000,65536,42,0,0,1024,stack,4611200,0,0,0,0,0,0,2000,12.017794
66,bench_p26_wt,bench_p26_wt_logging,2,0,0,134217728,64,64,0,3600000000000,65536,42,0,0,1024,ctx,4611200,0,0,0,0,0,0,400,12.017846
66,bench_p26_wt,bench_p26_wt_logging,2,0,0,134217728,64,64,0,3600000000000,65536,42,0,0,1024,heap,4611200,0,0,0,0,0,0,784,12.017891
66,bench_p26_wt,bench_p26_wt_logging,2,0,0,134217728,64,64,0,3600000000000,65536,42,0,0,1024,usage,4611200,0,0,0,0,0,0,110592,12.017935
65,bench_p26_wt,bench_p26_wt_logging,2,0,0,134217728,64,64,0,3600000000000,32768,42,0,0,512,write,4626816,334150189,711326,73316,334150189,154309693,300302336,3600040804751,12.071942
65,bench_p26_wt,bench_p26_wt_logging,2,0,0,134217728,64,64,0,3600000000000,32768,42,0,0,512,stack,4626816,0,0,0,0,0,0,2016,12.072022
65,bench_p26_wt,bench_p26_wt_logging,2,0,0,134217728,64,64,0,3600000000000,32768,42,0,0,512,ctx,4626816,0,0,0,0,0,0,400,12.072071
65,bench_p26_wt,bench_p26_wt_logging,2,0,0,134217728,64,64,0,3600000000000,32768,42,0,0,512,heap,4626816,0,0,0,0,0,0,784,12.072114
65,bench_p26_wt,bench_p26_wt_logging,2,0,0,134217728,64,64,0,3600000000000,32768,42,0,0,512,usage,4626816,0,0,0,0,0,0,61440,12.072155
64,bench_p26_wt,bench_p26_wt_logging,2,0,0,134217728,64,64,0,3600000000000,16384,42,0,0,256,write,4667328,336305377,715581,73276,336305377,154651283,300138496,3600036100881,12.078845
64,bench_p26_wt,bench_p26_wt_logging,2,0,0,134217728,64,64,0,3600000000000,16384,42,0,0,256,stack,4667328,0,0,0,0,0,0,2016,12.078909
64,bench_p26_wt,bench_p26_wt_logging,2,0,0,134217728,64,64,0,3600000000000,16384,42,0,0,256,ctx,4667328,0,0,0,0,0,0,400,12.078955
64,bench_p26_wt,bench_p26_wt_logging,2,0,0,134217728,64,64,0,3600000000000,16384,42,0,0,256,heap,4667328,0,0,0,0,0,0,784,12.079014
64,bench_p26_wt,bench_p26_wt_logging,2,0,0,134217728,64,64,0,3600000000000,16384,42,0,0,256,usage,4667328,0,0,0,0,0,0,53248,12.079060
70,bench_p26_wt,bench_p26_wt_logging,2,0,0,134217728,64,64,0,3600000000000,1048576,42,0,0,16384,write,4593280,331218078,707319,73354,331218078,153756915,300457984,3600019653561,12.106798
70,bench_p26_wt,bench_p26_wt_logging,2,0,0,134217728,64,64,0,3600000000000,1048576,42,0,0,16384,stack,4593280,0,0,0,0,0,0,2000,12.106876
70,bench_p26_wt,bench_p26_wt_logging,2,0,0,134217728,64,64,0,3600000000000,1048576,42,0,0,16384,ctx,4593280,0,0,0,0,0,0,400,12.106919
70,bench_p26_wt,bench_p26_wt_logging,2,0,0,134217728,64,64,0,3600000000000,1048576,42,0,0,16384,heap,4593280,0,0,0,0,0,0,784,12.106955
70,bench_p26_wt,bench_p26_wt_logging,2,0,0,134217728,64,64,0,3600000000000,1048576,42,0,0,16384,usage,4593280,0,0,0,0,0,0,1470464,12.106987
62,bench_p26_wt,bench_p26_wt_logging,2,0,0,134217728,64,64,0,3600000000000,4096,42,0,0,64,write,4927424,361009743,742426,73012,361009743,162753829,299057152,3600040014871,12.454288
62,bench_p26_wt,bench_p26_wt_logging,2,0,0,134217728,64,64,0,3600000000000,4096,42,0,0,64,stack,4927424,0,0,0,0,0,0,2000,12.454379
62,bench_p26_wt,bench_p26_wt_logging,2,0,0,134217728,64,64,0,3600000000000,4096,42,0,0,64,ctx,4927424,0,0,0,0,0,0,400,12.454423
62,bench_p26_wt,bench_p26_wt_logging,2,0,0,134217728,64,64,0,3600000000000,4096,42,0,0,64,heap,4927424,0,0,0,0,0,0,784,12.454460
62,bench_p26_wt,bench_p26_wt_logging,2,0,0,134217728,64,64,0,3600000000000,4096,42,0,0,64,usage,4927424,0,0,0,0,0,0,24576,12.454496
63,bench_p26_wt,bench_p26_wt_logging,2,0,0,134217728,64,64,0,3600000000000,8192,42,0,0,128,write,4751040,344310433,724340,73190,344310433,157024618,299786240,3600036233222,12.933580
63,bench_p26_wt,bench_p26_wt_logging,2,0,0,134217728,64,64,0,3600000000000,8192,42,0,0,128,stack,4751040,0,0,0,0,0,0,2000,12.933669
63,bench_p26_wt,bench_p26_wt_logging,2,0,0,134217728,64,64,0,3600000000000,8192,42,0,0,128,ctx,4751040,0,0,0,0,0,0,400,12.933708
63,bench_p26_wt,bench_p26_wt_logging,2,0,0,134217728,64,64,0,3600000000000,8192,42,0,0,128,heap,4751040,0,0,0,0,0,0,784,12.933739
63,bench_p26_wt,bench_p26_wt_logging,2,0,0,134217728,64,64,0,3600000000000,8192,42,0,0,128,usage,4751040,0,0,0,0,0,0,36864,12.933768
72,bench_p26_wt,bench_p26_wt_logging,2,0,0,134217728,64,64,0,3600000000000,4194304,42,0,0,65536,write,4592256,329416170,707730,73352,329416170,153931385,300449792,3600025347467,8.619697
72,bench_p26_wt,bench_p26_wt_logging,2,0,0,134217728,64,64,0,3600000000000,4194304,42,0,0,65536,stack,4592256,0,0,0,0,0,0,2000,8.619792
72,bench_p26_wt,bench_p26_wt_logging,2,0,0,134217728,64,64,0,3600000000000,4194304,42,0,0,65536,ctx,4592256,0,0,0,0,0,0,400,8.619839
72,bench_p26_wt,bench_p26_wt_logging,2,0,0,134217728,64,64,0,3600000000000,4194304,42,0,0,65536,heap,4592256,0,0,0,0,0,0,784,8.619879
72,bench_p26_wt,bench_p26_wt_logging,2,0,0,134217728,64,64,0,3600000000000,4194304,42,0,0,65536,usage,4592256,0,0,0,0,0,0,4620288,8.619923
73,bench_p26_wt,bench_p26_wt_logging,2,0,0,134217728,64,64,0,3600000000000,8388608,42,0,0,131072,write,4592192,329042226,707705,73353,329042226,153932226,300453888,3600045401142,7.591388
73,bench_p26_wt,bench_p26_wt_logging,2,0,0,134217728,64,64,0,3600000000000,8388608,42,0,0,131072,stack,4592192,0,0,0,0,0,0,2000,7.591473
73,bench_p26_wt,bench_p26_wt_logging,2,0,0,134217728,64,64,0,3600000000000,8388608,42,0,0,131072,ctx,4592192,0,0,0,0,0,0,400,7.591515
73,bench_p26_wt,bench_p26_wt_logging,2,0,0,134217728,64,64,0,3600000000000,8388608,42,0,0,131072,heap,4592192,0,0,0,0,0,0,784,7.591551
73,bench_p26_wt,bench_p26_wt_logging,2,0,0,134217728,64,64,0,3600000000000,8388608,42,0,0,131072,usage,4592192,0,0,0,0,0,0,4620288,7.591585
74,bench_p26_wt,bench_p26_wt_logging,2,0,0,134217728,64,64,0,3600000000000,16777216,42,0,0,262144,write,4592192,329042226,707705,73353,329042226,153932226,300453888,3600045401142,5.656444
74,bench_p26_wt,bench_p26_wt_logging,2,0,0,134217728,64,64,0,3600000000000,16777216,42,0,0,262144,stack,4592192,0,0,0,0,0,0,2000,5.656530
74,bench_p26_wt,bench_p26_wt_logging,2,0,0,134217728,64,64,0,3600000000000,16777216,42,0,0,262144,ctx,4592192,0,0,0,0,0,0,400,5.656569
74,bench_p26_wt,bench_p26_wt_logging,2,0,0,134217728,64,64,0,3600000000000,16777216,42,0,0,262144,heap,4592192,0,0,0,0,0,0,784,5.656601
74,bench_p26_wt,bench_p26_wt_logging,2,0,0,134217728,64,64,0,3600000000000,16777216,42,0,0,262144,usage,4592192,0,0,0,0,0,0,4620288,5.656631
75,bench_p26_wt,bench_p26_wt_logging,2,0,0,134217728,64,64,0,3600000000000,33554432,42,0,0,524288,write,4592192,329042226,707705,73353,329042226,153932226,300453888,3600045401142,5.502586
75,bench_p26_wt,bench_p26_wt_logging,2,0,0,134217728,64,64,0,3600000000000,33554432,42,0,0,524288,stack,4592192,0,0,0,0,0,0,2000,5.502652
75,bench_p26_wt,bench_p26_wt_logging,2,0,0,134217728,64,64,0,3600000000000,33554432,42,0,0,524288,ctx,4592192,0,0,0,0,0,0,400,5.502692
75,bench_p26_wt,bench_p26_wt_logging,2,0,0,134217728,64,64,0,3600000000000,33554432,42,0,0,524288,heap,4592192,0,0,0,0,0,0,784,5.502740
75,bench_p26_wt,bench_p26_wt_logging,2,0,0,134217728,64,64,0,3600000000000,33554432,42,0,0,524288,usage,4592192,0,0,0,0,0,0,4620288,5.502771
