i,suite,case,NO_FRUNCATE,SEED,DISK_GEOMETRY,SIM_TIME,CHUNK,NO_SET,FILE_SIZE,SKIP_WARMUP,SIM_SIZE,SIZE,FS,CRYSTAL_THRESH,DISK_SIZE,FILE_COUNT,probe,n,bench_reads,bench_progs,bench_erases,bench_readed,bench_progged,bench_erased,bench_simtime,bench_runtime
19,bench_p26_wt,bench_p26_wt_linear,0,42,1,3600000000000,64,0,64,0,0,131072,31,-1,134217728,2048,write,565714496,94131977,4502138,25898,3527073666,2305094656,3394502656,3600002396838,69.671880
19,bench_p26_wt,bench_p26_wt_linear,0,42,1,3600000000000,64,0,64,0,0,131072,31,-1,134217728,2048,stack,565714496,0,0,0,0,0,0,3328,69.672096
19,bench_p26_wt,bench_p26_wt_linear,0,42,1,3600000000000,64,0,64,0,0,131072,31,-1,134217728,2048,ctx,565714496,0,0,0,0,0,0,624,69.672149
19,bench_p26_wt,bench_p26_wt_linear,0,42,1,3600000000000,64,0,64,0,0,131072,31,-1,134217728,2048,heap,565714496,0,0,0,0,0,0,1296,69.672196
19,bench_p26_wt,bench_p26_wt_linear,0,42,1,3600000000000,64,0,64,0,0,131072,31,-1,134217728,2048,usage,565714496,0,0,0,0,0,0,655360,69.672245
23,bench_p26_wt,bench_p26_wt_linear,0,42,1,3600000000000,64,0,64,0,0,2097152,31,-1,134217728,32768,write,434032192,96922961,4232836,22986,3902565198,2167212032,3012820992,3600096243402,71.134464
23,bench_p26_wt,bench_p26_wt_linear,0,42,1,3600000000000,64,0,64,0,0,2097152,31,-1,134217728,32768,stack,434032192,0,0,0,0,0,0,3328,71.134564
23,bench_p26_wt,bench_p26_wt_linear,0,42,1,3600000000000,64,0,64,0,0,2097152,31,-1,134217728,32768,ctx,434032192,0,0,0,0,0,0,624,71.134614
23,bench_p26_wt,bench_p26_wt_linear,0,42,1,3600000000000,64,0,64,0,0,2097152,31,-1,134217728,32768,heap,434032192,0,0,0,0,0,0,1296,71.134656
23,bench_p26_wt,bench_p26_wt_linear,0,42,1,3600000000000,64,0,64,0,0,2097152,31,-1,134217728,32768,usage,434032192,0,0,0,0,0,0,6815744,71.134699
22,bench_p26_wt,bench_p26_wt_linear,0,42,1,3600000000000,64,0,64,0,0,1048576,31,-1,134217728,16384,write,449551936,95841707,4328433,23585,3928194436,2216157696,3091333120,3600003434188,71.162159
22,bench_p26_wt,bench_p26_wt_linear,0,42,1,3600000000000,64,0,64,0,0,1048576,31,-1,134217728,16384,stack,449551936,0,0,0,0,0,0,3328,71.162254
22,bench_p26_wt,bench_p26_wt_linear,0,42,1,3600000000000,64,0,64,0,0,1048576,31,-1,134217728,16384,ctx,449551936,0,0,0,0,0,0,624,71.162304
22,bench_p26_wt,bench_p26_wt_linear,0,42,1,3600000000000,64,0,64,0,0,1048576,31,-1,134217728,16384,heap,449551936,0,0,0,0,0,0,1296,71.162347
22,bench_p26_wt,bench_p26_wt_linear,0,42,1,3600000000000,64,0,64,0,0,1048576,31,-1,134217728,16384,usage,449551936,0,0,0,0,0,0,2883584,71.162389
20,bench_p26_wt,bench_p26_wt_linear,0,42,1,3600000000000,64,0,64,0,0,262144,31,-1,134217728,4096,write,498629184,94647750,4442023,24731,3803190107,2274315776,3241541632,3600024938945,71.368113
20,bench_p26_wt,bench_p26_wt_linear,0,42,1,3600000000000,64,0,64,0,0,262144,31,-1,134217728,4096,stack,498629184,0,0,0,0,0,0,3328,71.368212
20,bench_p26_wt,bench_p26_wt_linear,0,42,1,3600000000000,64,0,64,0,0,262144,31,-1,134217728,4096,ctx,498629184,0,0,0,0,0,0,624,71.368261
20,bench_p26_wt,bench_p26_wt_linear,0,42,1,3600000000000,64,0,64,0,0,262144,31,-1,134217728,4096,heap,498629184,0,0,0,0,0,0,1296,71.368304
20,bench_p26_wt,bench_p26_wt_linear,0,42,1,3600000000000,64,0,64,0,0,262144,31,-1,134217728,4096,usage,498629184,0,0,0,0,0,0,786432,71.368346
21,bench_p26_wt,bench_p26_wt_linear,0,42,1,3600000000000,64,0,64,0,0,524288,31,-1,134217728,8192,write,467482176,95191244,4388470,24078,3902793027,2246896640,3155951616,3600088950777,71.542140
21,bench_p26_wt,bench_p26_wt_linear,0,42,1,3600000000000,64,0,64,0,0,524288,31,-1,134217728,8192,stack,467482176,0,0,0,0,0,0,3328,71.542233
21,bench_p26_wt,bench_p26_wt_linear,0,42,1,3600000000000,64,0,64,0,0,524288,31,-1,134217728,8192,ctx,467482176,0,0,0,0,0,0,624,71.542281
21,bench_p26_wt,bench_p26_wt_linear,0,42,1,3600000000000,64,0,64,0,0,524288,31,-1,134217728,8192,heap,467482176,0,0,0,0,0,0,1296,71.542322
21,bench_p26_wt,bench_p26_wt_linear,0,42,1,3600000000000,64,0,64,0,0,524288,31,-1,134217728,8192,usage,467482176,0,0,0,0,0,0,1703936,71.542367
17,bench_p26_wt,bench_p26_wt_linear,0,42,1,3600000000000,64,0,64,0,0,32768,31,-1,134217728,512,write,869628480,86115027,5189043,39811,3074547613,2656790016,5218107392,3600043457191,71.740068
17,bench_p26_wt,bench_p26_wt_linear,0,42,1,3600000000000,64,0,64,0,0,32768,31,-1,134217728,512,stack,869628480,0,0,0,0,0,0,3328,71.740169
17,bench_p26_wt,bench_p26_wt_linear,0,42,1,3600000000000,64,0,64,0,0,32768,31,-1,134217728,512,ctx,869628480,0,0,0,0,0,0,624,71.740217
17,bench_p26_wt,bench_p26_wt_linear,0,42,1,3600000000000,64,0,64,0,0,32768,31,-1,134217728,512,heap,869628480,0,0,0,0,0,0,1296,71.740259
17,bench_p26_wt,bench_p26_wt_linear,0,42,1,3600000000000,64,0,64,0,0,32768,31,-1,134217728,512,usage,869628480,0,0,0,0,0,0,786432,71.740300
18,bench_p26_wt,bench_p26_wt_linear,0,42,1,3600000000000,64,0,64,0,0,65536,31,-1,134217728,1024,write,1127111744,83457613,5564087,25800,2835522345,2848812544,3381657600,3600002045451,74.759671
18,bench_p26_wt,bench_p26_wt_linear,0,42,1,3600000000000,64,0,64,0,0,65536,31,-1,134217728,1024,stack,1127111744,0,0,0,0,0,0,3328,74.759763
18,bench_p26_wt,bench_p26_wt_linear,0,42,1,3600000000000,64,0,64,0,0,65536,31,-1,134217728,1024,ctx,1127111744,0,0,0,0,0,0,624,74.759811
18,bench_p26_wt,bench_p26_wt_linear,0,42,1,3600000000000,64,0,64,0,0,65536,31,-1,134217728,1024,heap,1127111744,0,0,0,0,0,0,1296,74.759854
18,bench_p26_wt,bench_p26_wt_linear,0,42,1,3600000000000,64,0,64,0,0,65536,31,-1,134217728,1024,usage,1127111744,0,0,0,0,0,0,655360,74.759912
16,bench_p26_wt,bench_p26_wt_linear,0,42,1,3600000000000,64,0,64,0,0,16384,31,-1,134217728,256,write,1911494208,63559954,7437843,29168,2624260587,3808175616,3823108096,3600002039409,83.299538
16,bench_p26_wt,bench_p26_wt_linear,0,42,1,3600000000000,64,0,64,0,0,16384,31,-1,134217728,256,stack,1911494208,0,0,0,0,0,0,3328,83.299632
16,bench_p26_wt,bench_p26_wt_linear,0,42,1,3600000000000,64,0,64,0,0,16384,31,-1,134217728,256,ctx,1911494208,0,0,0,0,0,0,624,83.299677
16,bench_p26_wt,bench_p26_wt_linear,0,42,1,3600000000000,64,0,64,0,0,16384,31,-1,134217728,256,heap,1911494208,0,0,0,0,0,0,1296,83.299717
16,bench_p26_wt,bench_p26_wt_linear,0,42,1,3600000000000,64,0,64,0,0,16384,31,-1,134217728,256,usage,1911494208,0,0,0,0,0,0,655360,83.299754
15,bench_p26_wt,bench_p26_wt_linear,0,42,1,3600000000000,64,0,64,0,0,8192,31,-1,134217728,128,write,2028230208,58498229,7892067,30950,2781321409,4040738304,4056678400,3600002078803,84.544955
15,bench_p26_wt,bench_p26_wt_linear,0,42,1,3600000000000,64,0,64,0,0,8192,31,-1,134217728,128,stack,2028230208,0,0,0,0,0,0,3328,84.545034
15,bench_p26_wt,bench_p26_wt_linear,0,42,1,3600000000000,64,0,64,0,0,8192,31,-1,134217728,128,ctx,2028230208,0,0,0,0,0,0,624,84.545072
15,bench_p26_wt,bench_p26_wt_linear,0,42,1,3600000000000,64,0,64,0,0,8192,31,-1,134217728,128,heap,2028230208,0,0,0,0,0,0,1296,84.545102
15,bench_p26_wt,bench_p26_wt_linear,0,42,1,3600000000000,64,0,64,0,0,8192,31,-1,134217728,128,usage,2028230208,0,0,0,0,0,0,655360,84.545130
14,bench_p26_wt,bench_p26_wt_linear,0,42,1,3600000000000,64,0,64,0,0,4096,31,-1,134217728,64,write,2610654272,45752302,9065071,35411,2780277573,4641316352,4641390592,3600002097183,88.637564
14,bench_p26_wt,bench_p26_wt_linear,0,42,1,3600000000000,64,0,64,0,0,4096,31,-1,134217728,64,stack,2610654272,0,0,0,0,0,0,3328,88.637650
14,bench_p26_wt,bench_p26_wt_linear,0,42,1,3600000000000,64,0,64,0,0,4096,31,-1,134217728,64,ctx,2610654272,0,0,0,0,0,0,624,88.637689
14,bench_p26_wt,bench_p26_wt_linear,0,42,1,3600000000000,64,0,64,0,0,4096,31,-1,134217728,64,heap,2610654272,0,0,0,0,0,0,1296,88.637720
14,bench_p26_wt,bench_p26_wt_linear,0,42,1,3600000000000,64,0,64,0,0,4096,31,-1,134217728,64,usage,2610654272,0,0,0,0,0,0,655360,88.637748
13,bench_p26_wt,bench_p26_wt_linear,0,42,1,3600000000000,64,0,64,0,0,2048,31,-1,134217728,32,write,3328414272,37840712,9789772,38242,2819622290,5012363264,5012455424,3600001167830,92.352118
13,bench_p26_wt,bench_p26_wt_linear,0,42,1,3600000000000,64,0,64,0,0,2048,31,-1,134217728,32,stack,3328414272,0,0,0,0,0,0,3328,92.352202
13,bench_p26_wt,bench_p26_wt_linear,0,42,1,3600000000000,64,0,64,0,0,2048,31,-1,134217728,32,ctx,3328414272,0,0,0,0,0,0,624,92.352240
13,bench_p26_wt,bench_p26_wt_linear,0,42,1,3600000000000,64,0,64,0,0,2048,31,-1,134217728,32,heap,3328414272,0,0,0,0,0,0,1296,92.352283
13,bench_p26_wt,bench_p26_wt_linear,0,42,1,3600000000000,64,0,64,0,0,2048,31,-1,134217728,32,usage,3328414272,0,0,0,0,0,0,655360,92.352314
12,bench_p26_wt,bench_p26_wt_linear,0,42,1,3600000000000,64,0,64,0,0,1024,31,-1,134217728,16,write,4609112640,46491138,9002466,35166,2705266413,4609262592,4609277952,3600001572759,94.345446
12,bench_p26_wt,bench_p26_wt_linear,0,42,1,3600000000000,64,0,64,0,0,1024,31,-1,134217728,16,stack,4609112640,0,0,0,0,0,0,3328,94.345530
12,bench_p26_wt,bench_p26_wt_linear,0,42,1,3600000000000,64,0,64,0,0,1024,31,-1,134217728,16,ctx,4609112640,0,0,0,0,0,0,624,94.345568
12,bench_p26_wt,bench_p26_wt_linear,0,42,1,3600000000000,64,0,64,0,0,1024,31,-1,134217728,16,heap,4609112640,0,0,0,0,0,0,1296,94.345599
12,bench_p26_wt,bench_p26_wt_linear,0,42,1,3600000000000,64,0,64,0,0,1024,31,-1,134217728,16,usage,4609112640,0,0,0,0,0,0,655360,94.345628
27,bench_p26_wt,bench_p26_wt_linear,0,42,1,3600000000000,64,0,64,0,0,33554432,31,-1,134217728,524288,write,256251456,115234477,2628842,14204,3035241374,1345967104,1861746688,3600003614906,30.829343
27,bench_p26_wt,bench_p26_wt_linear,0,42,1,3600000000000,64,0,64,0,0,33554432,31,-1,134217728,524288,stack,256251456,0,0,0,0,0,0,3328,30.829423
27,bench_p26_wt,bench_p26_wt_linear,0,42,1,3600000000000,64,0,64,0,0,33554432,31,-1,134217728,524288,ctx,256251456,0,0,0,0,0,0,624,30.829462
27,bench_p26_wt,bench_p26_wt_linear,0,42,1,3600000000000,64,0,64,0,0,33554432,31,-1,134217728,524288,heap,256251456,0,0,0,0,0,0,1296,30.829500
27,bench_p26_wt,bench_p26_wt_linear,0,42,1,3600000000000,64,0,64,0,0,33554432,31,-1,134217728,524288,usage,256251456,0,0,0,0,0,0,65798144,30.829534
26,bench_p26_wt,bench_p26_wt_linear,0,42,1,3600000000000,64,0,64,0,0,16777216,31,-1,134217728,262144,write,319194688,108547288,3214084,17467,3359935919,1645611008,2289434624,3600163232765,33.058182
26,bench_p26_wt,bench_p26_wt_linear,0,42,1,3600000000000,64,0,64,0,0,16777216,31,-1,134217728,262144,stack,319194688,0,0,0,0,0,0,3328,33.058264
26,bench_p26_wt,bench_p26_wt_linear,0,42,1,3600000000000,64,0,64,0,0,16777216,31,-1,134217728,262144,ctx,319194688,0,0,0,0,0,0,624,33.058300
26,bench_p26_wt,bench_p26_wt_linear,0,42,1,3600000000000,64,0,64,0,0,16777216,31,-1,134217728,262144,heap,319194688,0,0,0,0,0,0,1296,33.058331
26,bench_p26_wt,bench_p26_wt_linear,0,42,1,3600000000000,64,0,64,0,0,16777216,31,-1,134217728,262144,usage,319194688,0,0,0,0,0,0,1966080,33.058368
25,bench_p26_wt,bench_p26_wt_linear,0,42,1,3600000000000,64,0,64,0,0,8388608,31,-1,134217728,131072,write,376739392,102331567,3757581,20457,3658439578,1923881472,2681339904,3600038947438,34.339940
25,bench_p26_wt,bench_p26_wt_linear,0,42,1,3600000000000,64,0,64,0,0,8388608,31,-1,134217728,131072,stack,376739392,0,0,0,0,0,0,3328,34.340019
25,bench_p26_wt,bench_p26_wt_linear,0,42,1,3600000000000,64,0,64,0,0,8388608,31,-1,134217728,131072,ctx,376739392,0,0,0,0,0,0,624,34.340051
25,bench_p26_wt,bench_p26_wt_linear,0,42,1,3600000000000,64,0,64,0,0,8388608,31,-1,134217728,131072,heap,376739392,0,0,0,0,0,0,1296,34.340079
25,bench_p26_wt,bench_p26_wt_linear,0,42,1,3600000000000,64,0,64,0,0,8388608,31,-1,134217728,131072,usage,376739392,0,0,0,0,0,0,23855104,34.340104
24,bench_p26_wt,bench_p26_wt_linear,0,42,1,3600000000000,64,0,64,0,0,4194304,31,-1,134217728,65536,write,411383360,98834003,4064563,22122,3822645934,2081056256,2899574784,3600163874026,34.645050
24,bench_p26_wt,bench_p26_wt_linear,0,42,1,3600000000000,64,0,64,0,0,4194304,31,-1,134217728,65536,stack,411383360,0,0,0,0,0,0,3328,34.645115
24,bench_p26_wt,bench_p26_wt_linear,0,42,1,3600000000000,64,0,64,0,0,4194304,31,-1,134217728,65536,ctx,411383360,0,0,0,0,0,0,624,34.645146
24,bench_p26_wt,bench_p26_wt_linear,0,42,1,3600000000000,64,0,64,0,0,4194304,31,-1,134217728,65536,heap,411383360,0,0,0,0,0,0,1296,34.645171
24,bench_p26_wt,bench_p26_wt_linear,0,42,1,3600000000000,64,0,64,0,0,4194304,31,-1,134217728,65536,usage,411383360,0,0,0,0,0,0,1703936,34.645193
39,bench_p26_wt,bench_p26_wt_random,0,42,1,3600000000000,64,0,64,0,0,2097152,31,-1,134217728,32768,write,41500352,113761665,2768275,10874,3387068536,1417356800,1425276928,3600140032744,57.495708
39,bench_p26_wt,bench_p26_wt_random,0,42,1,3600000000000,64,0,64,0,0,2097152,31,-1,134217728,32768,stack,41500352,0,0,0,0,0,0,3312,57.495829
39,bench_p26_wt,bench_p26_wt_random,0,42,1,3600000000000,64,0,64,0,0,2097152,31,-1,134217728,32768,ctx,41500352,0,0,0,0,0,0,608,57.495883
39,bench_p26_wt,bench_p26_wt_random,0,42,1,3600000000000,64,0,64,0,0,2097152,31,-1,134217728,32768,heap,41500352,0,0,0,0,0,0,1296,57.495927
39,bench_p26_wt,bench_p26_wt_random,0,42,1,3600000000000,64,0,64,0,0,2097152,31,-1,134217728,32768,usage,41500352,0,0,0,0,0,0,8126464,57.495970
33,bench_p26_wt,bench_p26_wt_random,0,42,1,3600000000000,64,0,64,0,0,32768,31,-1,134217728,512,write,82888320,102951941,3781511,14818,3114550700,1936133632,1942224896,3600076490180,64.556439
33,bench_p26_wt,bench_p26_wt_random,0,42,1,3600000000000,64,0,64,0,0,32768,31,-1,134217728,512,stack,82888320,0,0,0,0,0,0,3312,64.556549
33,bench_p26_wt,bench_p26_wt_random,0,42,1,3600000000000,64,0,64,0,0,32768,31,-1,134217728,512,ctx,82888320,0,0,0,0,0,0,608,64.556600
33,bench_p26_wt,bench_p26_wt_random,0,42,1,3600000000000,64,0,64,0,0,32768,31,-1,134217728,512,heap,82888320,0,0,0,0,0,0,1296,64.556644
33,bench_p26_wt,bench_p26_wt_random,0,42,1,3600000000000,64,0,64,0,0,32768,31,-1,134217728,512,usage,82888320,0,0,0,0,0,0,786432,64.556686
38,bench_p26_wt,bench_p26_wt_random,0,42,1,3600000000000,64,0,64,0,0,1048576,31,-1,134217728,16384,write,44928128,110756662,3033520,11898,3540451995,1553162240,1559494656,3600069988737,66.735260
38,bench_p26_wt,bench_p26_wt_random,0,42,1,3600000000000,64,0,64,0,0,1048576,31,-1,134217728,16384,stack,44928128,0,0,0,0,0,0,3312,66.735362
38,bench_p26_wt,bench_p26_wt_random,0,42,1,3600000000000,64,0,64,0,0,1048576,31,-1,134217728,16384,ctx,44928128,0,0,0,0,0,0,608,66.735411
38,bench_p26_wt,bench_p26_wt_random,0,42,1,3600000000000,64,0,64,0,0,1048576,31,-1,134217728,16384,heap,44928128,0,0,0,0,0,0,1296,66.735457
38,bench_p26_wt,bench_p26_wt_random,0,42,1,3600000000000,64,0,64,0,0,1048576,31,-1,134217728,16384,usage,44928128,0,0,0,0,0,0,4325376,66.735499
29,bench_p26_wt,bench_p26_wt_random,0,42,1,3600000000000,64,0,64,0,0,2048,31,-1,134217728,32,write,193638656,81167426,5745834,22545,3651590219,2941867008,2955018240,3600002722193,67.855570
29,bench_p26_wt,bench_p26_wt_random,0,42,1,3600000000000,64,0,64,0,0,2048,31,-1,134217728,32,stack,193638656,0,0,0,0,0,0,3312,67.855687
29,bench_p26_wt,bench_p26_wt_random,0,42,1,3600000000000,64,0,64,0,0,2048,31,-1,134217728,32,ctx,193638656,0,0,0,0,0,0,608,67.855735
29,bench_p26_wt,bench_p26_wt_random,0,42,1,3600000000000,64,0,64,0,0,2048,31,-1,134217728,32,heap,193638656,0,0,0,0,0,0,1296,67.855778
29,bench_p26_wt,bench_p26_wt_random,0,42,1,3600000000000,64,0,64,0,0,2048,31,-1,134217728,32,usage,193638656,0,0,0,0,0,0,655360,67.855819
36,bench_p26_wt,bench_p26_wt_random,0,42,1,3600000000000,64,0,64,0,0,262144,31,-1,134217728,4096,write,46965760,107154244,3350801,13137,3733693298,1715610112,1721892864,3600005592950,67.947239
36,bench_p26_wt,bench_p26_wt_random,0,42,1,3600000000000,64,0,64,0,0,262144,31,-1,134217728,4096,stack,46965760,0,0,0,0,0,0,3312,67.947336
36,bench_p26_wt,bench_p26_wt_random,0,42,1,3600000000000,64,0,64,0,0,262144,31,-1,134217728,4096,ctx,46965760,0,0,0,0,0,0,608,67.947384
36,bench_p26_wt,bench_p26_wt_random,0,42,1,3600000000000,64,0,64,0,0,262144,31,-1,134217728,4096,heap,46965760,0,0,0,0,0,0,1296,67.947427
36,bench_p26_wt,bench_p26_wt_random,0,42,1,3600000000000,64,0,64,0,0,262144,31,-1,134217728,4096,usage,46965760,0,0,0,0,0,0,1310720,67.947468
32,bench_p26_wt,bench_p26_wt_random,0,42,1,3600000000000,64,0,64,0,0,16384,31,-1,134217728,256,write,111162624,98254164,4210886,16510,3145764478,2155973632,2163998720,3600002471770,68.768537
32,bench_p26_wt,bench_p26_wt_random,0,42,1,3600000000000,64,0,64,0,0,16384,31,-1,134217728,256,stack,111162624,0,0,0,0,0,0,3312,68.768643
32,bench_p26_wt,bench_p26_wt_random,0,42,1,3600000000000,64,0,64,0,0,16384,31,-1,134217728,256,ctx,111162624,0,0,0,0,0,0,608,68.768705
32,bench_p26_wt,bench_p26_wt_random,0,42,1,3600000000000,64,0,64,0,0,16384,31,-1,134217728,256,heap,111162624,0,0,0,0,0,0,1296,68.768750
32,bench_p26_wt,bench_p26_wt_random,0,42,1,3600000000000,64,0,64,0,0,16384,31,-1,134217728,256,usage,111162624,0,0,0,0,0,0,786432,68.768796
35,bench_p26_wt,bench_p26_wt_random,0,42,1,3600000000000,64,0,64,0,0,131072,31,-1,134217728,2048,write,49392512,105323304,3511592,13762,3842657403,1797935104,1803812864,3600046300449,69.019084
35,bench_p26_wt,bench_p26_wt_random,0,42,1,3600000000000,64,0,64,0,0,131072,31,-1,134217728,2048,stack,49392512,0,0,0,0,0,0,3312,69.019184
35,bench_p26_wt,bench_p26_wt_random,0,42,1,3600000000000,64,0,64,0,0,131072,31,-1,134217728,2048,ctx,49392512,0,0,0,0,0,0,608,69.019233
35,bench_p26_wt,bench_p26_wt_random,0,42,1,3600000000000,64,0,64,0,0,131072,31,-1,134217728,2048,heap,49392512,0,0,0,0,0,0,1296,69.019275
35,bench_p26_wt,bench_p26_wt_random,0,42,1,3600000000000,64,0,64,0,0,131072,31,-1,134217728,2048,usage,49392512,0,0,0,0,0,0,1048576,69.019313
37,bench_p26_wt,bench_p26_wt_random,0,42,1,3600000000000,64,0,64,0,0,524288,31,-1,134217728,8192,write,47238720,108551267,3227608,12650,3660087488,1652535296,1658060800,3600003907136,69.085610
37,bench_p26_wt,bench_p26_wt_random,0,42,1,3600000000000,64,0,64,0,0,524288,31,-1,134217728,8192,stack,47238720,0,0,0,0,0,0,3312,69.085699
37,bench_p26_wt,bench_p26_wt_random,0,42,1,3600000000000,64,0,64,0,0,524288,31,-1,134217728,8192,ctx,47238720,0,0,0,0,0,0,608,69.085745
37,bench_p26_wt,bench_p26_wt_random,0,42,1,3600000000000,64,0,64,0,0,524288,31,-1,134217728,8192,heap,47238720,0,0,0,0,0,0,1296,69.085784
37,bench_p26_wt,bench_p26_wt_random,0,42,1,3600000000000,64,0,64,0,0,524288,31,-1,134217728,8192,usage,47238720,0,0,0,0,0,0,2621440,69.085822
34,bench_p26_wt,bench_p26_wt_random,0,42,1,3600000000000,64,0,64,0,0,65536,31,-1,134217728,1024,write,54699456,102392791,3768193,14760,4022593896,1929314816,1934622720,3600016468152,69.420265
34,bench_p26_wt,bench_p26_wt_random,0,42,1,3600000000000,64,0,64,0,0,65536,31,-1,134217728,1024,stack,54699456,0,0,0,0,0,0,3312,69.420352
34,bench_p26_wt,bench_p26_wt_random,0,42,1,3600000000000,64,0,64,0,0,65536,31,-1,134217728,1024,ctx,54699456,0,0,0,0,0,0,608,69.420392
34,bench_p26_wt,bench_p26_wt_random,0,42,1,3600000000000,64,0,64,0,0,65536,31,-1,134217728,1024,heap,54699456,0,0,0,0,0,0,1296,69.420424
34,bench_p26_wt,bench_p26_wt_random,0,42,1,3600000000000,64,0,64,0,0,65536,31,-1,134217728,1024,usage,54699456,0,0,0,0,0,0,917504,69.420456
31,bench_p26_wt,bench_p26_wt_random,0,42,1,3600000000000,64,0,64,0,0,8192,31,-1,134217728,128,write,121232576,98625701,4181503,16397,3078332361,2140929536,2149187584,3600002631147,69.433138
31,bench_p26_wt,bench_p26_wt_random,0,42,1,3600000000000,64,0,64,0,0,8192,31,-1,134217728,128,stack,121232576,0,0,0,0,0,0,3312,69.433206
31,bench_p26_wt,bench_p26_wt_random,0,42,1,3600000000000,64,0,64,0,0,8192,31,-1,134217728,128,ctx,121232576,0,0,0,0,0,0,608,69.433251
31,bench_p26_wt,bench_p26_wt_random,0,42,1,3600000000000,64,0,64,0,0,8192,31,-1,134217728,128,heap,121232576,0,0,0,0,0,0,1296,69.433290
31,bench_p26_wt,bench_p26_wt_random,0,42,1,3600000000000,64,0,64,0,0,8192,31,-1,134217728,128,usage,121232576,0,0,0,0,0,0,655360,69.433332
30,bench_p26_wt,bench_p26_wt_random,0,42,1,3600000000000,64,0,64,0,0,4096,31,-1,134217728,64,write,154962048,89951448,4959613,19457,3350819664,2539321856,2550267904,3600002559216,73.108956
30,bench_p26_wt,bench_p26_wt_random,0,42,1,3600000000000,64,0,64,0,0,4096,31,-1,134217728,64,stack,154962048,0,0,0,0,0,0,3312,73.109040
30,bench_p26_wt,bench_p26_wt_random,0,42,1,3600000000000,64,0,64,0,0,4096,31,-1,134217728,64,ctx,154962048,0,0,0,0,0,0,608,73.109079
30,bench_p26_wt,bench_p26_wt_random,0,42,1,3600000000000,64,0,64,0,0,4096,31,-1,134217728,64,heap,154962048,0,0,0,0,0,0,1296,73.109110
30,bench_p26_wt,bench_p26_wt_random,0,42,1,3600000000000,64,0,64,0,0,4096,31,-1,134217728,64,usage,154962048,0,0,0,0,0,0,655360,73.109139
28,bench_p26_wt,bench_p26_wt_random,0,42,1,3600000000000,64,0,64,0,0,1024,31,-1,134217728,16,write,233153792,71672974,6602398,25916,3881103434,3380427776,3396861952,3600005785982,77.287033
28,bench_p26_wt,bench_p26_wt_random,0,42,1,3600000000000,64,0,64,0,0,1024,31,-1,134217728,16,stack,233153792,0,0,0,0,0,0,3312,77.287119
28,bench_p26_wt,bench_p26_wt_random,0,42,1,3600000000000,64,0,64,0,0,1024,31,-1,134217728,16,ctx,233153792,0,0,0,0,0,0,608,77.287158
28,bench_p26_wt,bench_p26_wt_random,0,42,1,3600000000000,64,0,64,0,0,1024,31,-1,134217728,16,heap,233153792,0,0,0,0,0,0,1296,77.287189
28,bench_p26_wt,bench_p26_wt_random,0,42,1,3600000000000,64,0,64,0,0,1024,31,-1,134217728,16,usage,233153792,0,0,0,0,0,0,655360,77.287216
43,bench_p26_wt,bench_p26_wt_random,0,42,1,3600000000000,64,0,64,0,0,33554432,31,-1,134217728,524288,write,24652800,131201285,1231544,5003,2463342733,630550528,655753216,3600731708023,28.982213
43,bench_p26_wt,bench_p26_wt_random,0,42,1,3600000000000,64,0,64,0,0,33554432,31,-1,134217728,524288,stack,24652800,0,0,0,0,0,0,3312,28.982306
43,bench_p26_wt,bench_p26_wt_random,0,42,1,3600000000000,64,0,64,0,0,33554432,31,-1,134217728,524288,ctx,24652800,0,0,0,0,0,0,608,28.982348
43,bench_p26_wt,bench_p26_wt_random,0,42,1,3600000000000,64,0,64,0,0,33554432,31,-1,134217728,524288,heap,24652800,0,0,0,0,0,0,1296,28.982390
43,bench_p26_wt,bench_p26_wt_random,0,42,1,3600000000000,64,0,64,0,0,33554432,31,-1,134217728,524288,usage,24652800,0,0,0,0,0,0,68026368,28.982430
41,bench_p26_wt,bench_p26_wt_random,0,42,1,3600000000000,64,0,64,0,0,8388608,31,-1,134217728,131072,write,31470272,123702625,1888780,7481,2888739459,967055360,980549632,3600007073721,31.976543
41,bench_p26_wt,bench_p26_wt_random,0,42,1,3600000000000,64,0,64,0,0,8388608,31,-1,134217728,131072,stack,31470272,0,0,0,0,0,0,3312,31.976623
41,bench_p26_wt,bench_p26_wt_random,0,42,1,3600000000000,64,0,64,0,0,8388608,31,-1,134217728,131072,ctx,31470272,0,0,0,0,0,0,608,31.976661
41,bench_p26_wt,bench_p26_wt_random,0,42,1,3600000000000,64,0,64,0,0,8388608,31,-1,134217728,131072,heap,31470272,0,0,0,0,0,0,1296,31.976691
41,bench_p26_wt,bench_p26_wt_random,0,42,1,3600000000000,64,0,64,0,0,8388608,31,-1,134217728,131072,usage,31470272,0,0,0,0,0,0,29622272,31.976721
42,bench_p26_wt,bench_p26_wt_random,0,42,1,3600000000000,64,0,64,0,0,16777216,31,-1,134217728,262144,write,26402816,128608308,1456076,5820,2627060523,745510912,762839040,3600008545329,29.873245
42,bench_p26_wt,bench_p26_wt_random,0,42,1,3600000000000,64,0,64,0,0,16777216,31,-1,134217728,262144,stack,26402816,0,0,0,0,0,0,3312,29.873313
42,bench_p26_wt,bench_p26_wt_random,0,42,1,3600000000000,64,0,64,0,0,16777216,31,-1,134217728,262144,ctx,26402816,0,0,0,0,0,0,608,29.873347
42,bench_p26_wt,bench_p26_wt_random,0,42,1,3600000000000,64,0,64,0,0,16777216,31,-1,134217728,262144,heap,26402816,0,0,0,0,0,0,1296,29.873375
42,bench_p26_wt,bench_p26_wt_random,0,42,1,3600000000000,64,0,64,0,0,16777216,31,-1,134217728,262144,usage,26402816,0,0,0,0,0,0,43909120,29.873400
40,bench_p26_wt,bench_p26_wt_random,0,42,1,3600000000000,64,0,64,0,0,4194304,31,-1,134217728,65536,write,37859776,117654299,2423673,9539,3192587258,1240920576,1250295808,3600032379278,31.392060
40,bench_p26_wt,bench_p26_wt_random,0,42,1,3600000000000,64,0,64,0,0,4194304,31,-1,134217728,65536,stack,37859776,0,0,0,0,0,0,3312,31.392136
40,bench_p26_wt,bench_p26_wt_random,0,42,1,3600000000000,64,0,64,0,0,4194304,31,-1,134217728,65536,ctx,37859776,0,0,0,0,0,0,608,31.392167
40,bench_p26_wt,bench_p26_wt_random,0,42,1,3600000000000,64,0,64,0,0,4194304,31,-1,134217728,65536,heap,37859776,0,0,0,0,0,0,1296,31.392192
40,bench_p26_wt,bench_p26_wt_random,0,42,1,3600000000000,64,0,64,0,0,4194304,31,-1,134217728,65536,usage,37859776,0,0,0,0,0,0,15204352,31.392215
48,bench_p26_wt,bench_p26_wt_many,0,42,1,3600000000000,64,0,64,0,0,16384,31,-1,134217728,256,write,43368448,135233470,894119,3493,1975652169,457788928,457834496,3600001653867,51.768538
48,bench_p26_wt,bench_p26_wt_many,0,42,1,3600000000000,64,0,64,0,0,16384,31,-1,134217728,256,stack,43368448,0,0,0,0,0,0,3552,51.768672
48,bench_p26_wt,bench_p26_wt_many,0,42,1,3600000000000,64,0,64,0,0,16384,31,-1,134217728,256,ctx,43368448,0,0,0,0,0,0,848,51.768728
48,bench_p26_wt,bench_p26_wt_many,0,42,1,3600000000000,64,0,64,0,0,16384,31,-1,134217728,256,heap,43368448,0,0,0,0,0,0,1296,51.768775
48,bench_p26_wt,bench_p26_wt_many,0,42,1,3600000000000,64,0,64,0,0,16384,31,-1,134217728,256,usage,43368448,0,0,0,0,0,0,655360,51.768821
47,bench_p26_wt,bench_p26_wt_many,0,42,1,3600000000000,64,0,64,0,0,8192,31,-1,134217728,128,write,70318144,131271461,1250129,4884,2100615437,640066048,640155648,3600154939895,55.993930
47,bench_p26_wt,bench_p26_wt_many,0,42,1,3600000000000,64,0,64,0,0,8192,31,-1,134217728,128,stack,70318144,0,0,0,0,0,0,3552,55.994034
47,bench_p26_wt,bench_p26_wt_many,0,42,1,3600000000000,64,0,64,0,0,8192,31,-1,134217728,128,ctx,70318144,0,0,0,0,0,0,848,55.994087
47,bench_p26_wt,bench_p26_wt_many,0,42,1,3600000000000,64,0,64,0,0,8192,31,-1,134217728,128,heap,70318144,0,0,0,0,0,0,1296,55.994134
47,bench_p26_wt,bench_p26_wt_many,0,42,1,3600000000000,64,0,64,0,0,8192,31,-1,134217728,128,usage,70318144,0,0,0,0,0,0,655360,55.994179
46,bench_p26_wt,bench_p26_wt_many,0,42,1,3600000000000,64,0,64,0,0,4096,31,-1,134217728,64,write,101938176,126262920,1698897,6637,2258365573,869835264,869924864,3600001819615,57.935245
46,bench_p26_wt,bench_p26_wt_many,0,42,1,3600000000000,64,0,64,0,0,4096,31,-1,134217728,64,stack,101938176,0,0,0,0,0,0,3552,57.935346
46,bench_p26_wt,bench_p26_wt_many,0,42,1,3600000000000,64,0,64,0,0,4096,31,-1,134217728,64,ctx,101938176,0,0,0,0,0,0,848,57.935396
46,bench_p26_wt,bench_p26_wt_many,0,42,1,3600000000000,64,0,64,0,0,4096,31,-1,134217728,64,heap,101938176,0,0,0,0,0,0,1296,57.935453
46,bench_p26_wt,bench_p26_wt_many,0,42,1,3600000000000,64,0,64,0,0,4096,31,-1,134217728,64,usage,101938176,0,0,0,0,0,0,655360,57.935505
45,bench_p26_wt,bench_p26_wt_many,0,42,1,3600000000000,64,0,64,0,0,2048,31,-1,134217728,32,write,139563648,120102431,2251097,8794,2460392505,1152561664,1152647168,3600023273019,65.383798
45,bench_p26_wt,bench_p26_wt_many,0,42,1,3600000000000,64,0,64,0,0,2048,31,-1,134217728,32,stack,139563648,0,0,0,0,0,0,3552,65.383904
45,bench_p26_wt,bench_p26_wt_many,0,42,1,3600000000000,64,0,64,0,0,2048,31,-1,134217728,32,ctx,139563648,0,0,0,0,0,0,848,65.383956
45,bench_p26_wt,bench_p26_wt_many,0,42,1,3600000000000,64,0,64,0,0,2048,31,-1,134217728,32,heap,139563648,0,0,0,0,0,0,1296,65.384000
45,bench_p26_wt,bench_p26_wt_many,0,42,1,3600000000000,64,0,64,0,0,2048,31,-1,134217728,32,usage,139563648,0,0,0,0,0,0,655360,65.384043
44,bench_p26_wt,bench_p26_wt_many,0,42,1,3600000000000,64,0,64,0,0,1024,31,-1,134217728,16,write,184329216,112573673,2925952,11430,2704606570,1498087424,1498152960,3600000730846,71.104492
44,bench_p26_wt,bench_p26_wt_many,0,42,1,3600000000000,64,0,64,0,0,1024,31,-1,134217728,16,stack,184329216,0,0,0,0,0,0,3552,71.104599
44,bench_p26_wt,bench_p26_wt_many,0,42,1,3600000000000,64,0,64,0,0,1024,31,-1,134217728,16,ctx,184329216,0,0,0,0,0,0,848,71.104653
44,bench_p26_wt,bench_p26_wt_many,0,42,1,3600000000000,64,0,64,0,0,1024,31,-1,134217728,16,heap,184329216,0,0,0,0,0,0,1296,71.104708
44,bench_p26_wt,bench_p26_wt_many,0,42,1,3600000000000,64,0,64,0,0,1024,31,-1,134217728,16,usage,184329216,0,0,0,0,0,0,655360,71.104754
54,bench_p26_wt,bench_p26_wt_many,0,42,1,3600000000000,64,0,64,0,0,1048576,31,-1,134217728,16384,write,14267712,130962194,295051,1181,15924860680,151066112,154796032,3600011691928,190.474094
54,bench_p26_wt,bench_p26_wt_many,0,42,1,3600000000000,64,0,64,0,0,1048576,31,-1,134217728,16384,stack,14267712,0,0,0,0,0,0,3552,190.474218
54,bench_p26_wt,bench_p26_wt_many,0,42,1,3600000000000,64,0,64,0,0,1048576,31,-1,134217728,16384,ctx,14267712,0,0,0,0,0,0,848,190.474296
54,bench_p26_wt,bench_p26_wt_many,0,42,1,3600000000000,64,0,64,0,0,1048576,31,-1,134217728,16384,heap,14267712,0,0,0,0,0,0,1296,190.474351
54,bench_p26_wt,bench_p26_wt_many,0,42,1,3600000000000,64,0,64,0,0,1048576,31,-1,134217728,16384,usage,14267712,0,0,0,0,0,0,17563648,190.474401
50,bench_p26_wt,bench_p26_wt_many,0,42,1,3600000000000,64,0,64,0,0,65536,31,-1,134217728,1024,write,15728384,129515096,324250,1275,17387661003,166016000,167116800,3600005422353,203.778063
50,bench_p26_wt,bench_p26_wt_many,0,42,1,3600000000000,64,0,64,0,0,65536,31,-1,134217728,1024,stack,15728384,0,0,0,0,0,0,3552,203.778174
50,bench_p26_wt,bench_p26_wt_many,0,42,1,3600000000000,64,0,64,0,0,65536,31,-1,134217728,1024,ctx,15728384,0,0,0,0,0,0,848,203.778240
50,bench_p26_wt,bench_p26_wt_many,0,42,1,3600000000000,64,0,64,0,0,65536,31,-1,134217728,1024,heap,15728384,0,0,0,0,0,0,1296,203.778289
50,bench_p26_wt,bench_p26_wt_many,0,42,1,3600000000000,64,0,64,0,0,65536,31,-1,134217728,1024,usage,15728384,0,0,0,0,0,0,1835008,203.778338
59,bench_p26_wt,bench_p26_wt_many,0,42,1,3600000000000,64,0,64,0,0,33554432,31,-1,134217728,524288,write,10810176,135032795,234202,1098,11499166286,119911424,143917056,3600003977162,156.490724
59,bench_p26_wt,bench_p26_wt_many,0,42,1,3600000000000,64,0,64,0,0,33554432,31,-1,134217728,524288,stack,10810176,0,0,0,0,0,0,3552,156.490831
59,bench_p26_wt,bench_p26_wt_many,0,42,1,3600000000000,64,0,64,0,0,33554432,31,-1,134217728,524288,ctx,10810176,0,0,0,0,0,0,848,156.490884
59,bench_p26_wt,bench_p26_wt_many,0,42,1,3600000000000,64,0,64,0,0,33554432,31,-1,134217728,524288,heap,10810176,0,0,0,0,0,0,1296,156.490931
59,bench_p26_wt,bench_p26_wt_many,0,42,1,3600000000000,64,0,64,0,0,33554432,31,-1,134217728,524288,usage,10810176,0,0,0,0,0,0,132382720,156.490973
51,bench_p26_wt,bench_p26_wt_many,0,42,1,3600000000000,64,0,64,0,0,131072,31,-1,134217728,2048,write,15363584,129857948,316646,1247,17075490673,162122752,163446784,3600471189859,213.818655
51,bench_p26_wt,bench_p26_wt_many,0,42,1,3600000000000,64,0,64,0,0,131072,31,-1,134217728,2048,stack,15363584,0,0,0,0,0,0,3552,213.818758
51,bench_p26_wt,bench_p26_wt_many,0,42,1,3600000000000,64,0,64,0,0,131072,31,-1,134217728,2048,ctx,15363584,0,0,0,0,0,0,848,213.818810
51,bench_p26_wt,bench_p26_wt_many,0,42,1,3600000000000,64,0,64,0,0,131072,31,-1,134217728,2048,heap,15363584,0,0,0,0,0,0,1296,213.818855
51,bench_p26_wt,bench_p26_wt_many,0,42,1,3600000000000,64,0,64,0,0,131072,31,-1,134217728,2048,usage,15363584,0,0,0,0,0,0,2883584,213.818898
55,bench_p26_wt,bench_p26_wt_many,0,42,1,3600000000000,64,0,64,0,0,2097152,31,-1,134217728,32768,write,13888960,131420444,288750,1181,15417918233,147840000,154796032,3600006098651,215.003313
55,bench_p26_wt,bench_p26_wt_many,0,42,1,3600000000000,64,0,64,0,0,2097152,31,-1,134217728,32768,stack,13888960,0,0,0,0,0,0,3552,215.003419
55,bench_p26_wt,bench_p26_wt_many,0,42,1,3600000000000,64,0,64,0,0,2097152,31,-1,134217728,32768,ctx,13888960,0,0,0,0,0,0,848,215.003470
55,bench_p26_wt,bench_p26_wt_many,0,42,1,3600000000000,64,0,64,0,0,2097152,31,-1,134217728,32768,heap,13888960,0,0,0,0,0,0,1296,215.003513
55,bench_p26_wt,bench_p26_wt_many,0,42,1,3600000000000,64,0,64,0,0,2097152,31,-1,134217728,32768,usage,13888960,0,0,0,0,0,0,34603008,215.003556
49,bench_p26_wt,bench_p26_wt_many,0,42,1,3600000000000,64,0,64,0,0,32768,31,-1,134217728,512,write,15833472,129321775,326008,1281,17613042452,166916096,167903232,3600004758140,221.547459
49,bench_p26_wt,bench_p26_wt_many,0,42,1,3600000000000,64,0,64,0,0,32768,31,-1,134217728,512,stack,15833472,0,0,0,0,0,0,3552,221.547557
49,bench_p26_wt,bench_p26_wt_many,0,42,1,3600000000000,64,0,64,0,0,32768,31,-1,134217728,512,ctx,15833472,0,0,0,0,0,0,848,221.547608
49,bench_p26_wt,bench_p26_wt_many,0,42,1,3600000000000,64,0,64,0,0,32768,31,-1,134217728,512,heap,15833472,0,0,0,0,0,0,1296,221.547653
49,bench_p26_wt,bench_p26_wt_many,0,42,1,3600000000000,64,0,64,0,0,32768,31,-1,134217728,512,usage,15833472,0,0,0,0,0,0,1310720,221.547696
53,bench_p26_wt,bench_p26_wt_many,0,42,1,3600000000000,64,0,64,0,0,524288,31,-1,134217728,8192,write,14521536,130594365,300976,1192,16318627480,154099712,156237824,3600013157704,222.063041
53,bench_p26_wt,bench_p26_wt_many,0,42,1,3600000000000,64,0,64,0,0,524288,31,-1,134217728,8192,stack,14521536,0,0,0,0,0,0,3552,222.063130
53,bench_p26_wt,bench_p26_wt_many,0,42,1,3600000000000,64,0,64,0,0,524288,31,-1,134217728,8192,ctx,14521536,0,0,0,0,0,0,848,222.063187
53,bench_p26_wt,bench_p26_wt_many,0,42,1,3600000000000,64,0,64,0,0,524288,31,-1,134217728,8192,heap,14521536,0,0,0,0,0,0,1296,222.063224
53,bench_p26_wt,bench_p26_wt_many,0,42,1,3600000000000,64,0,64,0,0,524288,31,-1,134217728,8192,usage,14521536,0,0,0,0,0,0,9175040,222.063258
52,bench_p26_wt,bench_p26_wt_many,0,42,1,3600000000000,64,0,64,0,0,262144,31,-1,134217728,4096,write,15022528,130160484,309423,1221,16761004650,158424576,160038912,3600004986846,223.058470
52,bench_p26_wt,bench_p26_wt_many,0,42,1,3600000000000,64,0,64,0,0,262144,31,-1,134217728,4096,stack,15022528,0,0,0,0,0,0,3552,223.058551
52,bench_p26_wt,bench_p26_wt_many,0,42,1,3600000000000,64,0,64,0,0,262144,31,-1,134217728,4096,ctx,15022528,0,0,0,0,0,0,848,223.058591
52,bench_p26_wt,bench_p26_wt_many,0,42,1,3600000000000,64,0,64,0,0,262144,31,-1,134217728,4096,heap,15022528,0,0,0,0,0,0,1296,223.058624
52,bench_p26_wt,bench_p26_wt_many,0,42,1,3600000000000,64,0,64,0,0,262144,31,-1,134217728,4096,usage,15022528,0,0,0,0,0,0,4980736,223.058655
58,bench_p26_wt,bench_p26_wt_many,0,42,1,3600000000000,64,0,64,0,0,16777216,31,-1,134217728,262144,write,11343296,134235278,257816,1262,12762610282,132001792,165412864,3610861888990,168.622669
58,bench_p26_wt,bench_p26_wt_many,0,42,1,3600000000000,64,0,64,0,0,16777216,31,-1,134217728,262144,stack,11343296,0,0,0,0,0,0,3552,168.622754
58,bench_p26_wt,bench_p26_wt_many,0,42,1,3600000000000,64,0,64,0,0,16777216,31,-1,134217728,262144,ctx,11343296,0,0,0,0,0,0,848,168.631387
58,bench_p26_wt,bench_p26_wt_many,0,42,1,3600000000000,64,0,64,0,0,16777216,31,-1,134217728,262144,heap,11343296,0,0,0,0,0,0,1296,168.631440
58,bench_p26_wt,bench_p26_wt_many,0,42,1,3600000000000,64,0,64,0,0,16777216,31,-1,134217728,262144,usage,11343296,0,0,0,0,0,0,127926272,168.631477
57,bench_p26_wt,bench_p26_wt_many,0,42,1,3600000000000,64,0,64,0,0,8388608,31,-1,134217728,131072,write,12269888,132863172,269553,1260,13806139323,138011136,165150720,3600010868961,172.516016
57,bench_p26_wt,bench_p26_wt_many,0,42,1,3600000000000,64,0,64,0,0,8388608,31,-1,134217728,131072,stack,12269888,0,0,0,0,0,0,3552,172.516104
57,bench_p26_wt,bench_p26_wt_many,0,42,1,3600000000000,64,0,64,0,0,8388608,31,-1,134217728,131072,ctx,12269888,0,0,0,0,0,0,848,172.516141
57,bench_p26_wt,bench_p26_wt_many,0,42,1,3600000000000,64,0,64,0,0,8388608,31,-1,134217728,131072,heap,12269888,0,0,0,0,0,0,1296,172.516170
57,bench_p26_wt,bench_p26_wt_many,0,42,1,3600000000000,64,0,64,0,0,8388608,31,-1,134217728,131072,usage,12269888,0,0,0,0,0,0,107479040,172.516195
56,bench_p26_wt,bench_p26_wt_many,0,42,1,3600000000000,64,0,64,0,0,4194304,31,-1,134217728,65536,write,13576768,131876622,284362,1210,14885200093,145593344,158597120,3600013446247,173.549541
56,bench_p26_wt,bench_p26_wt_many,0,42,1,3600000000000,64,0,64,0,0,4194304,31,-1,134217728,65536,stack,13576768,0,0,0,0,0,0,3552,173.549613
56,bench_p26_wt,bench_p26_wt_many,0,42,1,3600000000000,64,0,64,0,0,4194304,31,-1,134217728,65536,ctx,13576768,0,0,0,0,0,0,848,173.549645
56,bench_p26_wt,bench_p26_wt_many,0,42,1,3600000000000,64,0,64,0,0,4194304,31,-1,134217728,65536,heap,13576768,0,0,0,0,0,0,1296,173.549672
56,bench_p26_wt,bench_p26_wt_many,0,42,1,3600000000000,64,0,64,0,0,4194304,31,-1,134217728,65536,usage,13576768,0,0,0,0,0,0,67108864,173.549696
71,bench_p26_wt,bench_p26_wt_logging,0,42,1,3600000000000,64,0,64,0,0,2097152,31,-1,134217728,32768,write,21401152,110040039,3085959,12592,3675604593,1580011008,1650458624,3600002946147,69.074087
71,bench_p26_wt,bench_p26_wt_logging,0,42,1,3600000000000,64,0,64,0,0,2097152,31,-1,134217728,32768,stack,21401152,0,0,0,0,0,0,3328,69.074201
71,bench_p26_wt,bench_p26_wt_logging,0,42,1,3600000000000,64,0,64,0,0,2097152,31,-1,134217728,32768,ctx,21401152,0,0,0,0,0,0,624,69.074252
71,bench_p26_wt,bench_p26_wt_logging,0,42,1,3600000000000,64,0,64,0,0,2097152,31,-1,134217728,32768,heap,21401152,0,0,0,0,0,0,1296,69.074296
71,bench_p26_wt,bench_p26_wt_logging,0,42,1,3600000000000,64,0,64,0,0,2097152,31,-1,134217728,32768,usage,21401152,0,0,0,0,0,0,9175040,69.074348
65,bench_p26_wt,bench_p26_wt_logging,0,42,1,3600000000000,64,0,64,0,0,32768,31,-1,134217728,512,write,52028672,94593208,4514067,17691,3616778952,2311202304,2318794752,3600002969304,72.452464
65,bench_p26_wt,bench_p26_wt_logging,0,42,1,3600000000000,64,0,64,0,0,32768,31,-1,134217728,512,stack,52028672,0,0,0,0,0,0,3328,72.452570
65,bench_p26_wt,bench_p26_wt_logging,0,42,1,3600000000000,64,0,64,0,0,32768,31,-1,134217728,512,ctx,52028672,0,0,0,0,0,0,624,72.452632
65,bench_p26_wt,bench_p26_wt_logging,0,42,1,3600000000000,64,0,64,0,0,32768,31,-1,134217728,512,heap,52028672,0,0,0,0,0,0,1296,72.452677
65,bench_p26_wt,bench_p26_wt_logging,0,42,1,3600000000000,64,0,64,0,0,32768,31,-1,134217728,512,usage,52028672,0,0,0,0,0,0,786432,72.452723
70,bench_p26_wt,bench_p26_wt_logging,0,42,1,3600000000000,64,0,64,0,0,1048576,31,-1,134217728,16384,write,23758336,105708151,3465418,14134,3934903789,1774294016,1852571648,3600002331799,73.063577
70,bench_p26_wt,bench_p26_wt_logging,0,42,1,3600000000000,64,0,64,0,0,1048576,31,-1,134217728,16384,stack,23758336,0,0,0,0,0,0,3328,73.063676
70,bench_p26_wt,bench_p26_wt_logging,0,42,1,3600000000000,64,0,64,0,0,1048576,31,-1,134217728,16384,ctx,23758336,0,0,0,0,0,0,624,73.063725
70,bench_p26_wt,bench_p26_wt_logging,0,42,1,3600000000000,64,0,64,0,0,1048576,31,-1,134217728,16384,heap,23758336,0,0,0,0,0,0,1296,73.063766
70,bench_p26_wt,bench_p26_wt_logging,0,42,1,3600000000000,64,0,64,0,0,1048576,31,-1,134217728,16384,usage,23758336,0,0,0,0,0,0,4849664,73.063807
68,bench_p26_wt,bench_p26_wt_logging,0,42,1,3600000000000,64,0,64,0,0,262144,31,-1,134217728,4096,write,26642880,100623064,3910759,15947,4240486170,2002308608,2090205184,3600005200110,74.054299
68,bench_p26_wt,bench_p26_wt_logging,0,42,1,3600000000000,64,0,64,0,0,262144,31,-1,134217728,4096,stack,26642880,0,0,0,0,0,0,3328,74.054390
68,bench_p26_wt,bench_p26_wt_logging,0,42,1,3600000000000,64,0,64,0,0,262144,31,-1,134217728,4096,ctx,26642880,0,0,0,0,0,0,624,74.054438
68,bench_p26_wt,bench_p26_wt_logging,0,42,1,3600000000000,64,0,64,0,0,262144,31,-1,134217728,4096,heap,26642880,0,0,0,0,0,0,1296,74.054479
68,bench_p26_wt,bench_p26_wt_logging,0,42,1,3600000000000,64,0,64,0,0,262144,31,-1,134217728,4096,usage,26642880,0,0,0,0,0,0,1572864,74.054520
69,bench_p26_wt,bench_p26_wt_logging,0,42,1,3600000000000,64,0,64,0,0,524288,31,-1,134217728,8192,write,25481024,102661470,3732160,15220,4119175835,1910865920,1994915840,3600005386625,74.382899
69,bench_p26_wt,bench_p26_wt_logging,0,42,1,3600000000000,64,0,64,0,0,524288,31,-1,134217728,8192,stack,25481024,0,0,0,0,0,0,3328,74.382998
69,bench_p26_wt,bench_p26_wt_logging,0,42,1,3600000000000,64,0,64,0,0,524288,31,-1,134217728,8192,ctx,25481024,0,0,0,0,0,0,624,74.383045
69,bench_p26_wt,bench_p26_wt_logging,0,42,1,3600000000000,64,0,64,0,0,524288,31,-1,134217728,8192,heap,25481024,0,0,0,0,0,0,1296,74.383087
69,bench_p26_wt,bench_p26_wt_logging,0,42,1,3600000000000,64,0,64,0,0,524288,31,-1,134217728,8192,usage,25481024,0,0,0,0,0,0,2752512,74.383127
67,bench_p26_wt,bench_p26_wt_logging,0,42,1,3600000000000,64,0,64,0,0,131072,31,-1,134217728,2048,write,27616768,98969343,4055384,16537,4342337085,2076356608,2167537664,3600000843399,75.697349
67,bench_p26_wt,bench_p26_wt_logging,0,42,1,3600000000000,64,0,64,0,0,131072,31,-1,134217728,2048,stack,27616768,0,0,0,0,0,0,3328,75.697457
67,bench_p26_wt,bench_p26_wt_logging,0,42,1,3600000000000,64,0,64,0,0,131072,31,-1,134217728,2048,ctx,27616768,0,0,0,0,0,0,624,75.697506
67,bench_p26_wt,bench_p26_wt_logging,0,42,1,3600000000000,64,0,64,0,0,131072,31,-1,134217728,2048,heap,27616768,0,0,0,0,0,0,1296,75.697551
67,bench_p26_wt,bench_p26_wt_logging,0,42,1,3600000000000,64,0,64,0,0,131072,31,-1,134217728,2048,usage,27616768,0,0,0,0,0,0,1179648,75.697596
64,bench_p26_wt,bench_p26_wt_logging,0,42,1,3600000000000,64,0,64,0,0,16384,31,-1,134217728,256,write,70822528,86039328,5278560,20923,3901752015,2702622720,2742419456,3600001824093,76.442790
64,bench_p26_wt,bench_p26_wt_logging,0,42,1,3600000000000,64,0,64,0,0,16384,31,-1,134217728,256,stack,70822528,0,0,0,0,0,0,3328,76.442911
64,bench_p26_wt,bench_p26_wt_logging,0,42,1,3600000000000,64,0,64,0,0,16384,31,-1,134217728,256,ctx,70822528,0,0,0,0,0,0,624,76.442959
64,bench_p26_wt,bench_p26_wt_logging,0,42,1,3600000000000,64,0,64,0,0,16384,31,-1,134217728,256,heap,70822528,0,0,0,0,0,0,1296,76.443018
64,bench_p26_wt,bench_p26_wt_logging,0,42,1,3600000000000,64,0,64,0,0,16384,31,-1,134217728,256,usage,70822528,0,0,0,0,0,0,786432,76.443060
66,bench_p26_wt,bench_p26_wt_logging,0,42,1,3600000000000,64,0,64,0,0,65536,31,-1,134217728,1024,write,31157376,96760285,4251011,16729,4507319738,2176517632,2192703488,3600004830926,76.826196
66,bench_p26_wt,bench_p26_wt_logging,0,42,1,3600000000000,64,0,64,0,0,65536,31,-1,134217728,1024,stack,31157376,0,0,0,0,0,0,3328,76.826281
66,bench_p26_wt,bench_p26_wt_logging,0,42,1,3600000000000,64,0,64,0,0,65536,31,-1,134217728,1024,ctx,31157376,0,0,0,0,0,0,624,76.826320
66,bench_p26_wt,bench_p26_wt_logging,0,42,1,3600000000000,64,0,64,0,0,65536,31,-1,134217728,1024,heap,31157376,0,0,0,0,0,0,1296,76.826352
66,bench_p26_wt,bench_p26_wt_logging,0,42,1,3600000000000,64,0,64,0,0,65536,31,-1,134217728,1024,usage,31157376,0,0,0,0,0,0,917504,76.826384
63,bench_p26_wt,bench_p26_wt_logging,0,42,1,3600000000000,64,0,64,0,0,8192,31,-1,134217728,128,write,80636928,82728062,5574226,22043,4029843132,2854003712,2889220096,3600010054644,77.771148
63,bench_p26_wt,bench_p26_wt_logging,0,42,1,3600000000000,64,0,64,0,0,8192,31,-1,134217728,128,stack,80636928,0,0,0,0,0,0,3328,77.771236
63,bench_p26_wt,bench_p26_wt_logging,0,42,1,3600000000000,64,0,64,0,0,8192,31,-1,134217728,128,ctx,80636928,0,0,0,0,0,0,624,77.771282
63,bench_p26_wt,bench_p26_wt_logging,0,42,1,3600000000000,64,0,64,0,0,8192,31,-1,134217728,128,heap,80636928,0,0,0,0,0,0,1296,77.771325
63,bench_p26_wt,bench_p26_wt_logging,0,42,1,3600000000000,64,0,64,0,0,8192,31,-1,134217728,128,usage,80636928,0,0,0,0,0,0,786432,77.771359
62,bench_p26_wt,bench_p26_wt_logging,0,42,1,3600000000000,64,0,64,0,0,4096,31,-1,134217728,64,write,81346624,81530347,5677001,22406,4136921889,2906624512,2936799232,3600001939827,80.485624
62,bench_p26_wt,bench_p26_wt_logging,0,42,1,3600000000000,64,0,64,0,0,4096,31,-1,134217728,64,stack,81346624,0,0,0,0,0,0,3328,80.485710
62,bench_p26_wt,bench_p26_wt_logging,0,42,1,3600000000000,64,0,64,0,0,4096,31,-1,134217728,64,ctx,81346624,0,0,0,0,0,0,624,80.485751
62,bench_p26_wt,bench_p26_wt_logging,0,42,1,3600000000000,64,0,64,0,0,4096,31,-1,134217728,64,heap,81346624,0,0,0,0,0,0,1296,80.485789
62,bench_p26_wt,bench_p26_wt_logging,0,42,1,3600000000000,64,0,64,0,0,4096,31,-1,134217728,64,usage,81346624,0,0,0,0,0,0,655360,80.485824
61,bench_p26_wt,bench_p26_wt_logging,0,42,1,3600000000000,64,0,64,0,0,2048,31,-1,134217728,32,write,100638336,69976720,6709377,26208,4583092399,3435201024,3435134976,3600000570109,84.920877
61,bench_p26_wt,bench_p26_wt_logging,0,42,1,3600000000000,64,0,64,0,0,2048,31,-1,134217728,32,stack,100638336,0,0,0,0,0,0,3328,84.920954
61,bench_p26_wt,bench_p26_wt_logging,0,42,1,3600000000000,64,0,64,0,0,2048,31,-1,134217728,32,ctx,100638336,0,0,0,0,0,0,624,84.920992
61,bench_p26_wt,bench_p26_wt_logging,0,42,1,3600000000000,64,0,64,0,0,2048,31,-1,134217728,32,heap,100638336,0,0,0,0,0,0,1296,84.921024
61,bench_p26_wt,bench_p26_wt_logging,0,42,1,3600000000000,64,0,64,0,0,2048,31,-1,134217728,32,usage,100638336,0,0,0,0,0,0,655360,84.921052
60,bench_p26_wt,bench_p26_wt_logging,0,42,1,3600000000000,64,0,64,0,0,1024,31,-1,134217728,16,write,113758080,61672856,7452499,29139,4867917151,3815679488,3819307008,3600001640461,86.524096
60,bench_p26_wt,bench_p26_wt_logging,0,42,1,3600000000000,64,0,64,0,0,1024,31,-1,134217728,16,stack,113758080,0,0,0,0,0,0,3328,86.524183
60,bench_p26_wt,bench_p26_wt_logging,0,42,1,3600000000000,64,0,64,0,0,1024,31,-1,134217728,16,ctx,113758080,0,0,0,0,0,0,624,86.524221
60,bench_p26_wt,bench_p26_wt_logging,0,42,1,3600000000000,64,0,64,0,0,1024,31,-1,134217728,16,heap,113758080,0,0,0,0,0,0,1296,86.524251
60,bench_p26_wt,bench_p26_wt_logging,0,42,1,3600000000000,64,0,64,0,0,1024,31,-1,134217728,16,usage,113758080,0,0,0,0,0,0,655360,86.524290
75,bench_p26_wt,bench_p26_wt_logging,0,42,1,3600000000000,64,0,64,0,0,33554432,31,-1,134217728,524288,write,21744320,119640099,2250077,9317,3063559840,1152039424,1221197824,3600884665312,30.931698
75,bench_p26_wt,bench_p26_wt_logging,0,42,1,3600000000000,64,0,64,0,0,33554432,31,-1,134217728,524288,stack,21744320,0,0,0,0,0,0,3328,30.931789
75,bench_p26_wt,bench_p26_wt_logging,0,42,1,3600000000000,64,0,64,0,0,33554432,31,-1,134217728,524288,ctx,21744320,0,0,0,0,0,0,624,30.931831
75,bench_p26_wt,bench_p26_wt_logging,0,42,1,3600000000000,64,0,64,0,0,33554432,31,-1,134217728,524288,heap,21744320,0,0,0,0,0,0,1296,30.931864
75,bench_p26_wt,bench_p26_wt_logging,0,42,1,3600000000000,64,0,64,0,0,33554432,31,-1,134217728,524288,usage,21744320,0,0,0,0,0,0,89784320,30.931893
74,bench_p26_wt,bench_p26_wt_logging,0,42,1,3600000000000,64,0,64,0,0,16777216,31,-1,134217728,262144,write,20450688,119120565,2292086,9453,3101382468,1173548032,1239023616,3600007478796,31.028434
74,bench_p26_wt,bench_p26_wt_logging,0,42,1,3600000000000,64,0,64,0,0,16777216,31,-1,134217728,262144,stack,20450688,0,0,0,0,0,0,3328,31.028514
74,bench_p26_wt,bench_p26_wt_logging,0,42,1,3600000000000,64,0,64,0,0,16777216,31,-1,134217728,262144,ctx,20450688,0,0,0,0,0,0,624,31.028550
74,bench_p26_wt,bench_p26_wt_logging,0,42,1,3600000000000,64,0,64,0,0,16777216,31,-1,134217728,262144,heap,20450688,0,0,0,0,0,0,1296,31.028580
74,bench_p26_wt,bench_p26_wt_logging,0,42,1,3600000000000,64,0,64,0,0,16777216,31,-1,134217728,262144,usage,20450688,0,0,0,0,0,0,69468160,31.028609
73,bench_p26_wt,bench_p26_wt_logging,0,42,1,3600000000000,64,0,64,0,0,8388608,31,-1,134217728,131072,write,20079232,115418253,2615853,10717,3339057493,1339316736,1404698624,3600065142607,32.005157
73,bench_p26_wt,bench_p26_wt_logging,0,42,1,3600000000000,64,0,64,0,0,8388608,31,-1,134217728,131072,stack,20079232,0,0,0,0,0,0,3328,32.005237
73,bench_p26_wt,bench_p26_wt_logging,0,42,1,3600000000000,64,0,64,0,0,8388608,31,-1,134217728,131072,ctx,20079232,0,0,0,0,0,0,624,32.005271
73,bench_p26_wt,bench_p26_wt_logging,0,42,1,3600000000000,64,0,64,0,0,8388608,31,-1,134217728,131072,heap,20079232,0,0,0,0,0,0,1296,32.005297
73,bench_p26_wt,bench_p26_wt_logging,0,42,1,3600000000000,64,0,64,0,0,8388608,31,-1,134217728,131072,usage,20079232,0,0,0,0,0,0,34996224,32.005323
72,bench_p26_wt,bench_p26_wt_logging,0,42,1,3600000000000,64,0,64,0,0,4194304,31,-1,134217728,65536,write,18084992,116493656,2520272,10296,3294115688,1290379264,1349517312,3600001334456,31.512502
72,bench_p26_wt,bench_p26_wt_logging,0,42,1,3600000000000,64,0,64,0,0,4194304,31,-1,134217728,65536,stack,18084992,0,0,0,0,0,0,3328,31.512573
72,bench_p26_wt,bench_p26_wt_logging,0,42,1,3600000000000,64,0,64,0,0,4194304,31,-1,134217728,65536,ctx,18084992,0,0,0,0,0,0,624,31.512603
72,bench_p26_wt,bench_p26_wt_logging,0,42,1,3600000000000,64,0,64,0,0,4194304,31,-1,134217728,65536,heap,18084992,0,0,0,0,0,0,1296,31.512627
72,bench_p26_wt,bench_p26_wt_logging,0,42,1,3600000000000,64,0,64,0,0,4194304,31,-1,134217728,65536,usage,18084992,0,0,0,0,0,0,17825792,31.512650
